Month,Year,RoadSurface,Weather,NoofCollisions,NoofInjured,NoofFatalities,Season
January,2010,"Dry, normal",Clear and sunny,2954,4102,50,Winter
January,2010,"Dry, normal","Overcast, cloudy but no precipitation",352,485,9,Winter
January,2010,"Dry, normal",Raining,9,10,0,Winter
January,2010,"Dry, normal","Snowing, not including drifting snow",6,6,1,Winter
January,2010,"Dry, normal","Freezing rain, sleet, hail",1,1,0,Winter
January,2010,"Dry, normal",Visibility limitation,12,14,0,Winter
January,2010,"Dry, normal",Strong wind,12,18,0,Winter
January,2010,"Dry, normal",Other,4,5,0,Winter
January,2010,"Dry, normal",Clear and sunny,3,6,0,Winter
January,2010,Wet,Clear and sunny,1029,1458,19,Winter
January,2010,Wet,"Overcast, cloudy but no precipitation",528,695,7,Winter
January,2010,Wet,Raining,571,758,8,Winter
January,2010,Wet,"Snowing, not including drifting snow",178,244,4,Winter
January,2010,Wet,"Freezing rain, sleet, hail",9,14,0,Winter
January,2010,Wet,Visibility limitation,40,56,2,Winter
January,2010,Wet,Strong wind,7,10,0,Winter
January,2010,Wet,Other,7,7,0,Winter
January,2010,Wet,Clear and sunny,4,4,0,Winter
January,2010,"Snow (fresh, loose snow)",Clear and sunny,342,428,2,Winter
January,2010,"Snow (fresh, loose snow)","Overcast, cloudy but no precipitation",199,279,7,Winter
January,2010,"Snow (fresh, loose snow)",Raining,11,18,0,Winter
January,2010,"Snow (fresh, loose snow)","Snowing, not including drifting snow",675,928,5,Winter
January,2010,"Snow (fresh, loose snow)","Freezing rain, sleet, hail",1,2,0,Winter
January,2010,"Snow (fresh, loose snow)",Visibility limitation,84,114,1,Winter
January,2010,"Snow (fresh, loose snow)",Strong wind,12,15,0,Winter
January,2010,"Snow (fresh, loose snow)",Other,1,1,0,Winter
January,2010,"Snow (fresh, loose snow)",Clear and sunny,5,9,0,Winter
January,2010,"Slush, wet snow",Clear and sunny,86,126,1,Winter
January,2010,"Slush, wet snow","Overcast, cloudy but no precipitation",26,28,0,Winter
January,2010,"Slush, wet snow",Raining,6,5,1,Winter
January,2010,"Slush, wet snow","Snowing, not including drifting snow",121,166,3,Winter
January,2010,"Slush, wet snow","Freezing rain, sleet, hail",8,10,0,Winter
January,2010,"Slush, wet snow",Visibility limitation,6,7,0,Winter
January,2010,"Slush, wet snow",Strong wind,1,1,0,Winter
January,2010,Icy,Clear and sunny,612,808,8,Winter
January,2010,Icy,"Overcast, cloudy but no precipitation",228,301,3,Winter
January,2010,Icy,Raining,68,88,1,Winter
January,2010,Icy,"Snowing, not including drifting snow",289,396,3,Winter
January,2010,Icy,"Freezing rain, sleet, hail",94,117,3,Winter
January,2010,Icy,Visibility limitation,86,115,2,Winter
January,2010,Icy,Strong wind,23,28,0,Winter
January,2010,Icy,Other,4,4,1,Winter
January,2010,Icy,Clear and sunny,18,21,0,Winter
January,2010,Sand/gravel/dirt,Clear and sunny,11,14,0,Winter
January,2010,Sand/gravel/dirt,"Overcast, cloudy but no precipitation",2,3,0,Winter
January,2010,Sand/gravel/dirt,Visibility limitation,1,1,0,Winter
January,2010,Muddy,Clear and sunny,2,2,0,Winter
January,2010,Muddy,"Overcast, cloudy but no precipitation",1,1,0,Winter
January,2010,Other,Clear and sunny,510,666,7,Winter
January,2010,Other,"Overcast, cloudy but no precipitation",5,6,1,Winter
January,2010,Other,Raining,5,7,0,Winter
January,2010,Other,"Snowing, not including drifting snow",185,260,3,Winter
January,2010,Other,"Freezing rain, sleet, hail",11,16,0,Winter
January,2010,Other,Visibility limitation,19,27,3,Winter
January,2010,Other,Strong wind,8,11,0,Winter
January,2010,Other,Other,15,17,1,Winter
January,2010,Other,Clear and sunny,16,19,2,Winter
January,2010,Wet,Clear and sunny,34,35,0,Winter
January,2010,Wet,"Overcast, cloudy but no precipitation",4,4,0,Winter
January,2010,Wet,Raining,3,3,0,Winter
January,2010,Wet,"Snowing, not including drifting snow",5,8,0,Winter
January,2010,Wet,"Freezing rain, sleet, hail",3,5,0,Winter
January,2010,Wet,Visibility limitation,1,4,0,Winter
January,2010,Wet,Strong wind,2,5,0,Winter
January,2010,Wet,Other,1,2,0,Winter
January,2010,Wet,Clear and sunny,106,120,0,Winter
January,2011,"Dry, normal",Clear and sunny,2321,3194,29,Winter
January,2011,"Dry, normal","Overcast, cloudy but no precipitation",307,408,4,Winter
January,2011,"Dry, normal",Raining,6,9,0,Winter
January,2011,"Dry, normal","Snowing, not including drifting snow",10,14,0,Winter
January,2011,"Dry, normal","Freezing rain, sleet, hail",1,1,0,Winter
January,2011,"Dry, normal",Visibility limitation,10,13,1,Winter
January,2011,"Dry, normal",Strong wind,7,8,0,Winter
January,2011,"Dry, normal",Other,8,12,0,Winter
January,2011,"Dry, normal",Clear and sunny,9,10,0,Winter
January,2011,Wet,Clear and sunny,1335,1885,12,Winter
January,2011,Wet,"Overcast, cloudy but no precipitation",453,610,7,Winter
January,2011,Wet,Raining,416,553,2,Winter
January,2011,Wet,"Snowing, not including drifting snow",249,359,2,Winter
January,2011,Wet,"Freezing rain, sleet, hail",14,21,0,Winter
January,2011,Wet,Visibility limitation,48,71,0,Winter
January,2011,Wet,Strong wind,3,4,0,Winter
January,2011,Wet,Other,9,12,0,Winter
January,2011,Wet,Clear and sunny,3,5,0,Winter
January,2011,"Snow (fresh, loose snow)",Clear and sunny,456,599,5,Winter
January,2011,"Snow (fresh, loose snow)","Overcast, cloudy but no precipitation",217,292,0,Winter
January,2011,"Snow (fresh, loose snow)",Raining,9,10,0,Winter
January,2011,"Snow (fresh, loose snow)","Snowing, not including drifting snow",1107,1501,16,Winter
January,2011,"Snow (fresh, loose snow)",Visibility limitation,98,144,1,Winter
January,2011,"Snow (fresh, loose snow)",Strong wind,10,12,1,Winter
January,2011,"Snow (fresh, loose snow)",Other,1,1,0,Winter
January,2011,"Snow (fresh, loose snow)",Clear and sunny,6,7,1,Winter
January,2011,"Slush, wet snow",Clear and sunny,198,263,2,Winter
January,2011,"Slush, wet snow","Overcast, cloudy but no precipitation",78,102,0,Winter
January,2011,"Slush, wet snow",Raining,19,23,0,Winter
January,2011,"Slush, wet snow","Snowing, not including drifting snow",233,344,2,Winter
January,2011,"Slush, wet snow","Freezing rain, sleet, hail",10,12,0,Winter
January,2011,"Slush, wet snow",Visibility limitation,12,17,0,Winter
January,2011,"Slush, wet snow",Strong wind,2,5,0,Winter
January,2011,"Slush, wet snow",Other,1,1,0,Winter
January,2011,Icy,Clear and sunny,929,1203,10,Winter
January,2011,Icy,"Overcast, cloudy but no precipitation",345,476,2,Winter
January,2011,Icy,Raining,20,25,0,Winter
January,2011,Icy,"Snowing, not including drifting snow",515,696,10,Winter
January,2011,Icy,"Freezing rain, sleet, hail",31,41,0,Winter
January,2011,Icy,Visibility limitation,98,135,0,Winter
January,2011,Icy,Strong wind,28,32,2,Winter
January,2011,Icy,Other,6,8,0,Winter
January,2011,Icy,Clear and sunny,76,89,0,Winter
January,2011,Sand/gravel/dirt,Clear and sunny,8,8,2,Winter
January,2011,Sand/gravel/dirt,Visibility limitation,1,1,0,Winter
January,2011,Muddy,Clear and sunny,3,3,0,Winter
January,2011,Muddy,"Overcast, cloudy but no precipitation",1,1,0,Winter
January,2011,Muddy,Raining,1,1,0,Winter
January,2011,Other,Clear and sunny,647,828,6,Winter
January,2011,Other,Raining,16,19,1,Winter
January,2011,Other,"Snowing, not including drifting snow",470,659,13,Winter
January,2011,Other,"Freezing rain, sleet, hail",3,3,0,Winter
January,2011,Other,Visibility limitation,3,9,0,Winter
January,2011,Other,Strong wind,23,35,0,Winter
January,2011,Other,Other,21,25,1,Winter
January,2011,Other,Clear and sunny,23,27,0,Winter
January,2011,Wet,Clear and sunny,19,25,0,Winter
January,2011,Wet,"Overcast, cloudy but no precipitation",6,7,0,Winter
January,2011,Wet,Raining,1,2,0,Winter
January,2011,Wet,"Snowing, not including drifting snow",9,13,0,Winter
January,2011,Wet,"Freezing rain, sleet, hail",2,2,0,Winter
January,2011,Wet,Visibility limitation,1,1,0,Winter
January,2011,Wet,Other,3,5,0,Winter
January,2011,Wet,Clear and sunny,74,90,0,Winter
January,2012,"Dry, normal",Clear and sunny,2906,3894,46,Winter
January,2012,"Dry, normal","Overcast, cloudy but no precipitation",266,358,4,Winter
January,2012,"Dry, normal",Raining,7,8,0,Winter
January,2012,"Dry, normal","Snowing, not including drifting snow",13,18,1,Winter
January,2012,"Dry, normal","Freezing rain, sleet, hail",1,1,0,Winter
January,2012,"Dry, normal",Visibility limitation,9,11,0,Winter
January,2012,"Dry, normal",Strong wind,13,16,0,Winter
January,2012,"Dry, normal",Other,6,10,0,Winter
January,2012,"Dry, normal",Clear and sunny,22,28,1,Winter
January,2012,Wet,Clear and sunny,1093,1512,13,Winter
January,2012,Wet,"Overcast, cloudy but no precipitation",374,517,5,Winter
January,2012,Wet,Raining,585,755,5,Winter
January,2012,Wet,"Snowing, not including drifting snow",153,222,0,Winter
January,2012,Wet,"Freezing rain, sleet, hail",14,19,0,Winter
January,2012,Wet,Visibility limitation,21,24,2,Winter
January,2012,Wet,Strong wind,12,19,1,Winter
January,2012,Wet,Other,5,6,0,Winter
January,2012,Wet,Clear and sunny,7,7,0,Winter
January,2012,"Snow (fresh, loose snow)",Clear and sunny,296,368,0,Winter
January,2012,"Snow (fresh, loose snow)","Overcast, cloudy but no precipitation",192,252,3,Winter
January,2012,"Snow (fresh, loose snow)",Raining,12,15,0,Winter
January,2012,"Snow (fresh, loose snow)","Snowing, not including drifting snow",832,1165,7,Winter
January,2012,"Snow (fresh, loose snow)","Freezing rain, sleet, hail",6,10,0,Winter
January,2012,"Snow (fresh, loose snow)",Visibility limitation,108,141,2,Winter
January,2012,"Snow (fresh, loose snow)",Strong wind,13,20,0,Winter
January,2012,"Snow (fresh, loose snow)",Other,1,1,0,Winter
January,2012,"Snow (fresh, loose snow)",Clear and sunny,5,5,0,Winter
January,2012,"Slush, wet snow",Clear and sunny,161,209,3,Winter
January,2012,"Slush, wet snow","Overcast, cloudy but no precipitation",118,150,0,Winter
January,2012,"Slush, wet snow",Raining,43,52,2,Winter
January,2012,"Slush, wet snow","Snowing, not including drifting snow",227,287,2,Winter
January,2012,"Slush, wet snow","Freezing rain, sleet, hail",43,51,1,Winter
January,2012,"Slush, wet snow",Visibility limitation,10,17,0,Winter
January,2012,"Slush, wet snow",Strong wind,4,4,0,Winter
January,2012,"Slush, wet snow",Clear and sunny,6,8,0,Winter
January,2012,Icy,Clear and sunny,1051,1345,15,Winter
January,2012,Icy,"Overcast, cloudy but no precipitation",317,432,8,Winter
January,2012,Icy,Raining,64,76,0,Winter
January,2012,Icy,"Snowing, not including drifting snow",557,781,7,Winter
January,2012,Icy,"Freezing rain, sleet, hail",110,142,4,Winter
January,2012,Icy,Visibility limitation,80,119,0,Winter
January,2012,Icy,Strong wind,26,33,0,Winter
January,2012,Icy,Other,7,10,0,Winter
January,2012,Icy,Clear and sunny,40,49,0,Winter
January,2012,Sand/gravel/dirt,Clear and sunny,7,8,0,Winter
January,2012,Sand/gravel/dirt,"Overcast, cloudy but no precipitation",6,7,0,Winter
January,2012,Sand/gravel/dirt,"Freezing rain, sleet, hail",1,1,0,Winter
January,2012,Sand/gravel/dirt,Visibility limitation,1,1,0,Winter
January,2012,Muddy,Clear and sunny,5,8,0,Winter
January,2012,Oil,Clear and sunny,1,1,0,Winter
January,2012,Other,Clear and sunny,433,549,9,Winter
January,2012,Other,"Overcast, cloudy but no precipitation",2,3,1,Winter
January,2012,Other,Raining,14,14,2,Winter
January,2012,Other,"Snowing, not including drifting snow",117,149,3,Winter
January,2012,Other,"Freezing rain, sleet, hail",4,4,0,Winter
January,2012,Other,Visibility limitation,6,5,1,Winter
January,2012,Other,Other,14,20,0,Winter
January,2012,Other,Clear and sunny,14,20,0,Winter
January,2012,Wet,Clear and sunny,25,30,0,Winter
January,2012,Wet,"Overcast, cloudy but no precipitation",10,12,0,Winter
January,2012,Wet,Raining,1,1,0,Winter
January,2012,Wet,"Snowing, not including drifting snow",5,6,0,Winter
January,2012,Wet,"Freezing rain, sleet, hail",1,1,0,Winter
January,2012,Wet,Other,1,1,0,Winter
January,2012,Wet,Clear and sunny,48,56,0,Winter
January,2013,"Dry, normal",Clear and sunny,2655,3618,32,Winter
January,2013,"Dry, normal","Overcast, cloudy but no precipitation",272,359,10,Winter
January,2013,"Dry, normal",Raining,4,7,0,Winter
January,2013,"Dry, normal","Snowing, not including drifting snow",5,6,0,Winter
January,2013,"Dry, normal",Visibility limitation,17,23,0,Winter
January,2013,"Dry, normal",Strong wind,16,19,0,Winter
January,2013,"Dry, normal",Other,5,7,0,Winter
January,2013,"Dry, normal",Clear and sunny,5,6,0,Winter
January,2013,Wet,Clear and sunny,945,1306,8,Winter
January,2013,Wet,"Overcast, cloudy but no precipitation",403,523,6,Winter
January,2013,Wet,Raining,506,661,5,Winter
January,2013,Wet,"Snowing, not including drifting snow",134,173,0,Winter
January,2013,Wet,"Freezing rain, sleet, hail",16,25,0,Winter
January,2013,Wet,Visibility limitation,93,116,6,Winter
January,2013,Wet,Strong wind,14,26,0,Winter
January,2013,Wet,Other,6,8,0,Winter
January,2013,Wet,Clear and sunny,11,16,0,Winter
January,2013,"Snow (fresh, loose snow)",Clear and sunny,398,527,1,Winter
January,2013,"Snow (fresh, loose snow)","Overcast, cloudy but no precipitation",139,189,6,Winter
January,2013,"Snow (fresh, loose snow)",Raining,7,9,0,Winter
January,2013,"Snow (fresh, loose snow)","Snowing, not including drifting snow",690,927,16,Winter
January,2013,"Snow (fresh, loose snow)","Freezing rain, sleet, hail",5,5,0,Winter
January,2013,"Snow (fresh, loose snow)",Visibility limitation,102,161,1,Winter
January,2013,"Snow (fresh, loose snow)",Strong wind,16,24,0,Winter
January,2013,"Snow (fresh, loose snow)",Clear and sunny,10,12,1,Winter
January,2013,"Slush, wet snow",Clear and sunny,156,207,2,Winter
January,2013,"Slush, wet snow","Overcast, cloudy but no precipitation",56,82,0,Winter
January,2013,"Slush, wet snow",Raining,26,36,0,Winter
January,2013,"Slush, wet snow","Snowing, not including drifting snow",145,186,0,Winter
January,2013,"Slush, wet snow","Freezing rain, sleet, hail",18,23,0,Winter
January,2013,"Slush, wet snow",Visibility limitation,10,13,0,Winter
January,2013,"Slush, wet snow",Strong wind,3,3,0,Winter
January,2013,"Slush, wet snow",Clear and sunny,1,1,0,Winter
January,2013,Icy,Clear and sunny,1245,1606,17,Winter
January,2013,Icy,"Overcast, cloudy but no precipitation",326,421,4,Winter
January,2013,Icy,Raining,61,74,3,Winter
January,2013,Icy,"Snowing, not including drifting snow",460,654,6,Winter
January,2013,Icy,"Freezing rain, sleet, hail",96,132,1,Winter
January,2013,Icy,Visibility limitation,172,278,3,Winter
January,2013,Icy,Strong wind,65,86,2,Winter
January,2013,Icy,Other,10,16,0,Winter
January,2013,Icy,Clear and sunny,80,87,0,Winter
January,2013,Sand/gravel/dirt,Clear and sunny,7,10,0,Winter
January,2013,Sand/gravel/dirt,"Overcast, cloudy but no precipitation",1,1,0,Winter
January,2013,Sand/gravel/dirt,"Snowing, not including drifting snow",1,3,0,Winter
January,2013,Sand/gravel/dirt,"Freezing rain, sleet, hail",1,1,0,Winter
January,2013,Sand/gravel/dirt,Visibility limitation,1,1,0,Winter
January,2013,Sand/gravel/dirt,Clear and sunny,2,2,0,Winter
January,2013,Muddy,Clear and sunny,2,4,0,Winter
January,2013,Muddy,"Overcast, cloudy but no precipitation",1,1,0,Winter
January,2013,Muddy,Raining,1,3,0,Winter
January,2013,Muddy,Other,1,1,0,Winter
January,2013,Oil,Clear and sunny,1,1,0,Winter
January,2013,Other,Clear and sunny,568,738,7,Winter
January,2013,Other,"Overcast, cloudy but no precipitation",1,1,0,Winter
January,2013,Other,Raining,6,11,0,Winter
January,2013,Other,"Snowing, not including drifting snow",321,415,3,Winter
January,2013,Other,"Freezing rain, sleet, hail",2,2,0,Winter
January,2013,Other,Visibility limitation,7,7,1,Winter
January,2013,Other,Strong wind,13,16,0,Winter
January,2013,Other,Other,10,15,1,Winter
January,2013,Other,Clear and sunny,18,20,0,Winter
January,2013,Wet,Clear and sunny,28,30,2,Winter
January,2013,Wet,"Overcast, cloudy but no precipitation",6,7,0,Winter
January,2013,Wet,"Snowing, not including drifting snow",5,5,0,Winter
January,2013,Wet,Visibility limitation,3,5,0,Winter
January,2013,Wet,Strong wind,1,1,0,Winter
January,2013,Wet,Other,3,3,0,Winter
January,2013,Wet,Clear and sunny,54,68,0,Winter
January,2014,"Dry, normal",Clear and sunny,2464,3351,30,Winter
January,2014,"Dry, normal","Overcast, cloudy but no precipitation",273,358,3,Winter
January,2014,"Dry, normal",Raining,3,4,0,Winter
January,2014,"Dry, normal","Snowing, not including drifting snow",4,5,0,Winter
January,2014,"Dry, normal",Visibility limitation,35,53,1,Winter
January,2014,"Dry, normal",Strong wind,18,27,1,Winter
January,2014,"Dry, normal",Other,2,3,0,Winter
January,2014,"Dry, normal",Clear and sunny,9,9,0,Winter
January,2014,Wet,Clear and sunny,1046,1406,12,Winter
January,2014,Wet,"Overcast, cloudy but no precipitation",354,485,5,Winter
January,2014,Wet,Raining,319,451,4,Winter
January,2014,Wet,"Snowing, not including drifting snow",120,168,2,Winter
January,2014,Wet,"Freezing rain, sleet, hail",8,9,1,Winter
January,2014,Wet,Visibility limitation,68,92,0,Winter
January,2014,Wet,Strong wind,13,18,0,Winter
January,2014,Wet,Other,6,8,0,Winter
January,2014,Wet,Clear and sunny,8,11,0,Winter
January,2014,"Snow (fresh, loose snow)",Clear and sunny,416,533,2,Winter
January,2014,"Snow (fresh, loose snow)","Overcast, cloudy but no precipitation",135,178,0,Winter
January,2014,"Snow (fresh, loose snow)",Raining,4,5,0,Winter
January,2014,"Snow (fresh, loose snow)","Snowing, not including drifting snow",722,977,8,Winter
January,2014,"Snow (fresh, loose snow)","Freezing rain, sleet, hail",6,7,0,Winter
January,2014,"Snow (fresh, loose snow)",Visibility limitation,264,426,4,Winter
January,2014,"Snow (fresh, loose snow)",Strong wind,39,65,1,Winter
January,2014,"Snow (fresh, loose snow)",Other,3,4,0,Winter
January,2014,"Snow (fresh, loose snow)",Clear and sunny,6,6,0,Winter
January,2014,"Slush, wet snow",Clear and sunny,187,238,1,Winter
January,2014,"Slush, wet snow","Overcast, cloudy but no precipitation",50,77,0,Winter
January,2014,"Slush, wet snow",Raining,20,28,0,Winter
January,2014,"Slush, wet snow","Snowing, not including drifting snow",122,165,0,Winter
January,2014,"Slush, wet snow","Freezing rain, sleet, hail",13,14,0,Winter
January,2014,"Slush, wet snow",Visibility limitation,13,17,1,Winter
January,2014,"Slush, wet snow",Strong wind,7,8,0,Winter
January,2014,"Slush, wet snow",Clear and sunny,1,1,0,Winter
January,2014,Icy,Clear and sunny,1907,2453,11,Winter
January,2014,Icy,"Overcast, cloudy but no precipitation",388,541,11,Winter
January,2014,Icy,Raining,92,107,0,Winter
January,2014,Icy,"Snowing, not including drifting snow",562,743,5,Winter
January,2014,Icy,"Freezing rain, sleet, hail",126,174,1,Winter
January,2014,Icy,Visibility limitation,286,430,5,Winter
January,2014,Icy,Strong wind,80,106,3,Winter
January,2014,Icy,Other,12,18,0,Winter
January,2014,Icy,Clear and sunny,67,77,0,Winter
January,2014,Sand/gravel/dirt,Clear and sunny,11,13,1,Winter
January,2014,Sand/gravel/dirt,"Overcast, cloudy but no precipitation",2,2,0,Winter
January,2014,Sand/gravel/dirt,Visibility limitation,2,2,0,Winter
January,2014,Muddy,Clear and sunny,2,4,0,Winter
January,2014,Muddy,"Overcast, cloudy but no precipitation",1,1,0,Winter
January,2014,Muddy,Raining,1,2,0,Winter
January,2014,Muddy,"Freezing rain, sleet, hail",1,1,0,Winter
January,2014,Muddy,Visibility limitation,1,1,0,Winter
January,2014,Oil,Clear and sunny,1,0,1,Winter
January,2014,Flooded,Clear and sunny,1,1,0,Winter
January,2014,Flooded,Raining,1,1,0,Winter
January,2014,Other,Clear and sunny,535,684,7,Winter
January,2014,Other,"Overcast, cloudy but no precipitation",1,1,0,Winter
January,2014,Other,Raining,15,22,0,Winter
January,2014,Other,"Snowing, not including drifting snow",180,234,2,Winter
January,2014,Other,"Freezing rain, sleet, hail",5,6,0,Winter
January,2014,Other,Visibility limitation,3,3,0,Winter
January,2014,Other,Strong wind,26,34,3,Winter
January,2014,Other,Other,12,18,1,Winter
January,2014,Other,Clear and sunny,20,23,0,Winter
January,2014,Wet,Clear and sunny,23,32,0,Winter
January,2014,Wet,"Overcast, cloudy but no precipitation",3,3,0,Winter
January,2014,Wet,"Snowing, not including drifting snow",2,2,0,Winter
January,2014,Wet,Visibility limitation,4,4,0,Winter
January,2014,Wet,Clear and sunny,64,75,0,Winter
January,2015,"Dry, normal",Clear and sunny,2946,4017,34,Winter
January,2015,"Dry, normal","Overcast, cloudy but no precipitation",282,385,6,Winter
January,2015,"Dry, normal",Raining,6,6,0,Winter
January,2015,"Dry, normal","Snowing, not including drifting snow",8,10,0,Winter
January,2015,"Dry, normal",Visibility limitation,22,30,0,Winter
January,2015,"Dry, normal",Strong wind,5,8,0,Winter
January,2015,"Dry, normal",Other,5,5,0,Winter
January,2015,"Dry, normal",Clear and sunny,9,11,0,Winter
January,2015,Wet,Clear and sunny,994,1377,16,Winter
January,2015,Wet,"Overcast, cloudy but no precipitation",321,465,6,Winter
January,2015,Wet,Raining,354,465,11,Winter
January,2015,Wet,"Snowing, not including drifting snow",114,156,2,Winter
January,2015,Wet,"Freezing rain, sleet, hail",10,12,0,Winter
January,2015,Wet,Visibility limitation,45,58,0,Winter
January,2015,Wet,Strong wind,7,11,0,Winter
January,2015,Wet,Other,3,7,1,Winter
January,2015,Wet,Clear and sunny,10,18,0,Winter
January,2015,"Snow (fresh, loose snow)",Clear and sunny,373,483,2,Winter
January,2015,"Snow (fresh, loose snow)","Overcast, cloudy but no precipitation",167,216,4,Winter
January,2015,"Snow (fresh, loose snow)",Raining,8,8,0,Winter
January,2015,"Snow (fresh, loose snow)","Snowing, not including drifting snow",778,1054,7,Winter
January,2015,"Snow (fresh, loose snow)","Freezing rain, sleet, hail",8,9,0,Winter
January,2015,"Snow (fresh, loose snow)",Visibility limitation,123,173,5,Winter
January,2015,"Snow (fresh, loose snow)",Strong wind,8,10,0,Winter
January,2015,"Snow (fresh, loose snow)",Other,2,2,0,Winter
January,2015,"Snow (fresh, loose snow)",Clear and sunny,12,16,0,Winter
January,2015,"Slush, wet snow",Clear and sunny,176,245,0,Winter
January,2015,"Slush, wet snow","Overcast, cloudy but no precipitation",85,116,0,Winter
January,2015,"Slush, wet snow",Raining,24,31,0,Winter
January,2015,"Slush, wet snow","Snowing, not including drifting snow",161,206,0,Winter
January,2015,"Slush, wet snow","Freezing rain, sleet, hail",31,41,0,Winter
January,2015,"Slush, wet snow",Visibility limitation,10,15,0,Winter
January,2015,"Slush, wet snow",Strong wind,4,5,0,Winter
January,2015,"Slush, wet snow",Other,1,3,0,Winter
January,2015,"Slush, wet snow",Clear and sunny,4,4,0,Winter
January,2015,Icy,Clear and sunny,1360,1725,12,Winter
January,2015,Icy,"Overcast, cloudy but no precipitation",405,519,4,Winter
January,2015,Icy,Raining,61,84,0,Winter
January,2015,Icy,"Snowing, not including drifting snow",444,601,9,Winter
January,2015,Icy,"Freezing rain, sleet, hail",107,146,3,Winter
January,2015,Icy,Visibility limitation,162,222,6,Winter
January,2015,Icy,Strong wind,56,72,1,Winter
January,2015,Icy,Other,6,6,0,Winter
January,2015,Icy,Clear and sunny,63,77,0,Winter
January,2015,Sand/gravel/dirt,Clear and sunny,12,15,0,Winter
January,2015,Sand/gravel/dirt,"Overcast, cloudy but no precipitation",3,5,0,Winter
January,2015,Sand/gravel/dirt,Visibility limitation,1,1,0,Winter
January,2015,Sand/gravel/dirt,Strong wind,1,1,0,Winter
January,2015,Muddy,Clear and sunny,1,5,0,Winter
January,2015,Muddy,"Overcast, cloudy but no precipitation",1,1,0,Winter
January,2015,Flooded,Raining,2,4,0,Winter
January,2015,Other,Clear and sunny,577,803,7,Winter
January,2015,Other,"Overcast, cloudy but no precipitation",4,5,0,Winter
January,2015,Other,Raining,20,27,0,Winter
January,2015,Other,"Snowing, not including drifting snow",224,305,5,Winter
January,2015,Other,"Freezing rain, sleet, hail",8,12,0,Winter
January,2015,Other,Visibility limitation,11,18,0,Winter
January,2015,Other,Strong wind,6,7,1,Winter
January,2015,Other,Other,9,13,0,Winter
January,2015,Other,Clear and sunny,18,20,0,Winter
January,2015,Wet,Clear and sunny,27,35,0,Winter
January,2015,Wet,"Overcast, cloudy but no precipitation",4,4,0,Winter
January,2015,Wet,"Snowing, not including drifting snow",1,2,0,Winter
January,2015,Wet,Visibility limitation,1,1,0,Winter
January,2015,Wet,Clear and sunny,73,87,1,Winter
January,2016,"Dry, normal",Clear and sunny,2878,3870,41,Winter
January,2016,"Dry, normal","Overcast, cloudy but no precipitation",320,428,2,Winter
January,2016,"Dry, normal",Raining,7,13,0,Winter
January,2016,"Dry, normal","Snowing, not including drifting snow",16,23,0,Winter
January,2016,"Dry, normal","Freezing rain, sleet, hail",1,1,0,Winter
January,2016,"Dry, normal",Visibility limitation,19,27,0,Winter
January,2016,"Dry, normal",Strong wind,10,11,1,Winter
January,2016,"Dry, normal",Other,4,4,0,Winter
January,2016,"Dry, normal",Clear and sunny,14,15,1,Winter
January,2016,Wet,Clear and sunny,1060,1481,12,Winter
January,2016,Wet,"Overcast, cloudy but no precipitation",475,658,7,Winter
January,2016,Wet,Raining,606,835,10,Winter
January,2016,Wet,"Snowing, not including drifting snow",168,223,1,Winter
January,2016,Wet,"Freezing rain, sleet, hail",10,14,0,Winter
January,2016,Wet,Visibility limitation,46,60,1,Winter
January,2016,Wet,Strong wind,7,12,0,Winter
January,2016,Wet,Other,3,5,0,Winter
January,2016,Wet,Clear and sunny,8,11,0,Winter
January,2016,"Snow (fresh, loose snow)",Clear and sunny,319,403,1,Winter
January,2016,"Snow (fresh, loose snow)","Overcast, cloudy but no precipitation",158,203,2,Winter
January,2016,"Snow (fresh, loose snow)",Raining,5,9,0,Winter
January,2016,"Snow (fresh, loose snow)","Snowing, not including drifting snow",608,793,7,Winter
January,2016,"Snow (fresh, loose snow)","Freezing rain, sleet, hail",4,6,0,Winter
January,2016,"Snow (fresh, loose snow)",Visibility limitation,75,94,4,Winter
January,2016,"Snow (fresh, loose snow)",Strong wind,11,13,0,Winter
January,2016,"Snow (fresh, loose snow)",Other,1,1,0,Winter
January,2016,"Snow (fresh, loose snow)",Clear and sunny,11,11,0,Winter
January,2016,"Slush, wet snow",Clear and sunny,129,178,1,Winter
January,2016,"Slush, wet snow","Overcast, cloudy but no precipitation",80,105,0,Winter
January,2016,"Slush, wet snow",Raining,29,35,2,Winter
January,2016,"Slush, wet snow","Snowing, not including drifting snow",150,195,3,Winter
January,2016,"Slush, wet snow","Freezing rain, sleet, hail",9,11,0,Winter
January,2016,"Slush, wet snow",Visibility limitation,15,18,0,Winter
January,2016,"Slush, wet snow",Strong wind,5,7,0,Winter
January,2016,"Slush, wet snow",Other,1,2,0,Winter
January,2016,"Slush, wet snow",Clear and sunny,2,7,0,Winter
January,2016,Icy,Clear and sunny,949,1223,12,Winter
January,2016,Icy,"Overcast, cloudy but no precipitation",324,402,3,Winter
January,2016,Icy,Raining,31,41,0,Winter
January,2016,Icy,"Snowing, not including drifting snow",339,459,4,Winter
January,2016,Icy,"Freezing rain, sleet, hail",55,67,0,Winter
January,2016,Icy,Visibility limitation,114,149,3,Winter
January,2016,Icy,Strong wind,31,43,1,Winter
January,2016,Icy,Other,1,2,0,Winter
January,2016,Icy,Clear and sunny,41,49,0,Winter
January,2016,Sand/gravel/dirt,Clear and sunny,6,5,1,Winter
January,2016,Sand/gravel/dirt,"Overcast, cloudy but no precipitation",3,3,0,Winter
January,2016,Sand/gravel/dirt,Clear and sunny,2,2,0,Winter
January,2016,Muddy,Clear and sunny,2,2,0,Winter
January,2016,Muddy,"Overcast, cloudy but no precipitation",1,3,0,Winter
January,2016,Muddy,"Snowing, not including drifting snow",1,1,0,Winter
January,2016,Muddy,Visibility limitation,1,1,0,Winter
January,2016,Flooded,Clear and sunny,1,1,0,Winter
January,2016,Flooded,Raining,2,4,0,Winter
January,2016,Other,Clear and sunny,403,507,7,Winter
January,2016,Other,"Overcast, cloudy but no precipitation",3,4,0,Winter
January,2016,Other,Raining,5,5,0,Winter
January,2016,Other,"Snowing, not including drifting snow",179,223,2,Winter
January,2016,Other,"Freezing rain, sleet, hail",1,1,1,Winter
January,2016,Other,Visibility limitation,20,27,0,Winter
January,2016,Other,Strong wind,2,2,0,Winter
January,2016,Other,Other,9,13,0,Winter
January,2016,Other,Clear and sunny,10,13,0,Winter
January,2016,Wet,Clear and sunny,26,38,0,Winter
January,2016,Wet,"Overcast, cloudy but no precipitation",6,12,0,Winter
January,2016,Wet,Raining,1,2,0,Winter
January,2016,Wet,"Snowing, not including drifting snow",4,5,0,Winter
January,2016,Wet,Visibility limitation,1,1,1,Winter
January,2016,Wet,Clear and sunny,60,74,0,Winter
January,2017,"Dry, normal",Clear and sunny,2462,3345,41,Winter
January,2017,"Dry, normal","Overcast, cloudy but no precipitation",284,359,6,Winter
January,2017,"Dry, normal",Raining,2,2,0,Winter
January,2017,"Dry, normal","Snowing, not including drifting snow",11,12,0,Winter
January,2017,"Dry, normal",Visibility limitation,21,30,0,Winter
January,2017,"Dry, normal",Strong wind,8,12,0,Winter
January,2017,"Dry, normal",Other,1,2,0,Winter
January,2017,"Dry, normal",Clear and sunny,7,11,0,Winter
January,2017,Wet,Clear and sunny,771,1024,12,Winter
January,2017,Wet,"Overcast, cloudy but no precipitation",328,437,8,Winter
January,2017,Wet,Raining,490,627,10,Winter
January,2017,Wet,"Snowing, not including drifting snow",137,195,0,Winter
January,2017,Wet,"Freezing rain, sleet, hail",18,18,0,Winter
January,2017,Wet,Visibility limitation,97,129,6,Winter
January,2017,Wet,Strong wind,4,4,0,Winter
January,2017,Wet,Other,4,5,0,Winter
January,2017,Wet,Clear and sunny,7,9,0,Winter
January,2017,"Snow (fresh, loose snow)",Clear and sunny,329,408,0,Winter
January,2017,"Snow (fresh, loose snow)","Overcast, cloudy but no precipitation",120,153,1,Winter
January,2017,"Snow (fresh, loose snow)",Raining,7,9,0,Winter
January,2017,"Snow (fresh, loose snow)","Snowing, not including drifting snow",439,581,5,Winter
January,2017,"Snow (fresh, loose snow)","Freezing rain, sleet, hail",4,5,0,Winter
January,2017,"Snow (fresh, loose snow)",Visibility limitation,89,106,1,Winter
January,2017,"Snow (fresh, loose snow)",Strong wind,17,21,0,Winter
January,2017,"Snow (fresh, loose snow)",Other,2,6,0,Winter
January,2017,"Snow (fresh, loose snow)",Clear and sunny,12,12,0,Winter
January,2017,"Slush, wet snow",Clear and sunny,97,121,2,Winter
January,2017,"Slush, wet snow","Overcast, cloudy but no precipitation",62,81,0,Winter
January,2017,"Slush, wet snow",Raining,46,60,0,Winter
January,2017,"Slush, wet snow","Snowing, not including drifting snow",96,120,2,Winter
January,2017,"Slush, wet snow","Freezing rain, sleet, hail",27,33,0,Winter
January,2017,"Slush, wet snow",Visibility limitation,10,18,0,Winter
January,2017,"Slush, wet snow",Strong wind,2,2,0,Winter
January,2017,"Slush, wet snow",Clear and sunny,1,1,0,Winter
January,2017,Icy,Clear and sunny,1043,1333,2,Winter
January,2017,Icy,"Overcast, cloudy but no precipitation",304,397,3,Winter
January,2017,Icy,Raining,68,83,2,Winter
January,2017,Icy,"Snowing, not including drifting snow",300,409,6,Winter
January,2017,Icy,"Freezing rain, sleet, hail",207,243,0,Winter
January,2017,Icy,Visibility limitation,97,132,3,Winter
January,2017,Icy,Strong wind,39,54,0,Winter
January,2017,Icy,Other,4,5,0,Winter
January,2017,Icy,Clear and sunny,54,59,0,Winter
January,2017,Sand/gravel/dirt,Clear and sunny,4,5,0,Winter
January,2017,Sand/gravel/dirt,"Overcast, cloudy but no precipitation",3,3,0,Winter
January,2017,Sand/gravel/dirt,Raining,1,1,0,Winter
January,2017,Sand/gravel/dirt,Visibility limitation,1,1,0,Winter
January,2017,Sand/gravel/dirt,Strong wind,1,1,0,Winter
January,2017,Flooded,Raining,2,4,0,Winter
January,2017,Other,Clear and sunny,510,642,4,Winter
January,2017,Other,"Overcast, cloudy but no precipitation",4,6,0,Winter
January,2017,Other,Raining,7,12,0,Winter
January,2017,Other,"Snowing, not including drifting snow",185,234,3,Winter
January,2017,Other,"Freezing rain, sleet, hail",3,3,0,Winter
January,2017,Other,Visibility limitation,17,24,3,Winter
January,2017,Other,Strong wind,13,15,0,Winter
January,2017,Other,Other,7,8,0,Winter
January,2017,Other,Clear and sunny,17,21,0,Winter
January,2017,Wet,Clear and sunny,26,35,0,Winter
January,2017,Wet,"Overcast, cloudy but no precipitation",4,5,0,Winter
January,2017,Wet,Raining,2,3,0,Winter
January,2017,Wet,"Snowing, not including drifting snow",4,5,0,Winter
January,2017,Wet,Visibility limitation,1,2,0,Winter
January,2017,Wet,Clear and sunny,65,93,0,Winter
January,2018,"Dry, normal",Clear and sunny,2239,3031,34,Winter
January,2018,"Dry, normal","Overcast, cloudy but no precipitation",224,296,3,Winter
January,2018,"Dry, normal",Raining,8,14,0,Winter
January,2018,"Dry, normal","Snowing, not including drifting snow",9,10,0,Winter
January,2018,"Dry, normal","Freezing rain, sleet, hail",1,1,0,Winter
January,2018,"Dry, normal",Visibility limitation,15,17,0,Winter
January,2018,"Dry, normal",Strong wind,12,12,1,Winter
January,2018,"Dry, normal",Other,1,1,0,Winter
January,2018,"Dry, normal",Clear and sunny,15,17,0,Winter
January,2018,Wet,Clear and sunny,991,1367,25,Winter
January,2018,Wet,"Overcast, cloudy but no precipitation",368,531,4,Winter
January,2018,Wet,Raining,654,869,6,Winter
January,2018,Wet,"Snowing, not including drifting snow",95,122,2,Winter
January,2018,Wet,"Freezing rain, sleet, hail",17,24,0,Winter
January,2018,Wet,Visibility limitation,52,80,0,Winter
January,2018,Wet,Strong wind,9,12,0,Winter
January,2018,Wet,Other,6,7,1,Winter
January,2018,Wet,Clear and sunny,6,9,0,Winter
January,2018,"Snow (fresh, loose snow)",Clear and sunny,390,480,5,Winter
January,2018,"Snow (fresh, loose snow)","Overcast, cloudy but no precipitation",169,220,2,Winter
January,2018,"Snow (fresh, loose snow)",Raining,7,9,0,Winter
January,2018,"Snow (fresh, loose snow)","Snowing, not including drifting snow",684,871,9,Winter
January,2018,"Snow (fresh, loose snow)","Freezing rain, sleet, hail",5,7,0,Winter
January,2018,"Snow (fresh, loose snow)",Visibility limitation,163,222,5,Winter
January,2018,"Snow (fresh, loose snow)",Strong wind,11,15,0,Winter
January,2018,"Snow (fresh, loose snow)",Clear and sunny,17,24,1,Winter
January,2018,"Slush, wet snow",Clear and sunny,159,212,0,Winter
January,2018,"Slush, wet snow","Overcast, cloudy but no precipitation",83,106,0,Winter
January,2018,"Slush, wet snow",Raining,21,28,0,Winter
January,2018,"Slush, wet snow","Snowing, not including drifting snow",146,189,1,Winter
January,2018,"Slush, wet snow","Freezing rain, sleet, hail",21,30,0,Winter
January,2018,"Slush, wet snow",Visibility limitation,8,8,1,Winter
January,2018,"Slush, wet snow",Strong wind,3,3,0,Winter
January,2018,"Slush, wet snow",Clear and sunny,5,6,0,Winter
January,2018,Icy,Clear and sunny,1137,1503,12,Winter
January,2018,Icy,"Overcast, cloudy but no precipitation",348,446,4,Winter
January,2018,Icy,Raining,58,73,1,Winter
January,2018,Icy,"Snowing, not including drifting snow",391,524,10,Winter
January,2018,Icy,"Freezing rain, sleet, hail",132,172,0,Winter
January,2018,Icy,Visibility limitation,160,226,4,Winter
January,2018,Icy,Strong wind,57,72,0,Winter
January,2018,Icy,Other,5,6,0,Winter
January,2018,Icy,Clear and sunny,54,67,0,Winter
January,2018,Sand/gravel/dirt,Clear and sunny,7,15,0,Winter
January,2018,Sand/gravel/dirt,"Overcast, cloudy but no precipitation",1,1,0,Winter
January,2018,Sand/gravel/dirt,"Freezing rain, sleet, hail",1,1,0,Winter
January,2018,Sand/gravel/dirt,Visibility limitation,1,1,0,Winter
January,2018,Sand/gravel/dirt,Clear and sunny,1,1,0,Winter
January,2018,Oil,Clear and sunny,1,1,0,Winter
January,2018,Flooded,Clear and sunny,1,1,0,Winter
January,2018,Other,Clear and sunny,578,745,6,Winter
January,2018,Other,"Overcast, cloudy but no precipitation",3,3,0,Winter
January,2018,Other,Raining,9,10,1,Winter
January,2018,Other,"Snowing, not including drifting snow",235,294,1,Winter
January,2018,Other,"Freezing rain, sleet, hail",7,9,0,Winter
January,2018,Other,Visibility limitation,19,41,0,Winter
January,2018,Other,Strong wind,6,6,0,Winter
January,2018,Other,Other,8,15,0,Winter
January,2018,Other,Clear and sunny,18,24,0,Winter
January,2018,Wet,Clear and sunny,31,35,0,Winter
January,2018,Wet,"Overcast, cloudy but no precipitation",9,10,0,Winter
January,2018,Wet,Raining,1,1,0,Winter
January,2018,Wet,"Snowing, not including drifting snow",6,11,0,Winter
January,2018,Wet,Visibility limitation,1,1,0,Winter
January,2018,Wet,Strong wind,1,1,0,Winter
January,2018,Wet,Clear and sunny,70,87,0,Winter
January,2019,"Dry, normal",Clear and sunny,2712,3587,41,Winter
January,2019,"Dry, normal","Overcast, cloudy but no precipitation",272,384,4,Winter
January,2019,"Dry, normal",Raining,7,12,0,Winter
January,2019,"Dry, normal","Snowing, not including drifting snow",10,12,0,Winter
January,2019,"Dry, normal",Visibility limitation,20,36,1,Winter
January,2019,"Dry, normal",Strong wind,10,12,0,Winter
January,2019,"Dry, normal",Other,2,2,0,Winter
January,2019,"Dry, normal",Clear and sunny,26,32,0,Winter
January,2019,Wet,Clear and sunny,732,992,10,Winter
January,2019,Wet,"Overcast, cloudy but no precipitation",256,338,4,Winter
January,2019,Wet,Raining,343,432,5,Winter
January,2019,Wet,"Snowing, not including drifting snow",106,139,1,Winter
January,2019,Wet,"Freezing rain, sleet, hail",7,7,0,Winter
January,2019,Wet,Visibility limitation,43,60,2,Winter
January,2019,Wet,Strong wind,9,13,0,Winter
January,2019,Wet,Other,6,11,0,Winter
January,2019,Wet,Clear and sunny,7,10,0,Winter
January,2019,"Snow (fresh, loose snow)",Clear and sunny,399,480,2,Winter
January,2019,"Snow (fresh, loose snow)","Overcast, cloudy but no precipitation",160,222,2,Winter
January,2019,"Snow (fresh, loose snow)",Raining,8,10,0,Winter
January,2019,"Snow (fresh, loose snow)","Snowing, not including drifting snow",778,1003,6,Winter
January,2019,"Snow (fresh, loose snow)","Freezing rain, sleet, hail",2,2,0,Winter
January,2019,"Snow (fresh, loose snow)",Visibility limitation,217,288,0,Winter
January,2019,"Snow (fresh, loose snow)",Strong wind,28,39,0,Winter
January,2019,"Snow (fresh, loose snow)",Other,1,1,0,Winter
January,2019,"Snow (fresh, loose snow)",Clear and sunny,16,17,1,Winter
January,2019,"Slush, wet snow",Clear and sunny,153,203,0,Winter
January,2019,"Slush, wet snow","Overcast, cloudy but no precipitation",52,65,0,Winter
January,2019,"Slush, wet snow",Raining,39,52,1,Winter
January,2019,"Slush, wet snow","Snowing, not including drifting snow",133,178,2,Winter
January,2019,"Slush, wet snow","Freezing rain, sleet, hail",20,26,0,Winter
January,2019,"Slush, wet snow",Visibility limitation,15,16,0,Winter
January,2019,"Slush, wet snow",Strong wind,6,8,0,Winter
January,2019,"Slush, wet snow",Other,3,3,0,Winter
January,2019,"Slush, wet snow",Clear and sunny,2,2,0,Winter
January,2019,Icy,Clear and sunny,1097,1406,7,Winter
January,2019,Icy,"Overcast, cloudy but no precipitation",291,377,4,Winter
January,2019,Icy,Raining,39,51,2,Winter
January,2019,Icy,"Snowing, not including drifting snow",423,546,6,Winter
January,2019,Icy,"Freezing rain, sleet, hail",89,110,1,Winter
January,2019,Icy,Visibility limitation,175,272,0,Winter
January,2019,Icy,Strong wind,44,60,0,Winter
January,2019,Icy,Other,4,6,0,Winter
January,2019,Icy,Clear and sunny,54,63,0,Winter
January,2019,Sand/gravel/dirt,Clear and sunny,6,7,0,Winter
January,2019,Sand/gravel/dirt,"Overcast, cloudy but no precipitation",1,1,0,Winter
January,2019,Sand/gravel/dirt,"Snowing, not including drifting snow",1,1,0,Winter
January,2019,Sand/gravel/dirt,"Freezing rain, sleet, hail",1,1,0,Winter
January,2019,Muddy,Clear and sunny,4,5,0,Winter
January,2019,Muddy,"Overcast, cloudy but no precipitation",1,1,0,Winter
January,2019,Muddy,Raining,1,5,0,Winter
January,2019,Flooded,Clear and sunny,1,1,0,Winter
January,2019,Other,Clear and sunny,409,510,8,Winter
January,2019,Other,"Overcast, cloudy but no precipitation",2,3,0,Winter
January,2019,Other,Raining,11,13,0,Winter
January,2019,Other,"Snowing, not including drifting snow",215,257,3,Winter
January,2019,Other,"Freezing rain, sleet, hail",5,7,1,Winter
January,2019,Other,Visibility limitation,20,33,0,Winter
January,2019,Other,Strong wind,8,8,0,Winter
January,2019,Other,Other,12,14,0,Winter
January,2019,Other,Clear and sunny,17,21,1,Winter
January,2019,Wet,Clear and sunny,23,24,0,Winter
January,2019,Wet,"Overcast, cloudy but no precipitation",5,5,0,Winter
January,2019,Wet,"Snowing, not including drifting snow",6,8,0,Winter
January,2019,Wet,Visibility limitation,2,7,0,Winter
January,2019,Wet,Strong wind,2,2,0,Winter
January,2019,Wet,Other,1,1,0,Winter
January,2019,Wet,Clear and sunny,61,65,0,Winter
January,2020,"Dry, normal",Clear and sunny,2480,3213,52,Winter
January,2020,"Dry, normal","Overcast, cloudy but no precipitation",275,382,3,Winter
January,2020,"Dry, normal",Raining,6,9,0,Winter
January,2020,"Dry, normal","Snowing, not including drifting snow",7,12,0,Winter
January,2020,"Dry, normal",Visibility limitation,18,29,1,Winter
January,2020,"Dry, normal",Strong wind,4,6,0,Winter
January,2020,"Dry, normal",Other,3,3,1,Winter
January,2020,"Dry, normal",Clear and sunny,13,17,0,Winter
January,2020,Wet,Clear and sunny,810,1111,9,Winter
January,2020,Wet,"Overcast, cloudy but no precipitation",332,440,8,Winter
January,2020,Wet,Raining,513,694,5,Winter
January,2020,Wet,"Snowing, not including drifting snow",107,166,1,Winter
January,2020,Wet,"Freezing rain, sleet, hail",13,17,0,Winter
January,2020,Wet,Visibility limitation,43,58,2,Winter
January,2020,Wet,Strong wind,4,7,0,Winter
January,2020,Wet,Other,7,11,0,Winter
January,2020,Wet,Clear and sunny,8,14,0,Winter
January,2020,"Snow (fresh, loose snow)",Clear and sunny,303,386,0,Winter
January,2020,"Snow (fresh, loose snow)","Overcast, cloudy but no precipitation",173,229,0,Winter
January,2020,"Snow (fresh, loose snow)",Raining,8,11,0,Winter
January,2020,"Snow (fresh, loose snow)","Snowing, not including drifting snow",536,685,7,Winter
January,2020,"Snow (fresh, loose snow)","Freezing rain, sleet, hail",1,1,0,Winter
January,2020,"Snow (fresh, loose snow)",Visibility limitation,25,36,1,Winter
January,2020,"Snow (fresh, loose snow)",Strong wind,9,11,1,Winter
January,2020,"Snow (fresh, loose snow)",Clear and sunny,13,15,1,Winter
January,2020,"Slush, wet snow",Clear and sunny,145,190,0,Winter
January,2020,"Slush, wet snow","Overcast, cloudy but no precipitation",85,107,1,Winter
January,2020,"Slush, wet snow",Raining,14,19,0,Winter
January,2020,"Slush, wet snow","Snowing, not including drifting snow",154,212,3,Winter
January,2020,"Slush, wet snow","Freezing rain, sleet, hail",16,22,0,Winter
January,2020,"Slush, wet snow",Visibility limitation,8,10,2,Winter
January,2020,"Slush, wet snow",Strong wind,3,4,0,Winter
January,2020,"Slush, wet snow",Other,1,1,0,Winter
January,2020,"Slush, wet snow",Clear and sunny,2,4,0,Winter
January,2020,Icy,Clear and sunny,710,914,7,Winter
January,2020,Icy,"Overcast, cloudy but no precipitation",281,359,5,Winter
January,2020,Icy,Raining,27,31,1,Winter
January,2020,Icy,"Snowing, not including drifting snow",274,375,3,Winter
January,2020,Icy,"Freezing rain, sleet, hail",72,91,0,Winter
January,2020,Icy,Visibility limitation,47,56,3,Winter
January,2020,Icy,Strong wind,14,19,0,Winter
January,2020,Icy,Other,1,1,0,Winter
January,2020,Icy,Clear and sunny,64,77,0,Winter
January,2020,Sand/gravel/dirt,Clear and sunny,6,11,0,Winter
January,2020,Sand/gravel/dirt,"Overcast, cloudy but no precipitation",3,4,2,Winter
January,2020,Sand/gravel/dirt,"Snowing, not including drifting snow",1,1,0,Winter
January,2020,Sand/gravel/dirt,Visibility limitation,1,1,0,Winter
January,2020,Muddy,Clear and sunny,1,1,0,Winter
January,2020,Muddy,Raining,2,7,0,Winter
January,2020,Flooded,Clear and sunny,1,1,0,Winter
January,2020,Other,Clear and sunny,534,683,3,Winter
January,2020,Other,"Overcast, cloudy but no precipitation",1,2,0,Winter
January,2020,Other,Raining,6,8,0,Winter
January,2020,Other,"Snowing, not including drifting snow",177,226,0,Winter
January,2020,Other,"Freezing rain, sleet, hail",7,7,0,Winter
January,2020,Other,Visibility limitation,21,28,0,Winter
January,2020,Other,Strong wind,5,5,0,Winter
January,2020,Other,Other,11,13,0,Winter
January,2020,Other,Clear and sunny,12,14,0,Winter
January,2020,Wet,Clear and sunny,20,22,1,Winter
January,2020,Wet,"Overcast, cloudy but no precipitation",8,10,0,Winter
January,2020,Wet,Raining,1,1,0,Winter
January,2020,Wet,"Snowing, not including drifting snow",6,8,0,Winter
January,2020,Wet,Visibility limitation,2,3,0,Winter
January,2020,Wet,Other,1,1,0,Winter
January,2020,Wet,Clear and sunny,63,69,2,Winter
January,2021,"Dry, normal",Clear and sunny,2090,2686,50,Winter
January,2021,"Dry, normal","Overcast, cloudy but no precipitation",276,377,6,Winter
January,2021,"Dry, normal",Raining,6,9,0,Winter
January,2021,"Dry, normal","Snowing, not including drifting snow",5,5,0,Winter
January,2021,"Dry, normal",Visibility limitation,14,21,1,Winter
January,2021,"Dry, normal",Strong wind,11,13,0,Winter
January,2021,"Dry, normal",Other,2,2,0,Winter
January,2021,"Dry, normal",Clear and sunny,12,13,0,Winter
January,2021,Wet,Clear and sunny,463,596,10,Winter
January,2021,Wet,"Overcast, cloudy but no precipitation",249,321,6,Winter
January,2021,Wet,Raining,274,355,5,Winter
January,2021,Wet,"Snowing, not including drifting snow",64,80,0,Winter
January,2021,Wet,"Freezing rain, sleet, hail",8,10,0,Winter
January,2021,Wet,Visibility limitation,32,45,3,Winter
January,2021,Wet,Strong wind,2,3,0,Winter
January,2021,Wet,Other,2,3,0,Winter
January,2021,Wet,Clear and sunny,2,2,0,Winter
January,2021,"Snow (fresh, loose snow)",Clear and sunny,166,196,1,Winter
January,2021,"Snow (fresh, loose snow)","Overcast, cloudy but no precipitation",70,81,1,Winter
January,2021,"Snow (fresh, loose snow)",Raining,4,5,0,Winter
January,2021,"Snow (fresh, loose snow)","Snowing, not including drifting snow",348,430,2,Winter
January,2021,"Snow (fresh, loose snow)","Freezing rain, sleet, hail",2,2,0,Winter
January,2021,"Snow (fresh, loose snow)",Visibility limitation,20,19,1,Winter
January,2021,"Snow (fresh, loose snow)",Strong wind,3,3,0,Winter
January,2021,"Snow (fresh, loose snow)",Other,2,2,0,Winter
January,2021,"Snow (fresh, loose snow)",Clear and sunny,11,11,0,Winter
January,2021,"Slush, wet snow",Clear and sunny,63,77,0,Winter
January,2021,"Slush, wet snow","Overcast, cloudy but no precipitation",45,52,0,Winter
January,2021,"Slush, wet snow",Raining,5,7,0,Winter
January,2021,"Slush, wet snow","Snowing, not including drifting snow",76,105,1,Winter
January,2021,"Slush, wet snow","Freezing rain, sleet, hail",13,15,0,Winter
January,2021,"Slush, wet snow",Visibility limitation,3,3,0,Winter
January,2021,"Slush, wet snow",Strong wind,2,2,0,Winter
January,2021,"Slush, wet snow",Other,1,1,1,Winter
January,2021,"Slush, wet snow",Clear and sunny,3,3,0,Winter
January,2021,Icy,Clear and sunny,365,467,4,Winter
January,2021,Icy,"Overcast, cloudy but no precipitation",164,205,2,Winter
January,2021,Icy,Raining,21,26,0,Winter
January,2021,Icy,"Snowing, not including drifting snow",131,172,2,Winter
January,2021,Icy,"Freezing rain, sleet, hail",61,74,0,Winter
January,2021,Icy,Visibility limitation,30,37,0,Winter
January,2021,Icy,Strong wind,18,18,1,Winter
January,2021,Icy,Clear and sunny,20,27,0,Winter
January,2021,Sand/gravel/dirt,Clear and sunny,6,7,0,Winter
January,2021,Sand/gravel/dirt,"Overcast, cloudy but no precipitation",1,1,0,Winter
January,2021,Sand/gravel/dirt,Visibility limitation,1,1,0,Winter
January,2021,Muddy,"Overcast, cloudy but no precipitation",1,1,1,Winter
January,2021,Muddy,Raining,1,5,0,Winter
January,2021,Oil,Clear and sunny,1,2,0,Winter
January,2021,Flooded,Raining,2,4,0,Winter
January,2021,Other,Clear and sunny,154,184,2,Winter
January,2021,Other,"Overcast, cloudy but no precipitation",2,4,0,Winter
January,2021,Other,Raining,5,8,0,Winter
January,2021,Other,"Snowing, not including drifting snow",91,119,5,Winter
January,2021,Other,"Freezing rain, sleet, hail",1,1,0,Winter
January,2021,Other,Visibility limitation,1,1,0,Winter
January,2021,Other,Strong wind,11,16,0,Winter
January,2021,Other,Other,2,2,0,Winter
January,2021,Other,Clear and sunny,10,11,0,Winter
January,2021,Wet,Clear and sunny,25,27,1,Winter
January,2021,Wet,"Overcast, cloudy but no precipitation",3,5,0,Winter
January,2021,Wet,"Snowing, not including drifting snow",1,2,0,Winter
January,2021,Wet,Clear and sunny,35,37,1,Winter
February,2010,"Dry, normal",Clear and sunny,3402,4689,51,Winter
February,2010,"Dry, normal","Overcast, cloudy but no precipitation",443,572,7,Winter
February,2010,"Dry, normal",Raining,10,10,0,Winter
February,2010,"Dry, normal","Snowing, not including drifting snow",6,7,0,Winter
February,2010,"Dry, normal",Visibility limitation,36,56,0,Winter
February,2010,"Dry, normal",Strong wind,2,7,1,Winter
February,2010,"Dry, normal",Other,5,7,0,Winter
February,2010,"Dry, normal",Clear and sunny,6,9,0,Winter
February,2010,Wet,Clear and sunny,734,1024,10,Winter
February,2010,Wet,"Overcast, cloudy but no precipitation",391,540,5,Winter
February,2010,Wet,Raining,343,471,11,Winter
February,2010,Wet,"Snowing, not including drifting snow",326,473,4,Winter
February,2010,Wet,"Freezing rain, sleet, hail",7,11,0,Winter
February,2010,Wet,Visibility limitation,31,44,2,Winter
February,2010,Wet,Strong wind,6,12,0,Winter
February,2010,Wet,Other,10,11,1,Winter
February,2010,Wet,Clear and sunny,6,11,0,Winter
February,2010,"Snow (fresh, loose snow)",Clear and sunny,228,286,2,Winter
February,2010,"Snow (fresh, loose snow)","Overcast, cloudy but no precipitation",102,114,1,Winter
February,2010,"Snow (fresh, loose snow)",Raining,5,8,0,Winter
February,2010,"Snow (fresh, loose snow)","Snowing, not including drifting snow",694,932,12,Winter
February,2010,"Snow (fresh, loose snow)","Freezing rain, sleet, hail",3,6,0,Winter
February,2010,"Snow (fresh, loose snow)",Visibility limitation,91,131,2,Winter
February,2010,"Snow (fresh, loose snow)",Strong wind,12,17,0,Winter
February,2010,"Snow (fresh, loose snow)",Other,3,3,0,Winter
February,2010,"Snow (fresh, loose snow)",Clear and sunny,11,16,1,Winter
February,2010,"Slush, wet snow",Clear and sunny,66,95,0,Winter
February,2010,"Slush, wet snow","Overcast, cloudy but no precipitation",11,15,0,Winter
February,2010,"Slush, wet snow",Raining,7,12,0,Winter
February,2010,"Slush, wet snow","Snowing, not including drifting snow",158,208,2,Winter
February,2010,"Slush, wet snow","Freezing rain, sleet, hail",9,11,0,Winter
February,2010,"Slush, wet snow",Visibility limitation,4,7,0,Winter
February,2010,"Slush, wet snow",Strong wind,3,3,0,Winter
February,2010,"Slush, wet snow",Other,2,2,0,Winter
February,2010,"Slush, wet snow",Clear and sunny,1,1,0,Winter
February,2010,Icy,Clear and sunny,388,507,4,Winter
February,2010,Icy,"Overcast, cloudy but no precipitation",137,201,6,Winter
February,2010,Icy,Raining,13,19,1,Winter
February,2010,Icy,"Snowing, not including drifting snow",273,363,3,Winter
February,2010,Icy,"Freezing rain, sleet, hail",28,45,0,Winter
February,2010,Icy,Visibility limitation,56,68,0,Winter
February,2010,Icy,Strong wind,15,26,0,Winter
February,2010,Icy,Other,4,7,0,Winter
February,2010,Icy,Clear and sunny,16,17,0,Winter
February,2010,Sand/gravel/dirt,Clear and sunny,7,10,0,Winter
February,2010,Sand/gravel/dirt,"Overcast, cloudy but no precipitation",1,1,0,Winter
February,2010,Sand/gravel/dirt,"Snowing, not including drifting snow",1,1,0,Winter
February,2010,Sand/gravel/dirt,Visibility limitation,1,2,0,Winter
February,2010,Sand/gravel/dirt,Other,1,2,0,Winter
February,2010,Muddy,Clear and sunny,2,2,0,Winter
February,2010,Muddy,"Overcast, cloudy but no precipitation",2,5,0,Winter
February,2010,Muddy,Raining,1,1,0,Winter
February,2010,Muddy,Clear and sunny,1,1,0,Winter
February,2010,Oil,Clear and sunny,1,2,0,Winter
February,2010,Other,Clear and sunny,222,290,6,Winter
February,2010,Other,"Overcast, cloudy but no precipitation",1,1,0,Winter
February,2010,Other,Raining,4,7,0,Winter
February,2010,Other,"Snowing, not including drifting snow",63,79,2,Winter
February,2010,Other,Visibility limitation,35,80,0,Winter
February,2010,Other,Strong wind,2,2,0,Winter
February,2010,Other,Other,11,13,0,Winter
February,2010,Other,Clear and sunny,2,2,0,Winter
February,2010,Wet,Clear and sunny,18,23,1,Winter
February,2010,Wet,"Overcast, cloudy but no precipitation",9,11,0,Winter
February,2010,Wet,"Snowing, not including drifting snow",4,4,0,Winter
February,2010,Wet,Visibility limitation,3,3,0,Winter
February,2010,Wet,Clear and sunny,117,135,2,Winter
February,2011,"Dry, normal",Clear and sunny,2785,3857,26,Winter
February,2011,"Dry, normal","Overcast, cloudy but no precipitation",283,390,7,Winter
February,2011,"Dry, normal",Raining,5,6,0,Winter
February,2011,"Dry, normal","Snowing, not including drifting snow",7,8,1,Winter
February,2011,"Dry, normal",Visibility limitation,6,5,1,Winter
February,2011,"Dry, normal",Strong wind,12,23,1,Winter
February,2011,"Dry, normal",Other,1,3,0,Winter
February,2011,"Dry, normal",Clear and sunny,12,13,0,Winter
February,2011,Wet,Clear and sunny,1012,1381,15,Winter
February,2011,Wet,"Overcast, cloudy but no precipitation",322,410,8,Winter
February,2011,Wet,Raining,234,311,4,Winter
February,2011,Wet,"Snowing, not including drifting snow",178,258,4,Winter
February,2011,Wet,"Freezing rain, sleet, hail",7,8,0,Winter
February,2011,Wet,Visibility limitation,13,21,0,Winter
February,2011,Wet,Strong wind,10,13,0,Winter
February,2011,Wet,Other,4,5,0,Winter
February,2011,Wet,Clear and sunny,2,2,0,Winter
February,2011,"Snow (fresh, loose snow)",Clear and sunny,358,456,6,Winter
February,2011,"Snow (fresh, loose snow)","Overcast, cloudy but no precipitation",150,210,0,Winter
February,2011,"Snow (fresh, loose snow)",Raining,6,8,0,Winter
February,2011,"Snow (fresh, loose snow)","Snowing, not including drifting snow",824,1135,8,Winter
February,2011,"Snow (fresh, loose snow)","Freezing rain, sleet, hail",4,4,0,Winter
February,2011,"Snow (fresh, loose snow)",Visibility limitation,190,265,3,Winter
February,2011,"Snow (fresh, loose snow)",Strong wind,11,13,0,Winter
February,2011,"Snow (fresh, loose snow)",Other,3,6,0,Winter
February,2011,"Snow (fresh, loose snow)",Clear and sunny,9,15,0,Winter
February,2011,"Slush, wet snow",Clear and sunny,143,188,0,Winter
February,2011,"Slush, wet snow","Overcast, cloudy but no precipitation",71,100,1,Winter
February,2011,"Slush, wet snow",Raining,25,29,0,Winter
February,2011,"Slush, wet snow","Snowing, not including drifting snow",167,233,1,Winter
February,2011,"Slush, wet snow","Freezing rain, sleet, hail",6,7,0,Winter
February,2011,"Slush, wet snow",Visibility limitation,16,22,0,Winter
February,2011,"Slush, wet snow",Strong wind,3,3,0,Winter
February,2011,"Slush, wet snow",Other,1,2,0,Winter
February,2011,"Slush, wet snow",Clear and sunny,1,1,0,Winter
February,2011,Icy,Clear and sunny,664,875,9,Winter
February,2011,Icy,"Overcast, cloudy but no precipitation",183,232,7,Winter
February,2011,Icy,Raining,28,36,1,Winter
February,2011,Icy,"Snowing, not including drifting snow",335,501,4,Winter
February,2011,Icy,"Freezing rain, sleet, hail",72,110,1,Winter
February,2011,Icy,Visibility limitation,146,215,2,Winter
February,2011,Icy,Strong wind,39,55,2,Winter
February,2011,Icy,Clear and sunny,36,41,0,Winter
February,2011,Sand/gravel/dirt,Clear and sunny,11,14,1,Winter
February,2011,Sand/gravel/dirt,"Overcast, cloudy but no precipitation",3,6,0,Winter
February,2011,Sand/gravel/dirt,Visibility limitation,1,2,0,Winter
February,2011,Muddy,Clear and sunny,3,3,0,Winter
February,2011,Muddy,"Snowing, not including drifting snow",1,1,0,Winter
February,2011,Other,Clear and sunny,477,608,6,Winter
February,2011,Other,"Overcast, cloudy but no precipitation",1,1,0,Winter
February,2011,Other,Raining,3,4,0,Winter
February,2011,Other,"Snowing, not including drifting snow",225,308,2,Winter
February,2011,Other,"Freezing rain, sleet, hail",3,7,0,Winter
February,2011,Other,Visibility limitation,3,4,0,Winter
February,2011,Other,Strong wind,15,19,1,Winter
February,2011,Other,Other,12,13,0,Winter
February,2011,Other,Clear and sunny,13,21,0,Winter
February,2011,Wet,Clear and sunny,22,25,0,Winter
February,2011,Wet,"Overcast, cloudy but no precipitation",9,10,0,Winter
February,2011,Wet,"Snowing, not including drifting snow",2,2,0,Winter
February,2011,Wet,"Freezing rain, sleet, hail",4,5,0,Winter
February,2011,Wet,Visibility limitation,1,2,0,Winter
February,2011,Wet,Clear and sunny,57,70,1,Winter
February,2012,"Dry, normal",Clear and sunny,3730,5091,51,Winter
February,2012,"Dry, normal","Overcast, cloudy but no precipitation",404,537,8,Winter
February,2012,"Dry, normal",Raining,2,2,0,Winter
February,2012,"Dry, normal","Snowing, not including drifting snow",5,5,0,Winter
February,2012,"Dry, normal",Visibility limitation,22,33,3,Winter
February,2012,"Dry, normal",Strong wind,14,26,0,Winter
February,2012,"Dry, normal",Other,5,5,0,Winter
February,2012,"Dry, normal",Clear and sunny,18,23,0,Winter
February,2012,Wet,Clear and sunny,744,998,14,Winter
February,2012,Wet,"Overcast, cloudy but no precipitation",352,458,7,Winter
February,2012,Wet,Raining,428,565,4,Winter
February,2012,Wet,"Snowing, not including drifting snow",168,217,1,Winter
February,2012,Wet,"Freezing rain, sleet, hail",8,8,0,Winter
February,2012,Wet,Visibility limitation,39,47,5,Winter
February,2012,Wet,Strong wind,8,11,0,Winter
February,2012,Wet,Other,5,5,0,Winter
February,2012,Wet,Clear and sunny,5,6,0,Winter
February,2012,"Snow (fresh, loose snow)",Clear and sunny,167,206,3,Winter
February,2012,"Snow (fresh, loose snow)","Overcast, cloudy but no precipitation",79,102,0,Winter
February,2012,"Snow (fresh, loose snow)",Raining,8,9,0,Winter
February,2012,"Snow (fresh, loose snow)","Snowing, not including drifting snow",491,674,11,Winter
February,2012,"Snow (fresh, loose snow)","Freezing rain, sleet, hail",3,3,0,Winter
February,2012,"Snow (fresh, loose snow)",Visibility limitation,104,143,0,Winter
February,2012,"Snow (fresh, loose snow)",Strong wind,6,6,2,Winter
February,2012,"Snow (fresh, loose snow)",Clear and sunny,5,7,0,Winter
February,2012,"Slush, wet snow",Clear and sunny,93,145,1,Winter
February,2012,"Slush, wet snow","Overcast, cloudy but no precipitation",49,66,0,Winter
February,2012,"Slush, wet snow",Raining,15,22,0,Winter
February,2012,"Slush, wet snow","Snowing, not including drifting snow",153,213,1,Winter
February,2012,"Slush, wet snow","Freezing rain, sleet, hail",11,14,0,Winter
February,2012,"Slush, wet snow",Visibility limitation,16,23,0,Winter
February,2012,"Slush, wet snow",Other,1,1,0,Winter
February,2012,Icy,Clear and sunny,443,563,15,Winter
February,2012,Icy,"Overcast, cloudy but no precipitation",142,187,3,Winter
February,2012,Icy,Raining,18,23,1,Winter
February,2012,Icy,"Snowing, not including drifting snow",248,330,5,Winter
February,2012,Icy,"Freezing rain, sleet, hail",45,60,1,Winter
February,2012,Icy,Visibility limitation,81,124,1,Winter
February,2012,Icy,Strong wind,8,11,0,Winter
February,2012,Icy,Other,6,7,0,Winter
February,2012,Icy,Clear and sunny,36,39,0,Winter
February,2012,Sand/gravel/dirt,Clear and sunny,14,22,2,Winter
February,2012,Sand/gravel/dirt,"Overcast, cloudy but no precipitation",2,4,0,Winter
February,2012,Sand/gravel/dirt,"Snowing, not including drifting snow",1,1,0,Winter
February,2012,Sand/gravel/dirt,Visibility limitation,2,2,0,Winter
February,2012,Muddy,"Overcast, cloudy but no precipitation",2,3,0,Winter
February,2012,Other,Clear and sunny,196,251,8,Winter
February,2012,Other,"Overcast, cloudy but no precipitation",2,2,0,Winter
February,2012,Other,Raining,1,1,0,Winter
February,2012,Other,"Snowing, not including drifting snow",135,176,2,Winter
February,2012,Other,"Freezing rain, sleet, hail",7,9,0,Winter
February,2012,Other,Visibility limitation,1,2,0,Winter
February,2012,Other,Strong wind,1,2,0,Winter
February,2012,Other,Other,3,4,0,Winter
February,2012,Other,Clear and sunny,11,14,0,Winter
February,2012,Wet,Clear and sunny,21,25,0,Winter
February,2012,Wet,"Overcast, cloudy but no precipitation",8,10,0,Winter
February,2012,Wet,Raining,1,1,0,Winter
February,2012,Wet,"Snowing, not including drifting snow",4,5,0,Winter
February,2012,Wet,"Freezing rain, sleet, hail",2,4,0,Winter
February,2012,Wet,Visibility limitation,2,2,0,Winter
February,2012,Wet,Strong wind,1,1,0,Winter
February,2012,Wet,Clear and sunny,59,69,1,Winter
February,2013,"Dry, normal",Clear and sunny,2767,3759,35,Winter
February,2013,"Dry, normal","Overcast, cloudy but no precipitation",329,438,8,Winter
February,2013,"Dry, normal",Raining,5,6,0,Winter
February,2013,"Dry, normal","Snowing, not including drifting snow",3,4,0,Winter
February,2013,"Dry, normal",Visibility limitation,10,15,1,Winter
February,2013,"Dry, normal",Strong wind,6,8,0,Winter
February,2013,"Dry, normal",Other,5,8,0,Winter
February,2013,"Dry, normal",Clear and sunny,10,11,0,Winter
February,2013,Wet,Clear and sunny,821,1114,5,Winter
February,2013,Wet,"Overcast, cloudy but no precipitation",371,490,2,Winter
February,2013,Wet,Raining,302,424,2,Winter
February,2013,Wet,"Snowing, not including drifting snow",198,272,2,Winter
February,2013,Wet,"Freezing rain, sleet, hail",12,19,0,Winter
February,2013,Wet,Visibility limitation,22,30,0,Winter
February,2013,Wet,Strong wind,5,5,0,Winter
February,2013,Wet,Other,9,12,0,Winter
February,2013,Wet,Clear and sunny,5,5,1,Winter
February,2013,"Snow (fresh, loose snow)",Clear and sunny,236,302,3,Winter
February,2013,"Snow (fresh, loose snow)","Overcast, cloudy but no precipitation",100,118,1,Winter
February,2013,"Snow (fresh, loose snow)",Raining,10,12,0,Winter
February,2013,"Snow (fresh, loose snow)","Snowing, not including drifting snow",693,902,12,Winter
February,2013,"Snow (fresh, loose snow)","Freezing rain, sleet, hail",4,5,0,Winter
February,2013,"Snow (fresh, loose snow)",Visibility limitation,166,235,4,Winter
February,2013,"Snow (fresh, loose snow)",Strong wind,13,15,0,Winter
February,2013,"Snow (fresh, loose snow)",Clear and sunny,7,9,0,Winter
February,2013,"Slush, wet snow",Clear and sunny,155,200,1,Winter
February,2013,"Slush, wet snow","Overcast, cloudy but no precipitation",58,70,2,Winter
February,2013,"Slush, wet snow",Raining,28,31,0,Winter
February,2013,"Slush, wet snow","Snowing, not including drifting snow",215,303,4,Winter
February,2013,"Slush, wet snow","Freezing rain, sleet, hail",16,18,0,Winter
February,2013,"Slush, wet snow",Visibility limitation,19,23,0,Winter
February,2013,"Slush, wet snow",Strong wind,5,9,0,Winter
February,2013,"Slush, wet snow",Clear and sunny,2,2,0,Winter
February,2013,Icy,Clear and sunny,669,868,3,Winter
February,2013,Icy,"Overcast, cloudy but no precipitation",186,235,1,Winter
February,2013,Icy,Raining,21,31,0,Winter
February,2013,Icy,"Snowing, not including drifting snow",380,521,3,Winter
February,2013,Icy,"Freezing rain, sleet, hail",44,63,0,Winter
February,2013,Icy,Visibility limitation,153,203,3,Winter
February,2013,Icy,Strong wind,27,34,0,Winter
February,2013,Icy,Other,2,4,0,Winter
February,2013,Icy,Clear and sunny,74,81,0,Winter
February,2013,Sand/gravel/dirt,Clear and sunny,8,9,0,Winter
February,2013,Sand/gravel/dirt,"Overcast, cloudy but no precipitation",4,5,0,Winter
February,2013,Sand/gravel/dirt,"Snowing, not including drifting snow",1,1,0,Winter
February,2013,Muddy,Clear and sunny,5,8,0,Winter
February,2013,Muddy,"Overcast, cloudy but no precipitation",3,4,0,Winter
February,2013,Muddy,"Snowing, not including drifting snow",3,6,0,Winter
February,2013,Muddy,"Freezing rain, sleet, hail",1,3,0,Winter
February,2013,Oil,Clear and sunny,2,2,0,Winter
February,2013,Other,Clear and sunny,263,326,6,Winter
February,2013,Other,"Overcast, cloudy but no precipitation",3,3,0,Winter
February,2013,Other,Raining,1,2,0,Winter
February,2013,Other,"Snowing, not including drifting snow",155,199,5,Winter
February,2013,Other,"Freezing rain, sleet, hail",6,10,0,Winter
February,2013,Other,Visibility limitation,11,15,1,Winter
February,2013,Other,Strong wind,27,34,0,Winter
February,2013,Other,Other,14,15,0,Winter
February,2013,Other,Clear and sunny,6,14,0,Winter
February,2013,Wet,Clear and sunny,15,18,0,Winter
February,2013,Wet,"Overcast, cloudy but no precipitation",2,2,0,Winter
February,2013,Wet,"Snowing, not including drifting snow",3,3,0,Winter
February,2013,Wet,"Freezing rain, sleet, hail",1,1,0,Winter
February,2013,Wet,Strong wind,1,2,0,Winter
February,2013,Wet,Other,2,2,0,Winter
February,2013,Wet,Clear and sunny,52,58,0,Winter
February,2014,"Dry, normal",Clear and sunny,2922,4056,35,Winter
February,2014,"Dry, normal","Overcast, cloudy but no precipitation",271,362,4,Winter
February,2014,"Dry, normal",Raining,5,8,0,Winter
February,2014,"Dry, normal","Snowing, not including drifting snow",7,13,0,Winter
February,2014,"Dry, normal",Visibility limitation,16,22,1,Winter
February,2014,"Dry, normal",Strong wind,8,8,1,Winter
February,2014,"Dry, normal",Other,1,1,0,Winter
February,2014,"Dry, normal",Clear and sunny,15,19,0,Winter
February,2014,Wet,Clear and sunny,873,1162,9,Winter
February,2014,Wet,"Overcast, cloudy but no precipitation",247,338,4,Winter
February,2014,Wet,Raining,194,272,3,Winter
February,2014,Wet,"Snowing, not including drifting snow",95,144,4,Winter
February,2014,Wet,"Freezing rain, sleet, hail",4,4,0,Winter
February,2014,Wet,Visibility limitation,12,19,1,Winter
February,2014,Wet,Strong wind,5,7,0,Winter
February,2014,Wet,Other,1,1,0,Winter
February,2014,Wet,Clear and sunny,5,18,0,Winter
February,2014,"Snow (fresh, loose snow)",Clear and sunny,361,464,1,Winter
February,2014,"Snow (fresh, loose snow)","Overcast, cloudy but no precipitation",108,130,1,Winter
February,2014,"Snow (fresh, loose snow)",Raining,1,1,0,Winter
February,2014,"Snow (fresh, loose snow)","Snowing, not including drifting snow",720,988,4,Winter
February,2014,"Snow (fresh, loose snow)","Freezing rain, sleet, hail",3,4,0,Winter
February,2014,"Snow (fresh, loose snow)",Visibility limitation,131,217,0,Winter
February,2014,"Snow (fresh, loose snow)",Strong wind,18,23,0,Winter
February,2014,"Snow (fresh, loose snow)",Other,1,1,0,Winter
February,2014,"Snow (fresh, loose snow)",Clear and sunny,7,9,0,Winter
February,2014,"Slush, wet snow",Clear and sunny,151,213,0,Winter
February,2014,"Slush, wet snow","Overcast, cloudy but no precipitation",46,62,0,Winter
February,2014,"Slush, wet snow",Raining,20,27,0,Winter
February,2014,"Slush, wet snow","Snowing, not including drifting snow",148,206,1,Winter
February,2014,"Slush, wet snow","Freezing rain, sleet, hail",10,19,1,Winter
February,2014,"Slush, wet snow",Visibility limitation,9,13,0,Winter
February,2014,"Slush, wet snow",Strong wind,5,9,1,Winter
February,2014,"Slush, wet snow",Clear and sunny,1,1,0,Winter
February,2014,Icy,Clear and sunny,1001,1269,2,Winter
February,2014,Icy,"Overcast, cloudy but no precipitation",200,265,8,Winter
February,2014,Icy,Raining,17,24,0,Winter
February,2014,Icy,"Snowing, not including drifting snow",280,390,3,Winter
February,2014,Icy,"Freezing rain, sleet, hail",32,47,0,Winter
February,2014,Icy,Visibility limitation,133,203,1,Winter
February,2014,Icy,Strong wind,32,48,1,Winter
February,2014,Icy,Other,1,1,0,Winter
February,2014,Icy,Clear and sunny,53,57,0,Winter
February,2014,Sand/gravel/dirt,Clear and sunny,12,15,0,Winter
February,2014,Sand/gravel/dirt,"Snowing, not including drifting snow",1,3,0,Winter
February,2014,Sand/gravel/dirt,Clear and sunny,1,1,0,Winter
February,2014,Muddy,Clear and sunny,1,1,0,Winter
February,2014,Muddy,Raining,1,1,0,Winter
February,2014,Oil,Clear and sunny,1,1,0,Winter
February,2014,Other,Clear and sunny,413,523,8,Winter
February,2014,Other,"Overcast, cloudy but no precipitation",3,3,0,Winter
February,2014,Other,Raining,2,5,0,Winter
February,2014,Other,"Snowing, not including drifting snow",121,157,4,Winter
February,2014,Other,"Freezing rain, sleet, hail",3,3,0,Winter
February,2014,Other,Visibility limitation,2,1,2,Winter
February,2014,Other,Strong wind,15,20,0,Winter
February,2014,Other,Other,3,4,0,Winter
February,2014,Other,Clear and sunny,10,14,0,Winter
February,2014,Wet,Clear and sunny,26,30,1,Winter
February,2014,Wet,"Overcast, cloudy but no precipitation",3,3,0,Winter
February,2014,Wet,"Snowing, not including drifting snow",2,2,0,Winter
February,2014,Wet,"Freezing rain, sleet, hail",1,1,0,Winter
February,2014,Wet,Clear and sunny,52,65,0,Winter
February,2015,"Dry, normal",Clear and sunny,2834,3836,28,Winter
February,2015,"Dry, normal","Overcast, cloudy but no precipitation",254,349,4,Winter
February,2015,"Dry, normal",Raining,4,4,0,Winter
February,2015,"Dry, normal","Snowing, not including drifting snow",11,13,0,Winter
February,2015,"Dry, normal",Visibility limitation,9,9,0,Winter
February,2015,"Dry, normal",Strong wind,9,10,0,Winter
February,2015,"Dry, normal",Other,2,2,0,Winter
February,2015,"Dry, normal",Clear and sunny,16,20,0,Winter
February,2015,Wet,Clear and sunny,1002,1397,15,Winter
February,2015,Wet,"Overcast, cloudy but no precipitation",253,350,2,Winter
February,2015,Wet,Raining,285,367,3,Winter
February,2015,Wet,"Snowing, not including drifting snow",119,169,5,Winter
February,2015,Wet,"Freezing rain, sleet, hail",4,5,0,Winter
February,2015,Wet,Visibility limitation,19,22,0,Winter
February,2015,Wet,Strong wind,5,7,0,Winter
February,2015,Wet,Other,4,4,0,Winter
February,2015,Wet,Clear and sunny,3,4,0,Winter
February,2015,"Snow (fresh, loose snow)",Clear and sunny,461,597,1,Winter
February,2015,"Snow (fresh, loose snow)","Overcast, cloudy but no precipitation",137,171,2,Winter
February,2015,"Snow (fresh, loose snow)",Raining,3,5,0,Winter
February,2015,"Snow (fresh, loose snow)","Snowing, not including drifting snow",855,1160,10,Winter
February,2015,"Snow (fresh, loose snow)","Freezing rain, sleet, hail",4,4,0,Winter
February,2015,"Snow (fresh, loose snow)",Visibility limitation,185,274,4,Winter
February,2015,"Snow (fresh, loose snow)",Strong wind,18,29,1,Winter
February,2015,"Snow (fresh, loose snow)",Other,1,1,0,Winter
February,2015,"Snow (fresh, loose snow)",Clear and sunny,9,11,0,Winter
February,2015,"Slush, wet snow",Clear and sunny,172,234,1,Winter
February,2015,"Slush, wet snow","Overcast, cloudy but no precipitation",52,61,0,Winter
February,2015,"Slush, wet snow",Raining,3,4,0,Winter
February,2015,"Slush, wet snow","Snowing, not including drifting snow",171,231,1,Winter
February,2015,"Slush, wet snow","Freezing rain, sleet, hail",8,17,0,Winter
February,2015,"Slush, wet snow",Visibility limitation,8,10,0,Winter
February,2015,"Slush, wet snow",Strong wind,5,6,0,Winter
February,2015,"Slush, wet snow",Other,1,1,0,Winter
February,2015,"Slush, wet snow",Clear and sunny,4,5,0,Winter
February,2015,Icy,Clear and sunny,1188,1534,14,Winter
February,2015,Icy,"Overcast, cloudy but no precipitation",254,303,2,Winter
February,2015,Icy,Raining,8,8,0,Winter
February,2015,Icy,"Snowing, not including drifting snow",452,642,7,Winter
February,2015,Icy,"Freezing rain, sleet, hail",28,40,3,Winter
February,2015,Icy,Visibility limitation,183,248,1,Winter
February,2015,Icy,Strong wind,42,56,1,Winter
February,2015,Icy,Other,6,7,0,Winter
February,2015,Icy,Clear and sunny,65,81,0,Winter
February,2015,Sand/gravel/dirt,Clear and sunny,10,13,0,Winter
February,2015,Sand/gravel/dirt,"Overcast, cloudy but no precipitation",2,2,0,Winter
February,2015,Sand/gravel/dirt,Visibility limitation,1,1,0,Winter
February,2015,Muddy,Clear and sunny,2,2,0,Winter
February,2015,Muddy,"Overcast, cloudy but no precipitation",1,1,0,Winter
February,2015,Oil,Clear and sunny,1,2,0,Winter
February,2015,Flooded,Strong wind,1,1,0,Winter
February,2015,Other,Clear and sunny,392,495,2,Winter
February,2015,Other,"Overcast, cloudy but no precipitation",4,4,0,Winter
February,2015,Other,Raining,15,17,1,Winter
February,2015,Other,"Snowing, not including drifting snow",196,267,1,Winter
February,2015,Other,"Freezing rain, sleet, hail",4,4,0,Winter
February,2015,Other,Visibility limitation,9,13,0,Winter
February,2015,Other,Strong wind,4,4,0,Winter
February,2015,Other,Other,8,10,0,Winter
February,2015,Other,Clear and sunny,13,15,1,Winter
February,2015,Wet,Clear and sunny,20,25,0,Winter
February,2015,Wet,"Overcast, cloudy but no precipitation",2,2,0,Winter
February,2015,Wet,Raining,1,1,0,Winter
February,2015,Wet,"Snowing, not including drifting snow",3,4,2,Winter
February,2015,Wet,Visibility limitation,1,1,0,Winter
February,2015,Wet,Clear and sunny,50,60,1,Winter
February,2016,"Dry, normal",Clear and sunny,3301,4453,37,Winter
February,2016,"Dry, normal","Overcast, cloudy but no precipitation",353,444,4,Winter
February,2016,"Dry, normal",Raining,8,8,0,Winter
February,2016,"Dry, normal","Snowing, not including drifting snow",5,6,0,Winter
February,2016,"Dry, normal",Visibility limitation,8,8,0,Winter
February,2016,"Dry, normal",Strong wind,8,9,0,Winter
February,2016,"Dry, normal",Other,8,10,0,Winter
February,2016,"Dry, normal",Clear and sunny,14,20,1,Winter
February,2016,Wet,Clear and sunny,668,943,8,Winter
February,2016,Wet,"Overcast, cloudy but no precipitation",347,483,5,Winter
February,2016,Wet,Raining,520,724,4,Winter
February,2016,Wet,"Snowing, not including drifting snow",160,215,1,Winter
February,2016,Wet,"Freezing rain, sleet, hail",11,18,0,Winter
February,2016,Wet,Visibility limitation,31,41,0,Winter
February,2016,Wet,Strong wind,5,6,0,Winter
February,2016,Wet,Other,3,7,0,Winter
February,2016,Wet,Clear and sunny,5,6,0,Winter
February,2016,"Snow (fresh, loose snow)",Clear and sunny,264,338,3,Winter
February,2016,"Snow (fresh, loose snow)","Overcast, cloudy but no precipitation",119,177,1,Winter
February,2016,"Snow (fresh, loose snow)",Raining,8,12,0,Winter
February,2016,"Snow (fresh, loose snow)","Snowing, not including drifting snow",531,683,3,Winter
February,2016,"Snow (fresh, loose snow)","Freezing rain, sleet, hail",9,11,0,Winter
February,2016,"Snow (fresh, loose snow)",Visibility limitation,111,167,2,Winter
February,2016,"Snow (fresh, loose snow)",Strong wind,16,22,1,Winter
February,2016,"Snow (fresh, loose snow)",Other,1,1,0,Winter
February,2016,"Snow (fresh, loose snow)",Clear and sunny,5,6,0,Winter
February,2016,"Slush, wet snow",Clear and sunny,88,118,2,Winter
February,2016,"Slush, wet snow","Overcast, cloudy but no precipitation",47,58,0,Winter
February,2016,"Slush, wet snow",Raining,61,76,1,Winter
February,2016,"Slush, wet snow","Snowing, not including drifting snow",165,229,1,Winter
February,2016,"Slush, wet snow","Freezing rain, sleet, hail",46,57,0,Winter
February,2016,"Slush, wet snow",Visibility limitation,12,22,0,Winter
February,2016,"Slush, wet snow",Strong wind,4,5,0,Winter
February,2016,"Slush, wet snow",Clear and sunny,2,3,0,Winter
February,2016,Icy,Clear and sunny,714,927,9,Winter
February,2016,Icy,"Overcast, cloudy but no precipitation",223,285,2,Winter
February,2016,Icy,Raining,65,95,0,Winter
February,2016,Icy,"Snowing, not including drifting snow",340,463,2,Winter
February,2016,Icy,"Freezing rain, sleet, hail",96,120,0,Winter
February,2016,Icy,Visibility limitation,73,102,4,Winter
February,2016,Icy,Strong wind,31,37,0,Winter
February,2016,Icy,Other,3,15,0,Winter
February,2016,Icy,Clear and sunny,14,14,0,Winter
February,2016,Sand/gravel/dirt,Clear and sunny,6,16,0,Winter
February,2016,Sand/gravel/dirt,"Overcast, cloudy but no precipitation",3,3,0,Winter
February,2016,Sand/gravel/dirt,"Freezing rain, sleet, hail",1,1,0,Winter
February,2016,Muddy,Clear and sunny,4,7,0,Winter
February,2016,Muddy,"Overcast, cloudy but no precipitation",1,1,0,Winter
February,2016,Muddy,"Snowing, not including drifting snow",1,1,0,Winter
February,2016,Other,Clear and sunny,120,165,3,Winter
February,2016,Other,Raining,4,5,0,Winter
February,2016,Other,"Snowing, not including drifting snow",71,94,0,Winter
February,2016,Other,"Freezing rain, sleet, hail",2,3,0,Winter
February,2016,Other,Visibility limitation,11,12,0,Winter
February,2016,Other,Strong wind,3,4,0,Winter
February,2016,Other,Other,5,6,1,Winter
February,2016,Other,Clear and sunny,3,4,0,Winter
February,2016,Wet,Clear and sunny,29,34,0,Winter
February,2016,Wet,"Overcast, cloudy but no precipitation",6,6,0,Winter
February,2016,Wet,Raining,3,3,0,Winter
February,2016,Wet,"Snowing, not including drifting snow",1,1,0,Winter
February,2016,Wet,"Freezing rain, sleet, hail",1,2,0,Winter
February,2016,Wet,Strong wind,1,1,0,Winter
February,2016,Wet,Other,1,1,0,Winter
February,2016,Wet,Clear and sunny,53,61,2,Winter
February,2017,"Dry, normal",Clear and sunny,2979,4082,32,Winter
February,2017,"Dry, normal","Overcast, cloudy but no precipitation",279,370,5,Winter
February,2017,"Dry, normal",Raining,5,7,0,Winter
February,2017,"Dry, normal","Snowing, not including drifting snow",7,8,1,Winter
February,2017,"Dry, normal",Visibility limitation,9,12,0,Winter
February,2017,"Dry, normal",Strong wind,2,2,0,Winter
February,2017,"Dry, normal",Other,4,6,0,Winter
February,2017,"Dry, normal",Clear and sunny,12,15,1,Winter
February,2017,Wet,Clear and sunny,794,1075,8,Winter
February,2017,Wet,"Overcast, cloudy but no precipitation",268,356,2,Winter
February,2017,Wet,Raining,266,368,3,Winter
February,2017,Wet,"Snowing, not including drifting snow",115,155,3,Winter
February,2017,Wet,"Freezing rain, sleet, hail",13,15,0,Winter
February,2017,Wet,Visibility limitation,38,52,0,Winter
February,2017,Wet,Strong wind,3,3,0,Winter
February,2017,Wet,Other,3,4,0,Winter
February,2017,Wet,Clear and sunny,9,15,0,Winter
February,2017,"Snow (fresh, loose snow)",Clear and sunny,250,322,4,Winter
February,2017,"Snow (fresh, loose snow)","Overcast, cloudy but no precipitation",140,168,1,Winter
February,2017,"Snow (fresh, loose snow)",Raining,6,7,0,Winter
February,2017,"Snow (fresh, loose snow)","Snowing, not including drifting snow",694,939,5,Winter
February,2017,"Snow (fresh, loose snow)","Freezing rain, sleet, hail",4,6,0,Winter
February,2017,"Snow (fresh, loose snow)",Visibility limitation,98,138,1,Winter
February,2017,"Snow (fresh, loose snow)",Strong wind,7,8,1,Winter
February,2017,"Snow (fresh, loose snow)",Clear and sunny,8,10,0,Winter
February,2017,"Slush, wet snow",Clear and sunny,91,117,1,Winter
February,2017,"Slush, wet snow","Overcast, cloudy but no precipitation",59,79,0,Winter
February,2017,"Slush, wet snow",Raining,14,20,2,Winter
February,2017,"Slush, wet snow","Snowing, not including drifting snow",124,173,4,Winter
February,2017,"Slush, wet snow","Freezing rain, sleet, hail",11,13,0,Winter
February,2017,"Slush, wet snow",Visibility limitation,8,14,0,Winter
February,2017,"Slush, wet snow",Strong wind,2,4,0,Winter
February,2017,"Slush, wet snow",Clear and sunny,4,5,0,Winter
February,2017,Icy,Clear and sunny,551,709,3,Winter
February,2017,Icy,"Overcast, cloudy but no precipitation",201,248,3,Winter
February,2017,Icy,Raining,9,11,0,Winter
February,2017,Icy,"Snowing, not including drifting snow",243,333,3,Winter
February,2017,Icy,"Freezing rain, sleet, hail",49,80,0,Winter
February,2017,Icy,Visibility limitation,28,36,2,Winter
February,2017,Icy,Strong wind,15,18,0,Winter
February,2017,Icy,Other,3,3,0,Winter
February,2017,Icy,Clear and sunny,19,24,0,Winter
February,2017,Sand/gravel/dirt,Clear and sunny,11,19,0,Winter
February,2017,Sand/gravel/dirt,"Overcast, cloudy but no precipitation",1,3,0,Winter
February,2017,Muddy,Clear and sunny,6,6,0,Winter
February,2017,Muddy,"Overcast, cloudy but no precipitation",1,1,0,Winter
February,2017,Muddy,"Snowing, not including drifting snow",1,1,0,Winter
February,2017,Flooded,Clear and sunny,1,1,0,Winter
February,2017,Other,Clear and sunny,259,332,3,Winter
February,2017,Other,"Overcast, cloudy but no precipitation",2,2,0,Winter
February,2017,Other,Raining,3,4,0,Winter
February,2017,Other,"Snowing, not including drifting snow",165,198,3,Winter
February,2017,Other,"Freezing rain, sleet, hail",4,5,0,Winter
February,2017,Other,Visibility limitation,5,5,0,Winter
February,2017,Other,Strong wind,8,9,1,Winter
February,2017,Other,Other,5,7,0,Winter
February,2017,Other,Clear and sunny,8,9,0,Winter
February,2017,Wet,Clear and sunny,30,39,0,Winter
February,2017,Wet,"Overcast, cloudy but no precipitation",4,11,0,Winter
February,2017,Wet,Raining,2,2,0,Winter
February,2017,Wet,"Snowing, not including drifting snow",6,5,1,Winter
February,2017,Wet,Clear and sunny,51,63,0,Winter
February,2018,"Dry, normal",Clear and sunny,2592,3530,39,Winter
February,2018,"Dry, normal","Overcast, cloudy but no precipitation",240,320,3,Winter
February,2018,"Dry, normal",Raining,1,1,0,Winter
February,2018,"Dry, normal","Snowing, not including drifting snow",7,10,1,Winter
February,2018,"Dry, normal",Visibility limitation,10,17,1,Winter
February,2018,"Dry, normal",Strong wind,5,5,0,Winter
February,2018,"Dry, normal",Other,3,4,0,Winter
February,2018,"Dry, normal",Clear and sunny,12,12,0,Winter
February,2018,Wet,Clear and sunny,835,1141,6,Winter
February,2018,Wet,"Overcast, cloudy but no precipitation",288,418,6,Winter
February,2018,Wet,Raining,404,559,2,Winter
February,2018,Wet,"Snowing, not including drifting snow",82,113,2,Winter
February,2018,Wet,"Freezing rain, sleet, hail",12,17,0,Winter
February,2018,Wet,Visibility limitation,57,83,1,Winter
February,2018,Wet,Strong wind,5,10,0,Winter
February,2018,Wet,Other,4,4,0,Winter
February,2018,Wet,Clear and sunny,10,13,0,Winter
February,2018,"Snow (fresh, loose snow)",Clear and sunny,329,408,7,Winter
February,2018,"Snow (fresh, loose snow)","Overcast, cloudy but no precipitation",108,140,0,Winter
February,2018,"Snow (fresh, loose snow)",Raining,4,6,0,Winter
February,2018,"Snow (fresh, loose snow)","Snowing, not including drifting snow",709,934,12,Winter
February,2018,"Snow (fresh, loose snow)","Freezing rain, sleet, hail",2,3,0,Winter
February,2018,"Snow (fresh, loose snow)",Visibility limitation,68,86,1,Winter
February,2018,"Snow (fresh, loose snow)",Strong wind,3,5,0,Winter
February,2018,"Snow (fresh, loose snow)",Other,2,2,0,Winter
February,2018,"Snow (fresh, loose snow)",Clear and sunny,8,8,0,Winter
February,2018,"Slush, wet snow",Clear and sunny,131,172,1,Winter
February,2018,"Slush, wet snow","Overcast, cloudy but no precipitation",39,50,1,Winter
February,2018,"Slush, wet snow",Raining,17,20,0,Winter
February,2018,"Slush, wet snow","Snowing, not including drifting snow",128,175,0,Winter
February,2018,"Slush, wet snow","Freezing rain, sleet, hail",24,38,1,Winter
February,2018,"Slush, wet snow",Visibility limitation,6,8,0,Winter
February,2018,"Slush, wet snow",Strong wind,1,2,0,Winter
February,2018,"Slush, wet snow",Clear and sunny,4,6,0,Winter
February,2018,Icy,Clear and sunny,751,973,12,Winter
February,2018,Icy,"Overcast, cloudy but no precipitation",180,245,1,Winter
February,2018,Icy,Raining,35,46,1,Winter
February,2018,Icy,"Snowing, not including drifting snow",255,360,4,Winter
February,2018,Icy,"Freezing rain, sleet, hail",105,154,0,Winter
February,2018,Icy,Visibility limitation,52,81,2,Winter
February,2018,Icy,Strong wind,16,19,0,Winter
February,2018,Icy,Other,3,4,0,Winter
February,2018,Icy,Clear and sunny,35,51,0,Winter
February,2018,Sand/gravel/dirt,Clear and sunny,6,7,0,Winter
February,2018,Sand/gravel/dirt,"Overcast, cloudy but no precipitation",1,1,0,Winter
February,2018,Muddy,Clear and sunny,3,3,0,Winter
February,2018,Muddy,Raining,1,1,0,Winter
February,2018,Muddy,"Freezing rain, sleet, hail",1,1,0,Winter
February,2018,Oil,Clear and sunny,1,2,0,Winter
February,2018,Flooded,Raining,1,1,0,Winter
February,2018,Other,Clear and sunny,567,743,2,Winter
February,2018,Other,"Overcast, cloudy but no precipitation",3,3,0,Winter
February,2018,Other,Raining,11,16,1,Winter
February,2018,Other,"Snowing, not including drifting snow",265,367,5,Winter
February,2018,Other,"Freezing rain, sleet, hail",1,1,0,Winter
February,2018,Other,Visibility limitation,5,60,1,Winter
February,2018,Other,Strong wind,24,31,1,Winter
February,2018,Other,Other,17,24,0,Winter
February,2018,Other,Clear and sunny,22,29,1,Winter
February,2018,Wet,Clear and sunny,30,34,0,Winter
February,2018,Wet,"Overcast, cloudy but no precipitation",6,6,0,Winter
February,2018,Wet,"Snowing, not including drifting snow",3,3,0,Winter
February,2018,Wet,Strong wind,1,1,0,Winter
February,2018,Wet,Clear and sunny,68,83,3,Winter
February,2019,"Dry, normal",Clear and sunny,2106,2835,24,Winter
February,2019,"Dry, normal","Overcast, cloudy but no precipitation",206,266,1,Winter
February,2019,"Dry, normal","Snowing, not including drifting snow",6,8,0,Winter
February,2019,"Dry, normal",Visibility limitation,9,13,0,Winter
February,2019,"Dry, normal",Strong wind,19,26,0,Winter
February,2019,"Dry, normal",Other,6,8,0,Winter
February,2019,"Dry, normal",Clear and sunny,11,15,0,Winter
February,2019,Wet,Clear and sunny,674,903,9,Winter
February,2019,Wet,"Overcast, cloudy but no precipitation",183,249,1,Winter
February,2019,Wet,Raining,199,253,3,Winter
February,2019,Wet,"Snowing, not including drifting snow",69,79,2,Winter
February,2019,Wet,"Freezing rain, sleet, hail",11,15,0,Winter
February,2019,Wet,Visibility limitation,29,34,0,Winter
February,2019,Wet,Strong wind,8,10,0,Winter
February,2019,Wet,Other,2,2,0,Winter
February,2019,Wet,Clear and sunny,4,4,0,Winter
February,2019,"Snow (fresh, loose snow)",Clear and sunny,350,447,6,Winter
February,2019,"Snow (fresh, loose snow)","Overcast, cloudy but no precipitation",132,175,4,Winter
February,2019,"Snow (fresh, loose snow)",Raining,9,13,0,Winter
February,2019,"Snow (fresh, loose snow)","Snowing, not including drifting snow",637,850,8,Winter
February,2019,"Snow (fresh, loose snow)","Freezing rain, sleet, hail",9,15,0,Winter
February,2019,"Snow (fresh, loose snow)",Visibility limitation,254,410,5,Winter
February,2019,"Snow (fresh, loose snow)",Strong wind,23,38,0,Winter
February,2019,"Snow (fresh, loose snow)",Other,1,1,0,Winter
February,2019,"Snow (fresh, loose snow)",Clear and sunny,11,12,0,Winter
February,2019,"Slush, wet snow",Clear and sunny,88,108,1,Winter
February,2019,"Slush, wet snow","Overcast, cloudy but no precipitation",47,66,0,Winter
February,2019,"Slush, wet snow",Raining,27,36,0,Winter
February,2019,"Slush, wet snow","Snowing, not including drifting snow",92,127,2,Winter
February,2019,"Slush, wet snow","Freezing rain, sleet, hail",51,66,0,Winter
February,2019,"Slush, wet snow",Visibility limitation,7,9,0,Winter
February,2019,"Slush, wet snow",Strong wind,2,3,0,Winter
February,2019,"Slush, wet snow",Clear and sunny,2,2,0,Winter
February,2019,Icy,Clear and sunny,945,1210,3,Winter
February,2019,Icy,"Overcast, cloudy but no precipitation",248,344,2,Winter
February,2019,Icy,Raining,26,47,0,Winter
February,2019,Icy,"Snowing, not including drifting snow",325,441,3,Winter
February,2019,Icy,"Freezing rain, sleet, hail",105,137,1,Winter
February,2019,Icy,Visibility limitation,177,302,2,Winter
February,2019,Icy,Strong wind,35,36,1,Winter
February,2019,Icy,Other,1,1,0,Winter
February,2019,Icy,Clear and sunny,54,63,0,Winter
February,2019,Sand/gravel/dirt,Clear and sunny,7,8,0,Winter
February,2019,Sand/gravel/dirt,"Overcast, cloudy but no precipitation",1,1,0,Winter
February,2019,Muddy,Clear and sunny,2,2,0,Winter
February,2019,Other,Clear and sunny,642,795,3,Winter
February,2019,Other,"Overcast, cloudy but no precipitation",4,4,0,Winter
February,2019,Other,"Snowing, not including drifting snow",270,352,10,Winter
February,2019,Other,"Freezing rain, sleet, hail",3,4,0,Winter
February,2019,Other,Visibility limitation,9,15,0,Winter
February,2019,Other,Strong wind,9,9,0,Winter
February,2019,Other,Other,16,23,0,Winter
February,2019,Other,Clear and sunny,18,20,0,Winter
February,2019,Wet,Clear and sunny,12,17,0,Winter
February,2019,Wet,"Overcast, cloudy but no precipitation",6,7,0,Winter
February,2019,Wet,Raining,1,1,0,Winter
February,2019,Wet,"Snowing, not including drifting snow",3,4,0,Winter
February,2019,Wet,Visibility limitation,3,3,0,Winter
February,2019,Wet,Strong wind,1,2,0,Winter
February,2019,Wet,Clear and sunny,70,82,1,Winter
February,2020,"Dry, normal",Clear and sunny,2890,3872,39,Winter
February,2020,"Dry, normal","Overcast, cloudy but no precipitation",235,309,1,Winter
February,2020,"Dry, normal","Snowing, not including drifting snow",9,10,0,Winter
February,2020,"Dry, normal",Visibility limitation,3,5,0,Winter
February,2020,"Dry, normal",Strong wind,5,7,0,Winter
February,2020,"Dry, normal",Other,5,7,0,Winter
February,2020,"Dry, normal",Clear and sunny,20,24,1,Winter
February,2020,Wet,Clear and sunny,678,936,10,Winter
February,2020,Wet,"Overcast, cloudy but no precipitation",185,250,3,Winter
February,2020,Wet,Raining,115,146,1,Winter
February,2020,Wet,"Snowing, not including drifting snow",185,241,3,Winter
February,2020,Wet,"Freezing rain, sleet, hail",1,1,0,Winter
February,2020,Wet,Visibility limitation,13,16,0,Winter
February,2020,Wet,Strong wind,7,11,0,Winter
February,2020,Wet,Other,3,4,0,Winter
February,2020,Wet,Clear and sunny,5,6,0,Winter
February,2020,"Snow (fresh, loose snow)",Clear and sunny,255,314,3,Winter
February,2020,"Snow (fresh, loose snow)","Overcast, cloudy but no precipitation",106,130,2,Winter
February,2020,"Snow (fresh, loose snow)",Raining,5,5,0,Winter
February,2020,"Snow (fresh, loose snow)","Snowing, not including drifting snow",826,1073,9,Winter
February,2020,"Snow (fresh, loose snow)","Freezing rain, sleet, hail",2,2,0,Winter
February,2020,"Snow (fresh, loose snow)",Visibility limitation,30,40,0,Winter
February,2020,"Snow (fresh, loose snow)",Strong wind,13,17,0,Winter
February,2020,"Snow (fresh, loose snow)",Clear and sunny,14,19,0,Winter
February,2020,"Slush, wet snow",Clear and sunny,68,85,2,Winter
February,2020,"Slush, wet snow","Overcast, cloudy but no precipitation",40,57,0,Winter
February,2020,"Slush, wet snow",Raining,9,10,0,Winter
February,2020,"Slush, wet snow","Snowing, not including drifting snow",129,169,1,Winter
February,2020,"Slush, wet snow","Freezing rain, sleet, hail",15,23,0,Winter
February,2020,"Slush, wet snow",Visibility limitation,5,5,0,Winter
February,2020,"Slush, wet snow",Strong wind,2,3,0,Winter
February,2020,"Slush, wet snow",Other,1,1,0,Winter
February,2020,"Slush, wet snow",Clear and sunny,1,1,0,Winter
February,2020,Icy,Clear and sunny,458,589,3,Winter
February,2020,Icy,"Overcast, cloudy but no precipitation",141,190,1,Winter
February,2020,Icy,Raining,4,5,0,Winter
February,2020,Icy,"Snowing, not including drifting snow",272,404,7,Winter
February,2020,Icy,"Freezing rain, sleet, hail",19,23,0,Winter
February,2020,Icy,Visibility limitation,48,61,1,Winter
February,2020,Icy,Strong wind,26,37,0,Winter
February,2020,Icy,Other,2,3,0,Winter
February,2020,Icy,Clear and sunny,19,26,0,Winter
February,2020,Sand/gravel/dirt,Clear and sunny,8,9,0,Winter
February,2020,Sand/gravel/dirt,"Overcast, cloudy but no precipitation",1,1,0,Winter
February,2020,Muddy,Clear and sunny,3,3,0,Winter
February,2020,Other,Clear and sunny,343,444,4,Winter
February,2020,Other,"Overcast, cloudy but no precipitation",4,4,0,Winter
February,2020,Other,Raining,2,3,0,Winter
February,2020,Other,"Snowing, not including drifting snow",167,237,6,Winter
February,2020,Other,"Freezing rain, sleet, hail",4,7,0,Winter
February,2020,Other,Visibility limitation,4,4,0,Winter
February,2020,Other,Strong wind,11,19,2,Winter
February,2020,Other,Other,3,3,0,Winter
February,2020,Other,Clear and sunny,14,15,0,Winter
February,2020,Wet,Clear and sunny,26,28,0,Winter
February,2020,Wet,"Overcast, cloudy but no precipitation",6,7,0,Winter
February,2020,Wet,Raining,1,1,0,Winter
February,2020,Wet,"Snowing, not including drifting snow",4,5,0,Winter
February,2020,Wet,Visibility limitation,1,1,0,Winter
February,2020,Wet,Other,1,1,0,Winter
February,2020,Wet,Clear and sunny,53,66,4,Winter
February,2021,"Dry, normal",Clear and sunny,1896,2481,29,Winter
February,2021,"Dry, normal","Overcast, cloudy but no precipitation",193,254,2,Winter
February,2021,"Dry, normal","Snowing, not including drifting snow",1,2,0,Winter
February,2021,"Dry, normal","Freezing rain, sleet, hail",1,2,0,Winter
February,2021,"Dry, normal",Visibility limitation,2,2,0,Winter
February,2021,"Dry, normal",Strong wind,7,8,0,Winter
February,2021,"Dry, normal",Other,1,2,0,Winter
February,2021,"Dry, normal",Clear and sunny,11,14,0,Winter
February,2021,Wet,Clear and sunny,490,632,5,Winter
February,2021,Wet,"Overcast, cloudy but no precipitation",151,194,1,Winter
February,2021,Wet,Raining,87,113,0,Winter
February,2021,Wet,"Snowing, not including drifting snow",101,129,2,Winter
February,2021,Wet,"Freezing rain, sleet, hail",1,1,0,Winter
February,2021,Wet,Visibility limitation,7,7,0,Winter
February,2021,Wet,Strong wind,4,4,0,Winter
February,2021,Wet,Other,1,2,0,Winter
February,2021,Wet,Clear and sunny,4,4,0,Winter
February,2021,"Snow (fresh, loose snow)",Clear and sunny,221,278,3,Winter
February,2021,"Snow (fresh, loose snow)","Overcast, cloudy but no precipitation",82,100,2,Winter
February,2021,"Snow (fresh, loose snow)",Raining,3,3,0,Winter
February,2021,"Snow (fresh, loose snow)","Snowing, not including drifting snow",581,748,9,Winter
February,2021,"Snow (fresh, loose snow)","Freezing rain, sleet, hail",3,3,0,Winter
February,2021,"Snow (fresh, loose snow)",Visibility limitation,27,37,1,Winter
February,2021,"Snow (fresh, loose snow)",Strong wind,9,13,0,Winter
February,2021,"Snow (fresh, loose snow)",Other,1,1,0,Winter
February,2021,"Snow (fresh, loose snow)",Clear and sunny,10,11,0,Winter
February,2021,"Slush, wet snow",Clear and sunny,73,93,2,Winter
February,2021,"Slush, wet snow","Overcast, cloudy but no precipitation",44,60,0,Winter
February,2021,"Slush, wet snow",Raining,8,13,0,Winter
February,2021,"Slush, wet snow","Snowing, not including drifting snow",112,147,2,Winter
February,2021,"Slush, wet snow","Freezing rain, sleet, hail",2,3,0,Winter
February,2021,"Slush, wet snow",Visibility limitation,2,2,0,Winter
February,2021,"Slush, wet snow",Strong wind,5,5,0,Winter
February,2021,"Slush, wet snow",Other,1,1,0,Winter
February,2021,"Slush, wet snow",Clear and sunny,1,2,0,Winter
February,2021,Icy,Clear and sunny,446,579,5,Winter
February,2021,Icy,"Overcast, cloudy but no precipitation",108,144,4,Winter
February,2021,Icy,Raining,2,2,0,Winter
February,2021,Icy,"Snowing, not including drifting snow",201,252,5,Winter
February,2021,Icy,"Freezing rain, sleet, hail",16,25,0,Winter
February,2021,Icy,Visibility limitation,29,40,1,Winter
February,2021,Icy,Strong wind,17,20,0,Winter
February,2021,Icy,Other,1,2,0,Winter
February,2021,Icy,Clear and sunny,20,27,0,Winter
February,2021,Sand/gravel/dirt,Clear and sunny,3,5,0,Winter
February,2021,Sand/gravel/dirt,"Overcast, cloudy but no precipitation",2,2,0,Winter
February,2021,Sand/gravel/dirt,Strong wind,1,1,0,Winter
February,2021,Sand/gravel/dirt,Other,1,1,0,Winter
February,2021,Muddy,Clear and sunny,3,3,0,Winter
February,2021,Muddy,"Snowing, not including drifting snow",2,2,0,Winter
February,2021,Other,Clear and sunny,297,376,3,Winter
February,2021,Other,"Overcast, cloudy but no precipitation",2,2,0,Winter
February,2021,Other,Raining,1,1,0,Winter
February,2021,Other,"Snowing, not including drifting snow",168,212,3,Winter
February,2021,Other,"Freezing rain, sleet, hail",2,3,0,Winter
February,2021,Other,Visibility limitation,6,6,0,Winter
February,2021,Other,Strong wind,15,18,0,Winter
February,2021,Other,Other,4,5,0,Winter
February,2021,Other,Clear and sunny,9,9,0,Winter
February,2021,Wet,Clear and sunny,18,24,0,Winter
February,2021,Wet,"Overcast, cloudy but no precipitation",6,6,0,Winter
February,2021,Wet,Raining,2,2,0,Winter
February,2021,Wet,"Snowing, not including drifting snow",3,3,0,Winter
February,2021,Wet,Strong wind,1,2,0,Winter
February,2021,Wet,Clear and sunny,38,42,4,Winter
March,2010,"Dry, normal",Clear and sunny,5509,7594,89,Spring
March,2010,"Dry, normal","Overcast, cloudy but no precipitation",547,731,12,Spring
March,2010,"Dry, normal",Raining,6,7,1,Spring
March,2010,"Dry, normal","Snowing, not including drifting snow",2,2,0,Spring
March,2010,"Dry, normal",Visibility limitation,28,34,4,Spring
March,2010,"Dry, normal",Strong wind,10,15,0,Spring
March,2010,"Dry, normal",Other,5,5,0,Spring
March,2010,"Dry, normal",Clear and sunny,9,8,1,Spring
March,2010,Wet,Clear and sunny,212,286,1,Spring
March,2010,Wet,"Overcast, cloudy but no precipitation",182,240,4,Spring
March,2010,Wet,Raining,670,961,7,Spring
March,2010,Wet,"Snowing, not including drifting snow",52,70,0,Spring
March,2010,Wet,"Freezing rain, sleet, hail",2,2,0,Spring
March,2010,Wet,Visibility limitation,33,61,2,Spring
March,2010,Wet,Strong wind,3,3,0,Spring
March,2010,Wet,Clear and sunny,4,4,0,Spring
March,2010,"Snow (fresh, loose snow)",Clear and sunny,30,36,2,Spring
March,2010,"Snow (fresh, loose snow)","Overcast, cloudy but no precipitation",17,21,0,Spring
March,2010,"Snow (fresh, loose snow)","Snowing, not including drifting snow",96,125,2,Spring
March,2010,"Snow (fresh, loose snow)","Freezing rain, sleet, hail",1,2,0,Spring
March,2010,"Snow (fresh, loose snow)",Visibility limitation,21,27,1,Spring
March,2010,"Snow (fresh, loose snow)",Clear and sunny,1,1,0,Spring
March,2010,"Slush, wet snow",Clear and sunny,14,22,0,Spring
March,2010,"Slush, wet snow","Overcast, cloudy but no precipitation",12,17,0,Spring
March,2010,"Slush, wet snow","Snowing, not including drifting snow",65,92,2,Spring
March,2010,"Slush, wet snow","Freezing rain, sleet, hail",9,15,2,Spring
March,2010,"Slush, wet snow",Visibility limitation,9,12,0,Spring
March,2010,"Slush, wet snow",Strong wind,1,1,0,Spring
March,2010,Icy,Clear and sunny,110,139,0,Spring
March,2010,Icy,"Overcast, cloudy but no precipitation",40,49,0,Spring
March,2010,Icy,Raining,4,6,0,Spring
March,2010,Icy,"Snowing, not including drifting snow",33,41,1,Spring
March,2010,Icy,"Freezing rain, sleet, hail",11,15,0,Spring
March,2010,Icy,Visibility limitation,22,34,0,Spring
March,2010,Icy,Strong wind,2,3,0,Spring
March,2010,Icy,Clear and sunny,4,5,0,Spring
March,2010,Sand/gravel/dirt,Clear and sunny,27,33,1,Spring
March,2010,Sand/gravel/dirt,"Overcast, cloudy but no precipitation",7,9,0,Spring
March,2010,Sand/gravel/dirt,Raining,2,2,0,Spring
March,2010,Sand/gravel/dirt,Clear and sunny,1,1,0,Spring
March,2010,Muddy,Clear and sunny,12,17,0,Spring
March,2010,Muddy,"Overcast, cloudy but no precipitation",2,6,0,Spring
March,2010,Muddy,Raining,1,1,0,Spring
March,2010,Muddy,Visibility limitation,1,1,0,Spring
March,2010,Other,Clear and sunny,70,95,1,Spring
March,2010,Other,Raining,1,1,0,Spring
March,2010,Other,"Snowing, not including drifting snow",33,48,1,Spring
March,2010,Other,"Freezing rain, sleet, hail",4,7,0,Spring
March,2010,Other,Visibility limitation,5,18,0,Spring
March,2010,Other,Strong wind,1,1,0,Spring
March,2010,Other,Clear and sunny,2,2,0,Spring
March,2010,Wet,Clear and sunny,34,39,0,Spring
March,2010,Wet,"Overcast, cloudy but no precipitation",1,1,0,Spring
March,2010,Wet,Raining,2,4,0,Spring
March,2010,Wet,"Snowing, not including drifting snow",4,6,0,Spring
March,2010,Wet,"Freezing rain, sleet, hail",1,2,0,Spring
March,2010,Wet,Visibility limitation,2,2,0,Spring
March,2010,Wet,Clear and sunny,96,112,1,Spring
March,2011,"Dry, normal",Clear and sunny,3793,5191,55,Spring
March,2011,"Dry, normal","Overcast, cloudy but no precipitation",396,506,11,Spring
March,2011,"Dry, normal",Raining,1,1,0,Spring
March,2011,"Dry, normal","Snowing, not including drifting snow",11,14,0,Spring
March,2011,"Dry, normal","Freezing rain, sleet, hail",1,1,0,Spring
March,2011,"Dry, normal",Visibility limitation,16,21,0,Spring
March,2011,"Dry, normal",Strong wind,8,8,0,Spring
March,2011,"Dry, normal",Other,3,6,0,Spring
March,2011,"Dry, normal",Clear and sunny,16,22,0,Spring
March,2011,Wet,Clear and sunny,529,700,4,Spring
March,2011,Wet,"Overcast, cloudy but no precipitation",262,344,5,Spring
March,2011,Wet,Raining,709,938,17,Spring
March,2011,Wet,"Snowing, not including drifting snow",105,146,1,Spring
March,2011,Wet,"Freezing rain, sleet, hail",7,10,2,Spring
March,2011,Wet,Visibility limitation,26,40,0,Spring
March,2011,Wet,Strong wind,3,2,1,Spring
March,2011,Wet,Other,7,10,0,Spring
March,2011,Wet,Clear and sunny,13,16,0,Spring
March,2011,"Snow (fresh, loose snow)",Clear and sunny,163,198,2,Spring
March,2011,"Snow (fresh, loose snow)","Overcast, cloudy but no precipitation",54,72,0,Spring
March,2011,"Snow (fresh, loose snow)",Raining,9,13,0,Spring
March,2011,"Snow (fresh, loose snow)","Snowing, not including drifting snow",412,528,7,Spring
March,2011,"Snow (fresh, loose snow)","Freezing rain, sleet, hail",6,7,0,Spring
March,2011,"Snow (fresh, loose snow)",Visibility limitation,109,147,4,Spring
March,2011,"Snow (fresh, loose snow)",Strong wind,10,11,0,Spring
March,2011,"Snow (fresh, loose snow)",Other,1,1,0,Spring
March,2011,"Slush, wet snow",Clear and sunny,52,68,0,Spring
March,2011,"Slush, wet snow","Overcast, cloudy but no precipitation",30,42,0,Spring
March,2011,"Slush, wet snow",Raining,40,54,1,Spring
March,2011,"Slush, wet snow","Snowing, not including drifting snow",163,222,1,Spring
March,2011,"Slush, wet snow","Freezing rain, sleet, hail",17,21,0,Spring
March,2011,"Slush, wet snow",Visibility limitation,15,18,2,Spring
March,2011,"Slush, wet snow",Strong wind,3,4,0,Spring
March,2011,"Slush, wet snow",Clear and sunny,1,3,0,Spring
March,2011,Icy,Clear and sunny,463,607,4,Spring
March,2011,Icy,"Overcast, cloudy but no precipitation",153,200,2,Spring
March,2011,Icy,Raining,37,44,2,Spring
March,2011,Icy,"Snowing, not including drifting snow",201,267,1,Spring
March,2011,Icy,"Freezing rain, sleet, hail",49,63,1,Spring
March,2011,Icy,Visibility limitation,129,192,3,Spring
March,2011,Icy,Strong wind,38,49,0,Spring
March,2011,Icy,Other,3,3,0,Spring
March,2011,Icy,Clear and sunny,32,35,0,Spring
March,2011,Sand/gravel/dirt,Clear and sunny,19,23,0,Spring
March,2011,Sand/gravel/dirt,"Overcast, cloudy but no precipitation",2,2,0,Spring
March,2011,Sand/gravel/dirt,"Snowing, not including drifting snow",1,1,0,Spring
March,2011,Sand/gravel/dirt,Strong wind,1,1,0,Spring
March,2011,Sand/gravel/dirt,Other,1,0,1,Spring
March,2011,Sand/gravel/dirt,Clear and sunny,1,1,0,Spring
March,2011,Muddy,Clear and sunny,9,10,1,Spring
March,2011,Muddy,"Overcast, cloudy but no precipitation",1,1,0,Spring
March,2011,Muddy,"Snowing, not including drifting snow",1,1,0,Spring
March,2011,Flooded,Raining,1,1,0,Spring
March,2011,Other,Clear and sunny,394,507,1,Spring
March,2011,Other,"Overcast, cloudy but no precipitation",1,1,0,Spring
March,2011,Other,Raining,7,11,0,Spring
March,2011,Other,"Snowing, not including drifting snow",264,358,1,Spring
March,2011,Other,"Freezing rain, sleet, hail",13,19,0,Spring
March,2011,Other,Visibility limitation,17,24,0,Spring
March,2011,Other,Strong wind,5,9,0,Spring
March,2011,Other,Other,13,17,0,Spring
March,2011,Other,Clear and sunny,18,24,2,Spring
March,2011,Wet,Clear and sunny,20,24,0,Spring
March,2011,Wet,"Overcast, cloudy but no precipitation",2,2,0,Spring
March,2011,Wet,Raining,1,1,0,Spring
March,2011,Wet,"Snowing, not including drifting snow",2,4,0,Spring
March,2011,Wet,"Freezing rain, sleet, hail",2,4,0,Spring
March,2011,Wet,Strong wind,1,1,0,Spring
March,2011,Wet,Clear and sunny,67,82,1,Spring
March,2012,"Dry, normal",Clear and sunny,5101,6913,88,Spring
March,2012,"Dry, normal","Overcast, cloudy but no precipitation",462,636,5,Spring
March,2012,"Dry, normal",Raining,8,9,0,Spring
March,2012,"Dry, normal","Snowing, not including drifting snow",9,9,0,Spring
March,2012,"Dry, normal","Freezing rain, sleet, hail",1,1,0,Spring
March,2012,"Dry, normal",Visibility limitation,51,77,2,Spring
March,2012,"Dry, normal",Strong wind,20,24,4,Spring
March,2012,"Dry, normal",Other,6,8,0,Spring
March,2012,"Dry, normal",Clear and sunny,33,39,0,Spring
March,2012,Wet,Clear and sunny,394,521,10,Spring
March,2012,Wet,"Overcast, cloudy but no precipitation",296,393,6,Spring
March,2012,Wet,Raining,617,828,6,Spring
March,2012,Wet,"Snowing, not including drifting snow",110,145,3,Spring
March,2012,Wet,"Freezing rain, sleet, hail",13,14,0,Spring
March,2012,Wet,Visibility limitation,59,71,2,Spring
March,2012,Wet,Strong wind,12,13,0,Spring
March,2012,Wet,Other,2,3,0,Spring
March,2012,Wet,Clear and sunny,8,9,0,Spring
March,2012,"Snow (fresh, loose snow)",Clear and sunny,85,109,1,Spring
March,2012,"Snow (fresh, loose snow)","Overcast, cloudy but no precipitation",52,114,2,Spring
March,2012,"Snow (fresh, loose snow)",Raining,1,5,0,Spring
March,2012,"Snow (fresh, loose snow)","Snowing, not including drifting snow",240,324,5,Spring
March,2012,"Snow (fresh, loose snow)","Freezing rain, sleet, hail",5,6,0,Spring
March,2012,"Snow (fresh, loose snow)",Visibility limitation,45,59,1,Spring
March,2012,"Snow (fresh, loose snow)",Strong wind,6,7,0,Spring
March,2012,"Snow (fresh, loose snow)",Other,1,1,0,Spring
March,2012,"Snow (fresh, loose snow)",Clear and sunny,5,4,1,Spring
March,2012,"Slush, wet snow",Clear and sunny,43,55,1,Spring
March,2012,"Slush, wet snow","Overcast, cloudy but no precipitation",34,41,0,Spring
March,2012,"Slush, wet snow",Raining,4,5,0,Spring
March,2012,"Slush, wet snow","Snowing, not including drifting snow",91,123,4,Spring
March,2012,"Slush, wet snow","Freezing rain, sleet, hail",13,19,0,Spring
March,2012,"Slush, wet snow",Visibility limitation,10,13,0,Spring
March,2012,"Slush, wet snow",Strong wind,1,1,0,Spring
March,2012,"Slush, wet snow",Clear and sunny,2,3,0,Spring
March,2012,Icy,Clear and sunny,269,337,4,Spring
March,2012,Icy,"Overcast, cloudy but no precipitation",86,118,0,Spring
March,2012,Icy,Raining,10,14,0,Spring
March,2012,Icy,"Snowing, not including drifting snow",152,196,0,Spring
March,2012,Icy,"Freezing rain, sleet, hail",54,77,3,Spring
March,2012,Icy,Visibility limitation,56,72,0,Spring
March,2012,Icy,Strong wind,12,17,1,Spring
March,2012,Icy,Other,1,1,0,Spring
March,2012,Icy,Clear and sunny,32,38,0,Spring
March,2012,Sand/gravel/dirt,Clear and sunny,42,49,0,Spring
March,2012,Sand/gravel/dirt,"Overcast, cloudy but no precipitation",12,16,0,Spring
March,2012,Sand/gravel/dirt,Raining,2,3,0,Spring
March,2012,Sand/gravel/dirt,"Snowing, not including drifting snow",2,2,1,Spring
March,2012,Sand/gravel/dirt,Visibility limitation,3,3,0,Spring
March,2012,Muddy,Clear and sunny,3,6,0,Spring
March,2012,Muddy,"Overcast, cloudy but no precipitation",3,3,0,Spring
March,2012,Muddy,Raining,1,1,0,Spring
March,2012,Oil,Clear and sunny,1,1,0,Spring
March,2012,Other,Clear and sunny,130,161,0,Spring
March,2012,Other,"Overcast, cloudy but no precipitation",1,1,0,Spring
March,2012,Other,Raining,5,5,0,Spring
March,2012,Other,"Snowing, not including drifting snow",202,274,2,Spring
March,2012,Other,"Freezing rain, sleet, hail",4,4,0,Spring
March,2012,Other,Visibility limitation,3,3,0,Spring
March,2012,Other,Strong wind,2,5,0,Spring
March,2012,Other,Other,5,7,0,Spring
March,2012,Other,Clear and sunny,2,3,0,Spring
March,2012,Wet,Clear and sunny,19,28,0,Spring
March,2012,Wet,"Overcast, cloudy but no precipitation",3,6,0,Spring
March,2012,Wet,"Snowing, not including drifting snow",4,6,0,Spring
March,2012,Wet,"Freezing rain, sleet, hail",2,3,0,Spring
March,2012,Wet,Visibility limitation,3,6,0,Spring
March,2012,Wet,Strong wind,2,2,0,Spring
March,2012,Wet,Clear and sunny,65,76,0,Spring
March,2013,"Dry, normal",Clear and sunny,4073,5645,47,Spring
March,2013,"Dry, normal","Overcast, cloudy but no precipitation",474,625,12,Spring
March,2013,"Dry, normal",Raining,5,5,0,Spring
March,2013,"Dry, normal","Snowing, not including drifting snow",8,9,0,Spring
March,2013,"Dry, normal",Visibility limitation,11,9,2,Spring
March,2013,"Dry, normal",Strong wind,2,3,0,Spring
March,2013,"Dry, normal",Other,6,7,0,Spring
March,2013,"Dry, normal",Clear and sunny,16,19,0,Spring
March,2013,Wet,Clear and sunny,516,727,9,Spring
March,2013,Wet,"Overcast, cloudy but no precipitation",262,370,3,Spring
March,2013,Wet,Raining,440,606,5,Spring
March,2013,Wet,"Snowing, not including drifting snow",181,259,1,Spring
March,2013,Wet,"Freezing rain, sleet, hail",5,7,0,Spring
March,2013,Wet,Visibility limitation,21,29,0,Spring
March,2013,Wet,Strong wind,4,8,0,Spring
March,2013,Wet,Other,3,3,0,Spring
March,2013,Wet,Clear and sunny,8,12,0,Spring
March,2013,"Snow (fresh, loose snow)",Clear and sunny,117,143,0,Spring
March,2013,"Snow (fresh, loose snow)","Overcast, cloudy but no precipitation",57,74,1,Spring
March,2013,"Snow (fresh, loose snow)",Raining,2,3,0,Spring
March,2013,"Snow (fresh, loose snow)","Snowing, not including drifting snow",368,475,3,Spring
March,2013,"Snow (fresh, loose snow)","Freezing rain, sleet, hail",4,5,0,Spring
March,2013,"Snow (fresh, loose snow)",Visibility limitation,88,112,3,Spring
March,2013,"Snow (fresh, loose snow)",Strong wind,4,7,0,Spring
March,2013,"Snow (fresh, loose snow)",Clear and sunny,6,6,0,Spring
March,2013,"Slush, wet snow",Clear and sunny,44,57,0,Spring
March,2013,"Slush, wet snow","Overcast, cloudy but no precipitation",32,42,0,Spring
March,2013,"Slush, wet snow",Raining,3,4,0,Spring
March,2013,"Slush, wet snow","Snowing, not including drifting snow",99,135,2,Spring
March,2013,"Slush, wet snow","Freezing rain, sleet, hail",7,8,0,Spring
March,2013,"Slush, wet snow",Visibility limitation,5,6,0,Spring
March,2013,"Slush, wet snow",Strong wind,1,1,0,Spring
March,2013,Icy,Clear and sunny,372,478,4,Spring
March,2013,Icy,"Overcast, cloudy but no precipitation",106,132,2,Spring
March,2013,Icy,Raining,6,12,0,Spring
March,2013,Icy,"Snowing, not including drifting snow",230,289,0,Spring
March,2013,Icy,"Freezing rain, sleet, hail",27,42,0,Spring
March,2013,Icy,Visibility limitation,92,121,2,Spring
March,2013,Icy,Strong wind,32,43,0,Spring
March,2013,Icy,Other,1,1,0,Spring
March,2013,Icy,Clear and sunny,58,65,0,Spring
March,2013,Sand/gravel/dirt,Clear and sunny,27,36,0,Spring
March,2013,Sand/gravel/dirt,"Overcast, cloudy but no precipitation",1,2,0,Spring
March,2013,Muddy,Clear and sunny,5,8,0,Spring
March,2013,Muddy,"Overcast, cloudy but no precipitation",2,3,0,Spring
March,2013,Muddy,Raining,1,1,0,Spring
March,2013,Flooded,Clear and sunny,1,0,1,Spring
March,2013,Flooded,Raining,1,1,0,Spring
March,2013,Other,Clear and sunny,232,289,2,Spring
March,2013,Other,"Overcast, cloudy but no precipitation",1,1,0,Spring
March,2013,Other,"Snowing, not including drifting snow",220,322,3,Spring
March,2013,Other,"Freezing rain, sleet, hail",3,3,0,Spring
March,2013,Other,Visibility limitation,3,4,0,Spring
March,2013,Other,Strong wind,14,22,0,Spring
March,2013,Other,Other,9,17,0,Spring
March,2013,Other,Clear and sunny,8,7,1,Spring
March,2013,Wet,Clear and sunny,24,34,0,Spring
March,2013,Wet,"Overcast, cloudy but no precipitation",1,1,0,Spring
March,2013,Wet,"Snowing, not including drifting snow",3,5,0,Spring
March,2013,Wet,"Freezing rain, sleet, hail",1,2,0,Spring
March,2013,Wet,Other,1,1,0,Spring
March,2013,Wet,Clear and sunny,56,67,0,Spring
March,2014,"Dry, normal",Clear and sunny,3631,4918,33,Spring
March,2014,"Dry, normal","Overcast, cloudy but no precipitation",314,442,1,Spring
March,2014,"Dry, normal",Raining,5,7,0,Spring
March,2014,"Dry, normal","Snowing, not including drifting snow",5,7,0,Spring
March,2014,"Dry, normal",Visibility limitation,8,12,0,Spring
March,2014,"Dry, normal",Strong wind,7,9,0,Spring
March,2014,"Dry, normal",Other,3,3,0,Spring
March,2014,"Dry, normal",Clear and sunny,20,21,1,Spring
March,2014,Wet,Clear and sunny,585,794,6,Spring
March,2014,Wet,"Overcast, cloudy but no precipitation",297,410,3,Spring
March,2014,Wet,Raining,397,574,3,Spring
March,2014,Wet,"Snowing, not including drifting snow",118,159,2,Spring
March,2014,Wet,"Freezing rain, sleet, hail",7,7,1,Spring
March,2014,Wet,Visibility limitation,9,12,0,Spring
March,2014,Wet,Strong wind,6,6,0,Spring
March,2014,Wet,Other,1,3,0,Spring
March,2014,Wet,Clear and sunny,6,7,0,Spring
March,2014,"Snow (fresh, loose snow)",Clear and sunny,218,265,5,Spring
March,2014,"Snow (fresh, loose snow)","Overcast, cloudy but no precipitation",80,114,0,Spring
March,2014,"Snow (fresh, loose snow)",Raining,7,7,0,Spring
March,2014,"Snow (fresh, loose snow)","Snowing, not including drifting snow",552,740,4,Spring
March,2014,"Snow (fresh, loose snow)","Freezing rain, sleet, hail",2,3,0,Spring
March,2014,"Snow (fresh, loose snow)",Visibility limitation,164,247,3,Spring
March,2014,"Snow (fresh, loose snow)",Strong wind,15,22,0,Spring
March,2014,"Snow (fresh, loose snow)",Clear and sunny,4,6,0,Spring
March,2014,"Slush, wet snow",Clear and sunny,82,108,1,Spring
March,2014,"Slush, wet snow","Overcast, cloudy but no precipitation",37,52,0,Spring
March,2014,"Slush, wet snow",Raining,18,30,0,Spring
March,2014,"Slush, wet snow","Snowing, not including drifting snow",99,132,0,Spring
March,2014,"Slush, wet snow","Freezing rain, sleet, hail",9,13,0,Spring
March,2014,"Slush, wet snow",Visibility limitation,9,9,0,Spring
March,2014,"Slush, wet snow",Strong wind,4,7,0,Spring
March,2014,"Slush, wet snow",Other,1,1,0,Spring
March,2014,"Slush, wet snow",Clear and sunny,3,3,0,Spring
March,2014,Icy,Clear and sunny,532,695,4,Spring
March,2014,Icy,"Overcast, cloudy but no precipitation",114,140,0,Spring
March,2014,Icy,Raining,9,16,0,Spring
March,2014,Icy,"Snowing, not including drifting snow",221,313,5,Spring
March,2014,Icy,"Freezing rain, sleet, hail",17,21,0,Spring
March,2014,Icy,Visibility limitation,110,171,8,Spring
March,2014,Icy,Strong wind,18,27,1,Spring
March,2014,Icy,Other,1,1,0,Spring
March,2014,Icy,Clear and sunny,40,48,0,Spring
March,2014,Sand/gravel/dirt,Clear and sunny,12,15,0,Spring
March,2014,Sand/gravel/dirt,"Overcast, cloudy but no precipitation",3,4,0,Spring
March,2014,Muddy,Clear and sunny,5,7,0,Spring
March,2014,Muddy,"Overcast, cloudy but no precipitation",1,1,0,Spring
March,2014,Muddy,Raining,1,1,0,Spring
March,2014,Oil,Clear and sunny,1,1,0,Spring
March,2014,Other,Clear and sunny,281,355,3,Spring
March,2014,Other,"Snowing, not including drifting snow",220,284,9,Spring
March,2014,Other,"Freezing rain, sleet, hail",5,6,0,Spring
March,2014,Other,Visibility limitation,6,6,0,Spring
March,2014,Other,Other,4,5,0,Spring
March,2014,Other,Clear and sunny,9,14,0,Spring
March,2014,Wet,Clear and sunny,25,38,0,Spring
March,2014,Wet,"Overcast, cloudy but no precipitation",1,1,0,Spring
March,2014,Wet,"Snowing, not including drifting snow",7,10,0,Spring
March,2014,Wet,"Freezing rain, sleet, hail",1,2,0,Spring
March,2014,Wet,Visibility limitation,2,2,0,Spring
March,2014,Wet,Strong wind,1,2,0,Spring
March,2014,Wet,Other,1,1,0,Spring
March,2014,Wet,Clear and sunny,43,50,0,Spring
March,2015,"Dry, normal",Clear and sunny,4579,6210,41,Spring
March,2015,"Dry, normal","Overcast, cloudy but no precipitation",363,508,3,Spring
March,2015,"Dry, normal",Raining,9,11,0,Spring
March,2015,"Dry, normal","Snowing, not including drifting snow",6,6,0,Spring
March,2015,"Dry, normal",Visibility limitation,22,31,1,Spring
March,2015,"Dry, normal",Strong wind,8,8,0,Spring
March,2015,"Dry, normal",Other,5,13,0,Spring
March,2015,"Dry, normal",Clear and sunny,29,35,0,Spring
March,2015,Wet,Clear and sunny,546,725,4,Spring
March,2015,Wet,"Overcast, cloudy but no precipitation",258,340,6,Spring
March,2015,Wet,Raining,422,565,3,Spring
March,2015,Wet,"Snowing, not including drifting snow",119,164,0,Spring
March,2015,Wet,"Freezing rain, sleet, hail",13,15,1,Spring
March,2015,Wet,Visibility limitation,31,45,0,Spring
March,2015,Wet,Strong wind,2,3,0,Spring
March,2015,Wet,Other,6,9,0,Spring
March,2015,Wet,Clear and sunny,8,10,0,Spring
March,2015,"Snow (fresh, loose snow)",Clear and sunny,104,132,4,Spring
March,2015,"Snow (fresh, loose snow)","Overcast, cloudy but no precipitation",54,63,0,Spring
March,2015,"Snow (fresh, loose snow)",Raining,2,2,0,Spring
March,2015,"Snow (fresh, loose snow)","Snowing, not including drifting snow",305,411,0,Spring
March,2015,"Snow (fresh, loose snow)","Freezing rain, sleet, hail",4,4,0,Spring
March,2015,"Snow (fresh, loose snow)",Visibility limitation,98,169,2,Spring
March,2015,"Snow (fresh, loose snow)",Strong wind,21,27,1,Spring
March,2015,"Snow (fresh, loose snow)",Clear and sunny,1,1,0,Spring
March,2015,"Slush, wet snow",Clear and sunny,61,81,0,Spring
March,2015,"Slush, wet snow","Overcast, cloudy but no precipitation",18,27,0,Spring
March,2015,"Slush, wet snow",Raining,4,5,0,Spring
March,2015,"Slush, wet snow","Snowing, not including drifting snow",90,120,0,Spring
March,2015,"Slush, wet snow","Freezing rain, sleet, hail",16,25,0,Spring
March,2015,"Slush, wet snow",Visibility limitation,3,4,0,Spring
March,2015,"Slush, wet snow",Strong wind,1,2,0,Spring
March,2015,"Slush, wet snow",Clear and sunny,2,6,0,Spring
March,2015,Icy,Clear and sunny,286,388,3,Spring
March,2015,Icy,"Overcast, cloudy but no precipitation",86,107,0,Spring
March,2015,Icy,Raining,9,10,0,Spring
March,2015,Icy,"Snowing, not including drifting snow",121,165,1,Spring
March,2015,Icy,"Freezing rain, sleet, hail",19,25,0,Spring
March,2015,Icy,Visibility limitation,69,149,2,Spring
March,2015,Icy,Strong wind,22,30,0,Spring
March,2015,Icy,Other,1,2,0,Spring
March,2015,Icy,Clear and sunny,31,37,0,Spring
March,2015,Sand/gravel/dirt,Clear and sunny,17,22,0,Spring
March,2015,Sand/gravel/dirt,"Overcast, cloudy but no precipitation",2,4,0,Spring
March,2015,Sand/gravel/dirt,Clear and sunny,1,1,0,Spring
March,2015,Muddy,Clear and sunny,12,16,0,Spring
March,2015,Muddy,"Overcast, cloudy but no precipitation",1,3,0,Spring
March,2015,Muddy,Raining,2,2,0,Spring
March,2015,Other,Clear and sunny,124,145,2,Spring
March,2015,Other,"Overcast, cloudy but no precipitation",2,3,0,Spring
March,2015,Other,Raining,4,5,0,Spring
March,2015,Other,"Snowing, not including drifting snow",67,107,0,Spring
March,2015,Other,"Freezing rain, sleet, hail",3,4,0,Spring
March,2015,Other,Visibility limitation,6,12,0,Spring
March,2015,Other,Strong wind,1,1,0,Spring
March,2015,Other,Other,2,3,0,Spring
March,2015,Other,Clear and sunny,4,5,1,Spring
March,2015,Wet,Clear and sunny,20,23,0,Spring
March,2015,Wet,"Overcast, cloudy but no precipitation",4,5,0,Spring
March,2015,Wet,"Snowing, not including drifting snow",2,2,0,Spring
March,2015,Wet,Visibility limitation,1,1,0,Spring
March,2015,Wet,Strong wind,1,1,0,Spring
March,2015,Wet,Clear and sunny,53,61,0,Spring
March,2016,"Dry, normal",Clear and sunny,4046,5492,55,Spring
March,2016,"Dry, normal","Overcast, cloudy but no precipitation",390,522,8,Spring
March,2016,"Dry, normal",Raining,5,5,0,Spring
March,2016,"Dry, normal","Snowing, not including drifting snow",4,4,0,Spring
March,2016,"Dry, normal",Visibility limitation,13,19,1,Spring
March,2016,"Dry, normal",Strong wind,8,12,1,Spring
March,2016,"Dry, normal",Other,7,9,1,Spring
March,2016,"Dry, normal",Clear and sunny,15,22,0,Spring
March,2016,Wet,Clear and sunny,496,697,6,Spring
March,2016,Wet,"Overcast, cloudy but no precipitation",272,358,6,Spring
March,2016,Wet,Raining,838,1111,25,Spring
March,2016,Wet,"Snowing, not including drifting snow",87,117,1,Spring
March,2016,Wet,"Freezing rain, sleet, hail",22,26,1,Spring
March,2016,Wet,Visibility limitation,42,52,1,Spring
March,2016,Wet,Strong wind,2,2,1,Spring
March,2016,Wet,Other,5,5,0,Spring
March,2016,Wet,Clear and sunny,8,12,2,Spring
March,2016,"Snow (fresh, loose snow)",Clear and sunny,93,119,1,Spring
March,2016,"Snow (fresh, loose snow)","Overcast, cloudy but no precipitation",52,64,3,Spring
March,2016,"Snow (fresh, loose snow)",Raining,2,2,0,Spring
March,2016,"Snow (fresh, loose snow)","Snowing, not including drifting snow",271,373,0,Spring
March,2016,"Snow (fresh, loose snow)","Freezing rain, sleet, hail",2,4,0,Spring
March,2016,"Snow (fresh, loose snow)",Visibility limitation,59,95,0,Spring
March,2016,"Snow (fresh, loose snow)",Strong wind,10,16,0,Spring
March,2016,"Snow (fresh, loose snow)",Clear and sunny,1,1,0,Spring
March,2016,"Slush, wet snow",Clear and sunny,46,58,0,Spring
March,2016,"Slush, wet snow","Overcast, cloudy but no precipitation",32,47,1,Spring
March,2016,"Slush, wet snow",Raining,15,18,0,Spring
March,2016,"Slush, wet snow","Snowing, not including drifting snow",88,134,2,Spring
March,2016,"Slush, wet snow","Freezing rain, sleet, hail",41,56,1,Spring
March,2016,"Slush, wet snow",Visibility limitation,5,6,0,Spring
March,2016,"Slush, wet snow",Strong wind,5,7,0,Spring
March,2016,Icy,Clear and sunny,338,448,4,Spring
March,2016,Icy,"Overcast, cloudy but no precipitation",89,102,2,Spring
March,2016,Icy,Raining,19,21,0,Spring
March,2016,Icy,"Snowing, not including drifting snow",118,165,1,Spring
March,2016,Icy,"Freezing rain, sleet, hail",85,112,1,Spring
March,2016,Icy,Visibility limitation,40,49,0,Spring
March,2016,Icy,Strong wind,12,22,0,Spring
March,2016,Icy,Other,2,3,0,Spring
March,2016,Icy,Clear and sunny,18,24,0,Spring
March,2016,Sand/gravel/dirt,Clear and sunny,17,21,1,Spring
March,2016,Sand/gravel/dirt,"Overcast, cloudy but no precipitation",6,10,1,Spring
March,2016,Sand/gravel/dirt,"Snowing, not including drifting snow",1,1,0,Spring
March,2016,Muddy,Clear and sunny,6,8,1,Spring
March,2016,Muddy,Raining,1,1,0,Spring
March,2016,Muddy,"Snowing, not including drifting snow",1,1,0,Spring
March,2016,Other,Clear and sunny,57,75,3,Spring
March,2016,Other,"Overcast, cloudy but no precipitation",1,1,0,Spring
March,2016,Other,"Snowing, not including drifting snow",82,120,1,Spring
March,2016,Other,"Freezing rain, sleet, hail",3,2,1,Spring
March,2016,Other,Visibility limitation,4,4,0,Spring
March,2016,Other,Strong wind,1,1,0,Spring
March,2016,Other,Clear and sunny,2,3,0,Spring
March,2016,Wet,Clear and sunny,18,20,0,Spring
March,2016,Wet,"Overcast, cloudy but no precipitation",1,1,0,Spring
March,2016,Wet,Raining,1,1,0,Spring
March,2016,Wet,"Snowing, not including drifting snow",4,5,0,Spring
March,2016,Wet,"Freezing rain, sleet, hail",1,2,0,Spring
March,2016,Wet,Other,1,1,0,Spring
March,2016,Wet,Clear and sunny,53,64,0,Spring
March,2017,"Dry, normal",Clear and sunny,3757,4990,53,Spring
March,2017,"Dry, normal","Overcast, cloudy but no precipitation",374,497,5,Spring
March,2017,"Dry, normal",Raining,12,12,0,Spring
March,2017,"Dry, normal","Snowing, not including drifting snow",8,10,0,Spring
March,2017,"Dry, normal","Freezing rain, sleet, hail",1,1,0,Spring
March,2017,"Dry, normal",Visibility limitation,17,24,2,Spring
March,2017,"Dry, normal",Strong wind,16,23,0,Spring
March,2017,"Dry, normal",Other,4,4,0,Spring
March,2017,"Dry, normal",Clear and sunny,17,19,1,Spring
March,2017,Wet,Clear and sunny,392,547,4,Spring
March,2017,Wet,"Overcast, cloudy but no precipitation",248,328,3,Spring
March,2017,Wet,Raining,739,959,9,Spring
March,2017,Wet,"Snowing, not including drifting snow",137,186,4,Spring
March,2017,Wet,"Freezing rain, sleet, hail",14,18,0,Spring
March,2017,Wet,Visibility limitation,35,43,0,Spring
March,2017,Wet,Strong wind,7,9,0,Spring
March,2017,Wet,Other,4,3,1,Spring
March,2017,Wet,Clear and sunny,3,3,0,Spring
March,2017,"Snow (fresh, loose snow)",Clear and sunny,91,119,0,Spring
March,2017,"Snow (fresh, loose snow)","Overcast, cloudy but no precipitation",59,76,1,Spring
March,2017,"Snow (fresh, loose snow)",Raining,3,3,0,Spring
March,2017,"Snow (fresh, loose snow)","Snowing, not including drifting snow",391,536,4,Spring
March,2017,"Snow (fresh, loose snow)","Freezing rain, sleet, hail",3,5,0,Spring
March,2017,"Snow (fresh, loose snow)",Visibility limitation,138,187,2,Spring
March,2017,"Snow (fresh, loose snow)",Strong wind,16,21,1,Spring
March,2017,"Snow (fresh, loose snow)",Clear and sunny,2,3,0,Spring
March,2017,"Slush, wet snow",Clear and sunny,33,46,0,Spring
March,2017,"Slush, wet snow","Overcast, cloudy but no precipitation",22,26,0,Spring
March,2017,"Slush, wet snow",Raining,11,16,0,Spring
March,2017,"Slush, wet snow","Snowing, not including drifting snow",89,123,2,Spring
March,2017,"Slush, wet snow","Freezing rain, sleet, hail",10,18,0,Spring
March,2017,"Slush, wet snow",Visibility limitation,4,4,0,Spring
March,2017,"Slush, wet snow",Strong wind,2,2,0,Spring
March,2017,Icy,Clear and sunny,309,410,7,Spring
March,2017,Icy,"Overcast, cloudy but no precipitation",94,124,3,Spring
March,2017,Icy,Raining,41,49,0,Spring
March,2017,Icy,"Snowing, not including drifting snow",169,245,2,Spring
March,2017,Icy,"Freezing rain, sleet, hail",81,98,1,Spring
March,2017,Icy,Visibility limitation,88,129,4,Spring
March,2017,Icy,Strong wind,25,35,0,Spring
March,2017,Icy,Other,2,2,0,Spring
March,2017,Icy,Clear and sunny,18,25,0,Spring
March,2017,Sand/gravel/dirt,Clear and sunny,20,27,0,Spring
March,2017,Sand/gravel/dirt,"Overcast, cloudy but no precipitation",2,2,0,Spring
March,2017,Sand/gravel/dirt,Raining,1,1,0,Spring
March,2017,Muddy,Clear and sunny,3,3,0,Spring
March,2017,Muddy,"Overcast, cloudy but no precipitation",3,2,2,Spring
March,2017,Other,Clear and sunny,230,283,4,Spring
March,2017,Other,"Overcast, cloudy but no precipitation",1,1,0,Spring
March,2017,Other,Raining,1,1,0,Spring
March,2017,Other,"Snowing, not including drifting snow",193,247,5,Spring
March,2017,Other,Visibility limitation,8,12,0,Spring
March,2017,Other,Strong wind,2,2,0,Spring
March,2017,Other,Other,9,12,0,Spring
March,2017,Other,Clear and sunny,4,4,0,Spring
March,2017,Wet,Clear and sunny,30,41,1,Spring
March,2017,Wet,"Overcast, cloudy but no precipitation",2,5,0,Spring
March,2017,Wet,Raining,1,1,0,Spring
March,2017,Wet,"Snowing, not including drifting snow",4,6,0,Spring
March,2017,Wet,"Freezing rain, sleet, hail",1,2,0,Spring
March,2017,Wet,Strong wind,3,3,0,Spring
March,2017,Wet,Clear and sunny,61,76,0,Spring
March,2018,"Dry, normal",Clear and sunny,4116,5646,56,Spring
March,2018,"Dry, normal","Overcast, cloudy but no precipitation",469,635,11,Spring
March,2018,"Dry, normal",Raining,2,3,0,Spring
March,2018,"Dry, normal","Snowing, not including drifting snow",5,5,0,Spring
March,2018,"Dry, normal",Visibility limitation,24,28,2,Spring
March,2018,"Dry, normal",Strong wind,15,21,0,Spring
March,2018,"Dry, normal",Other,2,2,0,Spring
March,2018,"Dry, normal",Clear and sunny,20,27,0,Spring
March,2018,Wet,Clear and sunny,452,572,1,Spring
March,2018,Wet,"Overcast, cloudy but no precipitation",214,291,2,Spring
March,2018,Wet,Raining,393,520,8,Spring
March,2018,Wet,"Snowing, not including drifting snow",186,236,5,Spring
March,2018,Wet,"Freezing rain, sleet, hail",10,17,0,Spring
March,2018,Wet,Visibility limitation,13,18,0,Spring
March,2018,Wet,Strong wind,3,3,0,Spring
March,2018,Wet,Other,5,8,0,Spring
March,2018,Wet,Clear and sunny,7,7,1,Spring
March,2018,"Snow (fresh, loose snow)",Clear and sunny,89,108,0,Spring
March,2018,"Snow (fresh, loose snow)","Overcast, cloudy but no precipitation",44,60,0,Spring
March,2018,"Snow (fresh, loose snow)",Raining,1,1,0,Spring
March,2018,"Snow (fresh, loose snow)","Snowing, not including drifting snow",321,420,6,Spring
March,2018,"Snow (fresh, loose snow)","Freezing rain, sleet, hail",2,2,0,Spring
March,2018,"Snow (fresh, loose snow)",Visibility limitation,73,117,0,Spring
March,2018,"Snow (fresh, loose snow)",Strong wind,11,14,0,Spring
March,2018,"Snow (fresh, loose snow)",Clear and sunny,9,11,0,Spring
March,2018,"Slush, wet snow",Clear and sunny,34,42,1,Spring
March,2018,"Slush, wet snow","Overcast, cloudy but no precipitation",21,29,1,Spring
March,2018,"Slush, wet snow",Raining,1,1,0,Spring
March,2018,"Slush, wet snow","Snowing, not including drifting snow",103,144,1,Spring
March,2018,"Slush, wet snow","Freezing rain, sleet, hail",5,8,0,Spring
March,2018,"Slush, wet snow",Visibility limitation,10,17,0,Spring
March,2018,"Slush, wet snow",Strong wind,3,5,0,Spring
March,2018,"Slush, wet snow",Other,1,1,0,Spring
March,2018,"Slush, wet snow",Clear and sunny,2,1,1,Spring
March,2018,Icy,Clear and sunny,217,256,7,Spring
March,2018,Icy,"Overcast, cloudy but no precipitation",71,80,1,Spring
March,2018,Icy,Raining,6,6,0,Spring
March,2018,Icy,"Snowing, not including drifting snow",141,197,1,Spring
March,2018,Icy,"Freezing rain, sleet, hail",26,32,0,Spring
March,2018,Icy,Visibility limitation,31,45,0,Spring
March,2018,Icy,Strong wind,11,19,0,Spring
March,2018,Icy,Other,1,1,0,Spring
March,2018,Icy,Clear and sunny,13,16,1,Spring
March,2018,Sand/gravel/dirt,Clear and sunny,11,10,1,Spring
March,2018,Sand/gravel/dirt,"Overcast, cloudy but no precipitation",2,4,0,Spring
March,2018,Sand/gravel/dirt,Raining,1,1,0,Spring
March,2018,Sand/gravel/dirt,"Snowing, not including drifting snow",1,1,0,Spring
March,2018,Muddy,Clear and sunny,8,9,0,Spring
March,2018,Muddy,"Overcast, cloudy but no precipitation",4,4,0,Spring
March,2018,Flooded,Raining,1,1,0,Spring
March,2018,Other,Clear and sunny,192,243,4,Spring
March,2018,Other,"Overcast, cloudy but no precipitation",2,2,0,Spring
March,2018,Other,Raining,1,6,0,Spring
March,2018,Other,"Snowing, not including drifting snow",258,358,2,Spring
March,2018,Other,"Freezing rain, sleet, hail",4,5,0,Spring
March,2018,Other,Visibility limitation,23,43,0,Spring
March,2018,Other,Strong wind,8,9,0,Spring
March,2018,Other,Other,7,11,0,Spring
March,2018,Other,Clear and sunny,5,5,0,Spring
March,2018,Wet,Clear and sunny,20,28,0,Spring
March,2018,Wet,"Overcast, cloudy but no precipitation",6,6,0,Spring
March,2018,Wet,"Snowing, not including drifting snow",3,5,0,Spring
March,2018,Wet,Other,1,1,0,Spring
March,2018,Wet,Clear and sunny,64,75,2,Spring
March,2019,"Dry, normal",Clear and sunny,4127,5589,60,Spring
March,2019,"Dry, normal","Overcast, cloudy but no precipitation",271,384,4,Spring
March,2019,"Dry, normal",Raining,4,5,0,Spring
March,2019,"Dry, normal","Snowing, not including drifting snow",5,7,0,Spring
March,2019,"Dry, normal",Visibility limitation,12,17,0,Spring
March,2019,"Dry, normal",Strong wind,9,14,0,Spring
March,2019,"Dry, normal",Other,4,4,1,Spring
March,2019,"Dry, normal",Clear and sunny,23,23,0,Spring
March,2019,Wet,Clear and sunny,519,678,7,Spring
March,2019,Wet,"Overcast, cloudy but no precipitation",147,198,1,Spring
March,2019,Wet,Raining,301,403,6,Spring
March,2019,Wet,"Snowing, not including drifting snow",97,127,0,Spring
March,2019,Wet,"Freezing rain, sleet, hail",11,15,0,Spring
March,2019,Wet,Visibility limitation,16,23,0,Spring
March,2019,Wet,Strong wind,1,1,0,Spring
March,2019,Wet,Other,4,5,0,Spring
March,2019,Wet,Clear and sunny,6,11,0,Spring
March,2019,"Snow (fresh, loose snow)",Clear and sunny,104,135,0,Spring
March,2019,"Snow (fresh, loose snow)","Overcast, cloudy but no precipitation",25,29,0,Spring
March,2019,"Snow (fresh, loose snow)",Raining,4,5,0,Spring
March,2019,"Snow (fresh, loose snow)","Snowing, not including drifting snow",225,291,0,Spring
March,2019,"Snow (fresh, loose snow)","Freezing rain, sleet, hail",2,2,0,Spring
March,2019,"Snow (fresh, loose snow)",Visibility limitation,72,103,1,Spring
March,2019,"Snow (fresh, loose snow)",Strong wind,6,7,0,Spring
March,2019,"Snow (fresh, loose snow)",Other,1,1,0,Spring
March,2019,"Snow (fresh, loose snow)",Clear and sunny,2,2,0,Spring
March,2019,"Slush, wet snow",Clear and sunny,44,59,0,Spring
March,2019,"Slush, wet snow","Overcast, cloudy but no precipitation",27,30,0,Spring
March,2019,"Slush, wet snow",Raining,15,20,0,Spring
March,2019,"Slush, wet snow","Snowing, not including drifting snow",112,163,1,Spring
March,2019,"Slush, wet snow","Freezing rain, sleet, hail",17,22,0,Spring
March,2019,"Slush, wet snow",Visibility limitation,11,17,0,Spring
March,2019,"Slush, wet snow",Strong wind,1,2,0,Spring
March,2019,"Slush, wet snow",Other,1,1,0,Spring
March,2019,"Slush, wet snow",Clear and sunny,1,1,0,Spring
March,2019,Icy,Clear and sunny,320,425,6,Spring
March,2019,Icy,"Overcast, cloudy but no precipitation",70,83,0,Spring
March,2019,Icy,Raining,8,12,0,Spring
March,2019,Icy,"Snowing, not including drifting snow",85,119,3,Spring
March,2019,Icy,"Freezing rain, sleet, hail",34,47,0,Spring
March,2019,Icy,Visibility limitation,38,51,0,Spring
March,2019,Icy,Strong wind,10,19,0,Spring
March,2019,Icy,Other,3,4,0,Spring
March,2019,Icy,Clear and sunny,16,25,0,Spring
March,2019,Sand/gravel/dirt,Clear and sunny,12,12,1,Spring
March,2019,Sand/gravel/dirt,"Overcast, cloudy but no precipitation",4,6,0,Spring
March,2019,Sand/gravel/dirt,"Snowing, not including drifting snow",1,2,0,Spring
March,2019,Sand/gravel/dirt,Clear and sunny,1,1,0,Spring
March,2019,Muddy,Clear and sunny,6,7,0,Spring
March,2019,Muddy,"Overcast, cloudy but no precipitation",1,1,0,Spring
March,2019,Oil,"Overcast, cloudy but no precipitation",1,1,0,Spring
March,2019,Flooded,Raining,1,1,0,Spring
March,2019,Other,Clear and sunny,167,214,1,Spring
March,2019,Other,"Snowing, not including drifting snow",76,102,0,Spring
March,2019,Other,Visibility limitation,3,3,0,Spring
March,2019,Other,Strong wind,5,8,0,Spring
March,2019,Other,Other,4,4,0,Spring
March,2019,Other,Clear and sunny,2,2,0,Spring
March,2019,Wet,Clear and sunny,27,37,0,Spring
March,2019,Wet,"Overcast, cloudy but no precipitation",3,3,0,Spring
March,2019,Wet,"Snowing, not including drifting snow",4,7,0,Spring
March,2019,Wet,Visibility limitation,1,1,0,Spring
March,2019,Wet,Clear and sunny,62,69,3,Spring
March,2020,"Dry, normal",Clear and sunny,2831,3830,43,Spring
March,2020,"Dry, normal","Overcast, cloudy but no precipitation",246,335,4,Spring
March,2020,"Dry, normal",Raining,4,5,0,Spring
March,2020,"Dry, normal","Snowing, not including drifting snow",3,4,0,Spring
March,2020,"Dry, normal",Visibility limitation,3,3,0,Spring
March,2020,"Dry, normal",Strong wind,12,21,1,Spring
March,2020,"Dry, normal",Other,1,1,0,Spring
March,2020,"Dry, normal",Clear and sunny,17,19,0,Spring
March,2020,Wet,Clear and sunny,289,376,3,Spring
March,2020,Wet,"Overcast, cloudy but no precipitation",97,145,0,Spring
March,2020,Wet,Raining,288,366,8,Spring
March,2020,Wet,"Snowing, not including drifting snow",64,79,0,Spring
March,2020,Wet,"Freezing rain, sleet, hail",3,6,0,Spring
March,2020,Wet,Visibility limitation,20,26,0,Spring
March,2020,Wet,Strong wind,2,4,0,Spring
March,2020,Wet,Other,1,1,0,Spring
March,2020,Wet,Clear and sunny,6,9,0,Spring
March,2020,"Snow (fresh, loose snow)",Clear and sunny,58,78,1,Spring
March,2020,"Snow (fresh, loose snow)","Overcast, cloudy but no precipitation",29,37,1,Spring
March,2020,"Snow (fresh, loose snow)",Raining,2,2,0,Spring
March,2020,"Snow (fresh, loose snow)","Snowing, not including drifting snow",181,244,2,Spring
March,2020,"Snow (fresh, loose snow)","Freezing rain, sleet, hail",1,1,0,Spring
March,2020,"Snow (fresh, loose snow)",Visibility limitation,11,16,0,Spring
March,2020,"Snow (fresh, loose snow)",Strong wind,5,9,0,Spring
March,2020,"Snow (fresh, loose snow)",Other,1,2,0,Spring
March,2020,"Snow (fresh, loose snow)",Clear and sunny,6,7,0,Spring
March,2020,"Slush, wet snow",Clear and sunny,27,40,0,Spring
March,2020,"Slush, wet snow","Overcast, cloudy but no precipitation",18,22,2,Spring
March,2020,"Slush, wet snow",Raining,4,5,0,Spring
March,2020,"Slush, wet snow","Snowing, not including drifting snow",92,123,0,Spring
March,2020,"Slush, wet snow","Freezing rain, sleet, hail",10,19,0,Spring
March,2020,"Slush, wet snow",Visibility limitation,4,5,0,Spring
March,2020,"Slush, wet snow",Strong wind,2,3,0,Spring
March,2020,Icy,Clear and sunny,193,253,5,Spring
March,2020,Icy,"Overcast, cloudy but no precipitation",56,73,1,Spring
March,2020,Icy,Raining,6,9,0,Spring
March,2020,Icy,"Snowing, not including drifting snow",70,95,2,Spring
March,2020,Icy,"Freezing rain, sleet, hail",30,35,0,Spring
March,2020,Icy,Visibility limitation,19,22,0,Spring
March,2020,Icy,Strong wind,17,21,0,Spring
March,2020,Icy,Other,5,6,0,Spring
March,2020,Icy,Clear and sunny,12,13,0,Spring
March,2020,Sand/gravel/dirt,Clear and sunny,15,20,0,Spring
March,2020,Sand/gravel/dirt,"Overcast, cloudy but no precipitation",1,3,0,Spring
March,2020,Muddy,Clear and sunny,7,8,0,Spring
March,2020,Flooded,Raining,1,1,0,Spring
March,2020,Other,Clear and sunny,139,174,2,Spring
March,2020,Other,"Overcast, cloudy but no precipitation",1,1,0,Spring
March,2020,Other,Raining,2,2,0,Spring
March,2020,Other,"Snowing, not including drifting snow",120,161,3,Spring
March,2020,Other,"Freezing rain, sleet, hail",3,3,1,Spring
March,2020,Other,Visibility limitation,3,3,0,Spring
March,2020,Other,Strong wind,12,13,0,Spring
March,2020,Other,Other,2,3,0,Spring
March,2020,Other,Clear and sunny,5,5,0,Spring
March,2020,Wet,Clear and sunny,12,13,1,Spring
March,2020,Wet,"Overcast, cloudy but no precipitation",3,4,0,Spring
March,2020,Wet,Raining,2,2,0,Spring
March,2020,Wet,"Snowing, not including drifting snow",3,3,0,Spring
March,2020,Wet,Clear and sunny,44,47,4,Spring
March,2021,"Dry, normal",Clear and sunny,3660,4799,64,Spring
March,2021,"Dry, normal","Overcast, cloudy but no precipitation",233,309,1,Spring
March,2021,"Dry, normal",Raining,5,6,0,Spring
March,2021,"Dry, normal","Snowing, not including drifting snow",3,3,0,Spring
March,2021,"Dry, normal",Visibility limitation,7,13,1,Spring
March,2021,"Dry, normal",Strong wind,9,24,0,Spring
March,2021,"Dry, normal",Other,3,3,0,Spring
March,2021,"Dry, normal",Clear and sunny,20,23,0,Spring
March,2021,Wet,Clear and sunny,214,286,2,Spring
March,2021,Wet,"Overcast, cloudy but no precipitation",77,96,0,Spring
March,2021,Wet,Raining,214,262,4,Spring
March,2021,Wet,"Snowing, not including drifting snow",29,34,0,Spring
March,2021,Wet,"Freezing rain, sleet, hail",4,4,1,Spring
March,2021,Wet,Visibility limitation,12,20,0,Spring
March,2021,Wet,Strong wind,3,4,0,Spring
March,2021,Wet,Clear and sunny,1,1,0,Spring
March,2021,"Snow (fresh, loose snow)",Clear and sunny,45,59,0,Spring
March,2021,"Snow (fresh, loose snow)","Overcast, cloudy but no precipitation",28,33,0,Spring
March,2021,"Snow (fresh, loose snow)","Snowing, not including drifting snow",160,213,2,Spring
March,2021,"Snow (fresh, loose snow)","Freezing rain, sleet, hail",2,3,0,Spring
March,2021,"Snow (fresh, loose snow)",Visibility limitation,17,21,0,Spring
March,2021,"Snow (fresh, loose snow)",Strong wind,9,26,0,Spring
March,2021,"Snow (fresh, loose snow)",Clear and sunny,4,10,0,Spring
March,2021,"Slush, wet snow",Clear and sunny,23,32,0,Spring
March,2021,"Slush, wet snow","Overcast, cloudy but no precipitation",15,21,0,Spring
March,2021,"Slush, wet snow",Raining,3,3,0,Spring
March,2021,"Slush, wet snow","Snowing, not including drifting snow",34,46,0,Spring
March,2021,"Slush, wet snow","Freezing rain, sleet, hail",6,9,0,Spring
March,2021,"Slush, wet snow",Visibility limitation,1,1,0,Spring
March,2021,"Slush, wet snow",Strong wind,2,2,0,Spring
March,2021,Icy,Clear and sunny,136,174,2,Spring
March,2021,Icy,"Overcast, cloudy but no precipitation",41,58,0,Spring
March,2021,Icy,Raining,5,7,0,Spring
March,2021,Icy,"Snowing, not including drifting snow",73,98,1,Spring
March,2021,Icy,"Freezing rain, sleet, hail",17,23,0,Spring
March,2021,Icy,Visibility limitation,31,39,2,Spring
March,2021,Icy,Strong wind,29,36,0,Spring
March,2021,Icy,Other,2,3,0,Spring
March,2021,Icy,Clear and sunny,9,12,0,Spring
March,2021,Sand/gravel/dirt,Clear and sunny,16,18,0,Spring
March,2021,Sand/gravel/dirt,Strong wind,1,1,0,Spring
March,2021,Muddy,Clear and sunny,2,3,0,Spring
March,2021,Other,Clear and sunny,68,93,0,Spring
March,2021,Other,"Snowing, not including drifting snow",49,65,3,Spring
March,2021,Other,Visibility limitation,1,2,0,Spring
March,2021,Other,Strong wind,5,10,0,Spring
March,2021,Other,Other,4,4,0,Spring
March,2021,Other,Clear and sunny,3,3,0,Spring
March,2021,Wet,Clear and sunny,14,18,0,Spring
March,2021,Wet,"Overcast, cloudy but no precipitation",1,1,0,Spring
March,2021,Wet,"Snowing, not including drifting snow",3,4,0,Spring
March,2021,Wet,"Freezing rain, sleet, hail",1,2,0,Spring
March,2021,Wet,Strong wind,1,1,0,Spring
March,2021,Wet,Clear and sunny,45,53,2,Spring
April,2010,"Dry, normal",Clear and sunny,6459,8727,85,Spring
April,2010,"Dry, normal","Overcast, cloudy but no precipitation",713,965,9,Spring
April,2010,"Dry, normal",Raining,9,10,0,Spring
April,2010,"Dry, normal","Snowing, not including drifting snow",1,1,0,Spring
April,2010,"Dry, normal","Freezing rain, sleet, hail",1,1,0,Spring
April,2010,"Dry, normal",Visibility limitation,16,26,0,Spring
April,2010,"Dry, normal",Strong wind,24,31,1,Spring
April,2010,"Dry, normal",Other,9,13,0,Spring
April,2010,"Dry, normal",Clear and sunny,17,21,0,Spring
April,2010,Wet,Clear and sunny,146,215,5,Spring
April,2010,Wet,"Overcast, cloudy but no precipitation",179,224,2,Spring
April,2010,Wet,Raining,778,1075,10,Spring
April,2010,Wet,"Snowing, not including drifting snow",82,112,0,Spring
April,2010,Wet,"Freezing rain, sleet, hail",7,9,0,Spring
April,2010,Wet,Visibility limitation,14,20,0,Spring
April,2010,Wet,Strong wind,9,11,0,Spring
April,2010,Wet,Other,3,5,0,Spring
April,2010,Wet,Clear and sunny,6,6,0,Spring
April,2010,"Snow (fresh, loose snow)",Clear and sunny,3,2,1,Spring
April,2010,"Snow (fresh, loose snow)","Overcast, cloudy but no precipitation",3,2,1,Spring
April,2010,"Snow (fresh, loose snow)","Snowing, not including drifting snow",34,46,1,Spring
April,2010,"Snow (fresh, loose snow)",Visibility limitation,6,7,0,Spring
April,2010,"Snow (fresh, loose snow)",Strong wind,3,6,0,Spring
April,2010,"Slush, wet snow",Clear and sunny,2,2,0,Spring
April,2010,"Slush, wet snow","Overcast, cloudy but no precipitation",4,4,0,Spring
April,2010,"Slush, wet snow",Raining,2,2,0,Spring
April,2010,"Slush, wet snow","Snowing, not including drifting snow",56,76,2,Spring
April,2010,"Slush, wet snow","Freezing rain, sleet, hail",10,17,0,Spring
April,2010,"Slush, wet snow",Visibility limitation,7,11,0,Spring
April,2010,Icy,Clear and sunny,18,22,2,Spring
April,2010,Icy,"Overcast, cloudy but no precipitation",14,22,1,Spring
April,2010,Icy,Raining,4,5,0,Spring
April,2010,Icy,"Snowing, not including drifting snow",5,8,0,Spring
April,2010,Icy,"Freezing rain, sleet, hail",4,5,0,Spring
April,2010,Icy,Visibility limitation,3,3,0,Spring
April,2010,Icy,Strong wind,2,2,0,Spring
April,2010,Icy,Other,1,1,0,Spring
April,2010,Icy,Clear and sunny,1,2,0,Spring
April,2010,Sand/gravel/dirt,Clear and sunny,86,108,3,Spring
April,2010,Sand/gravel/dirt,"Overcast, cloudy but no precipitation",11,13,0,Spring
April,2010,Sand/gravel/dirt,Raining,2,2,0,Spring
April,2010,Sand/gravel/dirt,Visibility limitation,2,2,0,Spring
April,2010,Sand/gravel/dirt,Strong wind,3,3,0,Spring
April,2010,Muddy,Clear and sunny,5,5,0,Spring
April,2010,Muddy,"Overcast, cloudy but no precipitation",2,1,1,Spring
April,2010,Muddy,Raining,3,3,0,Spring
April,2010,Muddy,"Freezing rain, sleet, hail",1,1,0,Spring
April,2010,Oil,Clear and sunny,1,1,0,Spring
April,2010,Oil,Raining,1,2,0,Spring
April,2010,Other,Clear and sunny,30,39,0,Spring
April,2010,Other,"Overcast, cloudy but no precipitation",1,1,0,Spring
April,2010,Other,Raining,3,4,0,Spring
April,2010,Other,"Snowing, not including drifting snow",49,90,2,Spring
April,2010,Other,"Freezing rain, sleet, hail",5,5,0,Spring
April,2010,Other,Visibility limitation,1,1,0,Spring
April,2010,Other,Strong wind,6,7,0,Spring
April,2010,Other,Other,6,7,0,Spring
April,2010,Wet,Clear and sunny,23,27,0,Spring
April,2010,Wet,"Overcast, cloudy but no precipitation",2,4,0,Spring
April,2010,Wet,Raining,1,1,0,Spring
April,2010,Wet,"Snowing, not including drifting snow",1,2,0,Spring
April,2010,Wet,"Freezing rain, sleet, hail",1,1,0,Spring
April,2010,Wet,Visibility limitation,1,0,1,Spring
April,2010,Wet,Clear and sunny,106,133,2,Spring
April,2011,"Dry, normal",Clear and sunny,4864,6668,81,Spring
April,2011,"Dry, normal","Overcast, cloudy but no precipitation",551,713,10,Spring
April,2011,"Dry, normal",Raining,7,9,0,Spring
April,2011,"Dry, normal","Snowing, not including drifting snow",5,8,0,Spring
April,2011,"Dry, normal","Freezing rain, sleet, hail",1,2,0,Spring
April,2011,"Dry, normal",Visibility limitation,24,26,2,Spring
April,2011,"Dry, normal",Strong wind,15,20,1,Spring
April,2011,"Dry, normal",Other,7,9,0,Spring
April,2011,"Dry, normal",Clear and sunny,41,58,1,Spring
April,2011,Wet,Clear and sunny,227,303,1,Spring
April,2011,Wet,"Overcast, cloudy but no precipitation",218,277,7,Spring
April,2011,Wet,Raining,981,1356,6,Spring
April,2011,Wet,"Snowing, not including drifting snow",68,92,0,Spring
April,2011,Wet,"Freezing rain, sleet, hail",10,13,0,Spring
April,2011,Wet,Visibility limitation,43,59,0,Spring
April,2011,Wet,Strong wind,6,7,0,Spring
April,2011,Wet,Other,6,8,0,Spring
April,2011,Wet,Clear and sunny,7,9,0,Spring
April,2011,"Snow (fresh, loose snow)",Clear and sunny,6,7,0,Spring
April,2011,"Snow (fresh, loose snow)","Overcast, cloudy but no precipitation",4,4,0,Spring
April,2011,"Snow (fresh, loose snow)",Raining,3,3,0,Spring
April,2011,"Snow (fresh, loose snow)","Snowing, not including drifting snow",101,151,1,Spring
April,2011,"Snow (fresh, loose snow)","Freezing rain, sleet, hail",3,5,2,Spring
April,2011,"Snow (fresh, loose snow)",Visibility limitation,19,25,0,Spring
April,2011,"Slush, wet snow",Clear and sunny,5,9,0,Spring
April,2011,"Slush, wet snow","Overcast, cloudy but no precipitation",11,16,0,Spring
April,2011,"Slush, wet snow",Raining,20,30,1,Spring
April,2011,"Slush, wet snow","Snowing, not including drifting snow",141,218,5,Spring
April,2011,"Slush, wet snow","Freezing rain, sleet, hail",26,34,0,Spring
April,2011,"Slush, wet snow",Visibility limitation,12,18,0,Spring
April,2011,"Slush, wet snow",Strong wind,1,2,0,Spring
April,2011,Icy,Clear and sunny,65,73,0,Spring
April,2011,Icy,"Overcast, cloudy but no precipitation",30,39,0,Spring
April,2011,Icy,"Snowing, not including drifting snow",37,50,2,Spring
April,2011,Icy,"Freezing rain, sleet, hail",24,33,0,Spring
April,2011,Icy,Visibility limitation,7,9,0,Spring
April,2011,Icy,Strong wind,3,2,1,Spring
April,2011,Icy,Clear and sunny,1,1,0,Spring
April,2011,Sand/gravel/dirt,Clear and sunny,59,75,0,Spring
April,2011,Sand/gravel/dirt,"Overcast, cloudy but no precipitation",9,10,0,Spring
April,2011,Sand/gravel/dirt,Raining,1,3,0,Spring
April,2011,Sand/gravel/dirt,Visibility limitation,1,1,0,Spring
April,2011,Sand/gravel/dirt,Clear and sunny,1,2,0,Spring
April,2011,Muddy,Clear and sunny,6,9,0,Spring
April,2011,Muddy,"Overcast, cloudy but no precipitation",5,9,0,Spring
April,2011,Muddy,Raining,6,23,0,Spring
April,2011,Flooded,Raining,1,1,0,Spring
April,2011,Other,Clear and sunny,51,67,0,Spring
April,2011,Other,"Overcast, cloudy but no precipitation",1,1,0,Spring
April,2011,Other,Raining,1,2,0,Spring
April,2011,Other,"Snowing, not including drifting snow",86,111,3,Spring
April,2011,Other,"Freezing rain, sleet, hail",5,6,0,Spring
April,2011,Other,Visibility limitation,1,1,0,Spring
April,2011,Other,Strong wind,1,5,0,Spring
April,2011,Other,Other,3,6,0,Spring
April,2011,Other,Clear and sunny,4,4,0,Spring
April,2011,Wet,Clear and sunny,15,21,0,Spring
April,2011,Wet,"Overcast, cloudy but no precipitation",4,5,0,Spring
April,2011,Wet,Raining,1,1,0,Spring
April,2011,Wet,Visibility limitation,1,1,0,Spring
April,2011,Wet,Other,1,1,0,Spring
April,2011,Wet,Clear and sunny,43,47,1,Spring
April,2012,"Dry, normal",Clear and sunny,5602,7564,88,Spring
April,2012,"Dry, normal","Overcast, cloudy but no precipitation",701,912,18,Spring
April,2012,"Dry, normal",Raining,15,18,0,Spring
April,2012,"Dry, normal","Snowing, not including drifting snow",2,2,0,Spring
April,2012,"Dry, normal",Visibility limitation,13,18,0,Spring
April,2012,"Dry, normal",Strong wind,9,9,0,Spring
April,2012,"Dry, normal",Other,7,8,0,Spring
April,2012,"Dry, normal",Clear and sunny,46,50,0,Spring
April,2012,Wet,Clear and sunny,153,214,9,Spring
April,2012,Wet,"Overcast, cloudy but no precipitation",168,217,4,Spring
April,2012,Wet,Raining,917,1228,8,Spring
April,2012,Wet,"Snowing, not including drifting snow",55,68,0,Spring
April,2012,Wet,"Freezing rain, sleet, hail",7,10,0,Spring
April,2012,Wet,Visibility limitation,21,30,0,Spring
April,2012,Wet,Strong wind,4,5,0,Spring
April,2012,Wet,Other,3,4,0,Spring
April,2012,Wet,Clear and sunny,9,9,2,Spring
April,2012,"Snow (fresh, loose snow)",Clear and sunny,5,5,0,Spring
April,2012,"Snow (fresh, loose snow)","Snowing, not including drifting snow",41,53,0,Spring
April,2012,"Snow (fresh, loose snow)","Freezing rain, sleet, hail",2,7,0,Spring
April,2012,"Snow (fresh, loose snow)",Visibility limitation,4,4,0,Spring
April,2012,"Slush, wet snow",Clear and sunny,3,4,0,Spring
April,2012,"Slush, wet snow","Overcast, cloudy but no precipitation",3,3,0,Spring
April,2012,"Slush, wet snow",Raining,26,33,0,Spring
April,2012,"Slush, wet snow","Snowing, not including drifting snow",100,147,1,Spring
April,2012,"Slush, wet snow","Freezing rain, sleet, hail",19,29,1,Spring
April,2012,"Slush, wet snow",Visibility limitation,5,8,0,Spring
April,2012,"Slush, wet snow",Strong wind,3,6,0,Spring
April,2012,Icy,Clear and sunny,29,38,0,Spring
April,2012,Icy,"Overcast, cloudy but no precipitation",7,8,0,Spring
April,2012,Icy,Raining,5,10,0,Spring
April,2012,Icy,"Snowing, not including drifting snow",18,32,1,Spring
April,2012,Icy,"Freezing rain, sleet, hail",11,12,0,Spring
April,2012,Icy,Visibility limitation,8,12,0,Spring
April,2012,Icy,Strong wind,1,1,0,Spring
April,2012,Icy,Other,2,2,0,Spring
April,2012,Sand/gravel/dirt,Clear and sunny,69,76,2,Spring
April,2012,Sand/gravel/dirt,"Overcast, cloudy but no precipitation",7,7,0,Spring
April,2012,Sand/gravel/dirt,Raining,3,5,0,Spring
April,2012,Sand/gravel/dirt,Visibility limitation,1,1,0,Spring
April,2012,Sand/gravel/dirt,Strong wind,1,1,0,Spring
April,2012,Sand/gravel/dirt,Clear and sunny,1,1,0,Spring
April,2012,Muddy,Clear and sunny,4,5,0,Spring
April,2012,Muddy,"Overcast, cloudy but no precipitation",2,3,0,Spring
April,2012,Muddy,Raining,6,7,0,Spring
April,2012,Muddy,"Snowing, not including drifting snow",1,1,0,Spring
April,2012,Muddy,"Freezing rain, sleet, hail",1,1,0,Spring
April,2012,Muddy,Other,1,1,0,Spring
April,2012,Flooded,Clear and sunny,1,1,0,Spring
April,2012,Flooded,Raining,2,2,0,Spring
April,2012,Other,Clear and sunny,43,58,0,Spring
April,2012,Other,Raining,3,6,0,Spring
April,2012,Other,"Snowing, not including drifting snow",53,73,1,Spring
April,2012,Other,"Freezing rain, sleet, hail",5,10,0,Spring
April,2012,Other,Visibility limitation,1,1,0,Spring
April,2012,Other,Other,3,4,0,Spring
April,2012,Other,Clear and sunny,2,3,1,Spring
April,2012,Wet,Clear and sunny,15,16,0,Spring
April,2012,Wet,"Overcast, cloudy but no precipitation",2,5,0,Spring
April,2012,Wet,Other,1,2,0,Spring
April,2012,Wet,Clear and sunny,59,65,1,Spring
April,2013,"Dry, normal",Clear and sunny,4931,6530,68,Spring
April,2013,"Dry, normal","Overcast, cloudy but no precipitation",533,736,11,Spring
April,2013,"Dry, normal",Raining,5,10,0,Spring
April,2013,"Dry, normal","Snowing, not including drifting snow",5,9,0,Spring
April,2013,"Dry, normal","Freezing rain, sleet, hail",1,1,0,Spring
April,2013,"Dry, normal",Visibility limitation,5,6,1,Spring
April,2013,"Dry, normal",Strong wind,16,16,4,Spring
April,2013,"Dry, normal",Other,5,7,0,Spring
April,2013,"Dry, normal",Clear and sunny,36,42,0,Spring
April,2013,Wet,Clear and sunny,277,366,2,Spring
April,2013,Wet,"Overcast, cloudy but no precipitation",187,259,2,Spring
April,2013,Wet,Raining,914,1224,5,Spring
April,2013,Wet,"Snowing, not including drifting snow",96,130,2,Spring
April,2013,Wet,"Freezing rain, sleet, hail",21,30,0,Spring
April,2013,Wet,Visibility limitation,15,22,0,Spring
April,2013,Wet,Strong wind,5,6,1,Spring
April,2013,Wet,Other,4,8,0,Spring
April,2013,Wet,Clear and sunny,11,13,0,Spring
April,2013,"Snow (fresh, loose snow)",Clear and sunny,12,14,0,Spring
April,2013,"Snow (fresh, loose snow)","Overcast, cloudy but no precipitation",4,4,0,Spring
April,2013,"Snow (fresh, loose snow)",Raining,1,1,0,Spring
April,2013,"Snow (fresh, loose snow)","Snowing, not including drifting snow",122,173,2,Spring
April,2013,"Snow (fresh, loose snow)","Freezing rain, sleet, hail",1,4,0,Spring
April,2013,"Snow (fresh, loose snow)",Visibility limitation,36,45,0,Spring
April,2013,"Snow (fresh, loose snow)",Strong wind,2,3,0,Spring
April,2013,"Slush, wet snow",Clear and sunny,12,16,0,Spring
April,2013,"Slush, wet snow","Overcast, cloudy but no precipitation",12,17,0,Spring
April,2013,"Slush, wet snow",Raining,13,14,0,Spring
April,2013,"Slush, wet snow","Snowing, not including drifting snow",113,145,0,Spring
April,2013,"Slush, wet snow","Freezing rain, sleet, hail",17,32,0,Spring
April,2013,"Slush, wet snow",Visibility limitation,14,21,0,Spring
April,2013,"Slush, wet snow",Strong wind,1,1,0,Spring
April,2013,"Slush, wet snow",Clear and sunny,2,4,0,Spring
April,2013,Icy,Clear and sunny,105,131,1,Spring
April,2013,Icy,"Overcast, cloudy but no precipitation",20,22,0,Spring
April,2013,Icy,Raining,5,6,0,Spring
April,2013,Icy,"Snowing, not including drifting snow",68,89,1,Spring
April,2013,Icy,"Freezing rain, sleet, hail",38,41,0,Spring
April,2013,Icy,Visibility limitation,28,42,1,Spring
April,2013,Icy,Strong wind,10,13,1,Spring
April,2013,Icy,Other,1,1,0,Spring
April,2013,Icy,Clear and sunny,20,21,0,Spring
April,2013,Sand/gravel/dirt,Clear and sunny,33,42,1,Spring
April,2013,Sand/gravel/dirt,"Overcast, cloudy but no precipitation",5,6,0,Spring
April,2013,Sand/gravel/dirt,"Snowing, not including drifting snow",1,1,0,Spring
April,2013,Sand/gravel/dirt,Other,1,1,0,Spring
April,2013,Muddy,Clear and sunny,9,10,0,Spring
April,2013,Muddy,"Overcast, cloudy but no precipitation",3,10,0,Spring
April,2013,Muddy,Raining,1,1,0,Spring
April,2013,Muddy,"Snowing, not including drifting snow",1,3,0,Spring
April,2013,Muddy,Visibility limitation,1,3,0,Spring
April,2013,Oil,Raining,1,1,0,Spring
April,2013,Other,Clear and sunny,54,67,2,Spring
April,2013,Other,"Overcast, cloudy but no precipitation",2,2,0,Spring
April,2013,Other,Raining,6,11,1,Spring
April,2013,Other,"Snowing, not including drifting snow",71,91,0,Spring
April,2013,Other,"Freezing rain, sleet, hail",6,11,1,Spring
April,2013,Other,Visibility limitation,8,9,0,Spring
April,2013,Other,Strong wind,3,3,0,Spring
April,2013,Other,Other,5,5,0,Spring
April,2013,Other,Clear and sunny,1,2,0,Spring
April,2013,Wet,Clear and sunny,12,14,0,Spring
April,2013,Wet,"Overcast, cloudy but no precipitation",4,6,0,Spring
April,2013,Wet,Raining,1,2,0,Spring
April,2013,Wet,"Snowing, not including drifting snow",2,2,0,Spring
April,2013,Wet,Other,2,2,0,Spring
April,2013,Wet,Clear and sunny,52,60,0,Spring
April,2014,"Dry, normal",Clear and sunny,4335,5907,67,Spring
April,2014,"Dry, normal","Overcast, cloudy but no precipitation",507,675,9,Spring
April,2014,"Dry, normal",Raining,10,12,0,Spring
April,2014,"Dry, normal","Snowing, not including drifting snow",2,2,0,Spring
April,2014,"Dry, normal","Freezing rain, sleet, hail",1,1,0,Spring
April,2014,"Dry, normal",Visibility limitation,16,21,1,Spring
April,2014,"Dry, normal",Strong wind,7,8,0,Spring
April,2014,"Dry, normal",Other,7,7,0,Spring
April,2014,"Dry, normal",Clear and sunny,29,33,1,Spring
April,2014,Wet,Clear and sunny,199,251,1,Spring
April,2014,Wet,"Overcast, cloudy but no precipitation",159,213,1,Spring
April,2014,Wet,Raining,853,1122,6,Spring
April,2014,Wet,"Snowing, not including drifting snow",73,89,0,Spring
April,2014,Wet,"Freezing rain, sleet, hail",7,7,0,Spring
April,2014,Wet,Visibility limitation,25,24,2,Spring
April,2014,Wet,Strong wind,3,5,0,Spring
April,2014,Wet,Other,2,2,0,Spring
April,2014,Wet,Clear and sunny,5,6,0,Spring
April,2014,"Snow (fresh, loose snow)",Clear and sunny,12,12,0,Spring
April,2014,"Snow (fresh, loose snow)","Overcast, cloudy but no precipitation",3,4,0,Spring
April,2014,"Snow (fresh, loose snow)","Snowing, not including drifting snow",42,58,0,Spring
April,2014,"Snow (fresh, loose snow)","Freezing rain, sleet, hail",3,4,0,Spring
April,2014,"Snow (fresh, loose snow)",Visibility limitation,13,18,0,Spring
April,2014,"Slush, wet snow",Clear and sunny,13,14,0,Spring
April,2014,"Slush, wet snow","Overcast, cloudy but no precipitation",4,5,0,Spring
April,2014,"Slush, wet snow",Raining,4,7,0,Spring
April,2014,"Slush, wet snow","Snowing, not including drifting snow",51,69,2,Spring
April,2014,"Slush, wet snow","Freezing rain, sleet, hail",17,25,0,Spring
April,2014,"Slush, wet snow",Visibility limitation,6,7,0,Spring
April,2014,"Slush, wet snow",Strong wind,1,1,0,Spring
April,2014,"Slush, wet snow",Clear and sunny,3,3,0,Spring
April,2014,Icy,Clear and sunny,114,141,1,Spring
April,2014,Icy,"Overcast, cloudy but no precipitation",31,38,0,Spring
April,2014,Icy,Raining,2,2,0,Spring
April,2014,Icy,"Snowing, not including drifting snow",55,69,0,Spring
April,2014,Icy,"Freezing rain, sleet, hail",16,17,0,Spring
April,2014,Icy,Visibility limitation,11,15,0,Spring
April,2014,Icy,Strong wind,4,5,0,Spring
April,2014,Icy,Clear and sunny,9,12,0,Spring
April,2014,Sand/gravel/dirt,Clear and sunny,40,48,0,Spring
April,2014,Sand/gravel/dirt,"Overcast, cloudy but no precipitation",13,17,1,Spring
April,2014,Sand/gravel/dirt,Raining,1,1,0,Spring
April,2014,Sand/gravel/dirt,Strong wind,1,1,0,Spring
April,2014,Muddy,Clear and sunny,11,11,0,Spring
April,2014,Muddy,Raining,5,5,0,Spring
April,2014,Muddy,"Snowing, not including drifting snow",1,2,0,Spring
April,2014,Muddy,Visibility limitation,1,1,0,Spring
April,2014,Oil,Raining,2,4,0,Spring
April,2014,Oil,Visibility limitation,1,1,0,Spring
April,2014,Flooded,"Overcast, cloudy but no precipitation",1,1,0,Spring
April,2014,Other,Clear and sunny,49,63,1,Spring
April,2014,Other,"Overcast, cloudy but no precipitation",1,1,0,Spring
April,2014,Other,Raining,2,2,0,Spring
April,2014,Other,"Snowing, not including drifting snow",58,71,3,Spring
April,2014,Other,"Freezing rain, sleet, hail",1,1,0,Spring
April,2014,Other,Visibility limitation,5,5,0,Spring
April,2014,Other,Strong wind,1,1,0,Spring
April,2014,Other,Other,3,4,0,Spring
April,2014,Other,Clear and sunny,1,1,0,Spring
April,2014,Wet,Clear and sunny,16,22,0,Spring
April,2014,Wet,Raining,1,1,0,Spring
April,2014,Wet,"Snowing, not including drifting snow",1,1,0,Spring
April,2014,Wet,Visibility limitation,2,2,0,Spring
April,2014,Wet,Clear and sunny,56,73,1,Spring
April,2015,"Dry, normal",Clear and sunny,5366,7269,78,Spring
April,2015,"Dry, normal","Overcast, cloudy but no precipitation",509,677,13,Spring
April,2015,"Dry, normal",Raining,12,16,0,Spring
April,2015,"Dry, normal","Snowing, not including drifting snow",5,6,0,Spring
April,2015,"Dry, normal",Visibility limitation,9,12,1,Spring
April,2015,"Dry, normal",Strong wind,17,18,1,Spring
April,2015,"Dry, normal",Other,5,7,0,Spring
April,2015,"Dry, normal",Clear and sunny,48,66,0,Spring
April,2015,Wet,Clear and sunny,206,266,5,Spring
April,2015,Wet,"Overcast, cloudy but no precipitation",161,207,2,Spring
April,2015,Wet,Raining,719,966,7,Spring
April,2015,Wet,"Snowing, not including drifting snow",78,126,1,Spring
April,2015,Wet,"Freezing rain, sleet, hail",10,16,0,Spring
April,2015,Wet,Visibility limitation,22,32,1,Spring
April,2015,Wet,Strong wind,3,5,0,Spring
April,2015,Wet,Other,1,2,0,Spring
April,2015,Wet,Clear and sunny,1,2,0,Spring
April,2015,"Snow (fresh, loose snow)",Clear and sunny,9,10,0,Spring
April,2015,"Snow (fresh, loose snow)","Overcast, cloudy but no precipitation",6,9,0,Spring
April,2015,"Snow (fresh, loose snow)",Raining,1,1,0,Spring
April,2015,"Snow (fresh, loose snow)","Snowing, not including drifting snow",74,106,0,Spring
April,2015,"Snow (fresh, loose snow)","Freezing rain, sleet, hail",1,1,0,Spring
April,2015,"Snow (fresh, loose snow)",Visibility limitation,6,8,0,Spring
April,2015,"Snow (fresh, loose snow)",Strong wind,1,1,0,Spring
April,2015,"Snow (fresh, loose snow)",Clear and sunny,2,3,0,Spring
April,2015,"Slush, wet snow",Clear and sunny,9,11,0,Spring
April,2015,"Slush, wet snow","Overcast, cloudy but no precipitation",8,9,0,Spring
April,2015,"Slush, wet snow",Raining,4,5,0,Spring
April,2015,"Slush, wet snow","Snowing, not including drifting snow",44,64,2,Spring
April,2015,"Slush, wet snow","Freezing rain, sleet, hail",7,8,0,Spring
April,2015,"Slush, wet snow",Visibility limitation,3,4,0,Spring
April,2015,"Slush, wet snow",Strong wind,1,1,0,Spring
April,2015,"Slush, wet snow",Clear and sunny,1,1,0,Spring
April,2015,Icy,Clear and sunny,68,81,0,Spring
April,2015,Icy,"Overcast, cloudy but no precipitation",23,28,1,Spring
April,2015,Icy,Raining,3,3,0,Spring
April,2015,Icy,"Snowing, not including drifting snow",72,99,1,Spring
April,2015,Icy,"Freezing rain, sleet, hail",15,19,0,Spring
April,2015,Icy,Visibility limitation,13,21,0,Spring
April,2015,Icy,Strong wind,1,1,0,Spring
April,2015,Icy,Other,2,2,0,Spring
April,2015,Icy,Clear and sunny,4,5,0,Spring
April,2015,Sand/gravel/dirt,Clear and sunny,48,57,1,Spring
April,2015,Sand/gravel/dirt,"Overcast, cloudy but no precipitation",3,3,0,Spring
April,2015,Sand/gravel/dirt,Raining,2,2,0,Spring
April,2015,Muddy,Clear and sunny,9,14,0,Spring
April,2015,Muddy,"Overcast, cloudy but no precipitation",4,3,1,Spring
April,2015,Muddy,Raining,1,4,0,Spring
April,2015,Oil,Clear and sunny,1,1,0,Spring
April,2015,Flooded,Raining,1,1,0,Spring
April,2015,Other,Clear and sunny,32,41,0,Spring
April,2015,Other,Raining,2,2,0,Spring
April,2015,Other,"Snowing, not including drifting snow",24,36,0,Spring
April,2015,Other,"Freezing rain, sleet, hail",3,5,0,Spring
April,2015,Other,Visibility limitation,1,1,0,Spring
April,2015,Other,Strong wind,1,1,0,Spring
April,2015,Other,Other,2,2,0,Spring
April,2015,Wet,Clear and sunny,10,13,0,Spring
April,2015,Wet,"Overcast, cloudy but no precipitation",4,5,0,Spring
April,2015,Wet,Raining,1,1,0,Spring
April,2015,Wet,Other,1,1,0,Spring
April,2015,Wet,Clear and sunny,48,58,1,Spring
April,2016,"Dry, normal",Clear and sunny,5922,7894,115,Spring
April,2016,"Dry, normal","Overcast, cloudy but no precipitation",439,599,9,Spring
April,2016,"Dry, normal",Raining,3,5,0,Spring
April,2016,"Dry, normal","Snowing, not including drifting snow",4,5,0,Spring
April,2016,"Dry, normal",Visibility limitation,5,5,1,Spring
April,2016,"Dry, normal",Strong wind,9,12,0,Spring
April,2016,"Dry, normal",Other,8,9,0,Spring
April,2016,"Dry, normal",Clear and sunny,37,46,3,Spring
April,2016,Wet,Clear and sunny,154,213,1,Spring
April,2016,Wet,"Overcast, cloudy but no precipitation",126,158,1,Spring
April,2016,Wet,Raining,487,652,4,Spring
April,2016,Wet,"Snowing, not including drifting snow",73,105,1,Spring
April,2016,Wet,"Freezing rain, sleet, hail",5,7,0,Spring
April,2016,Wet,Visibility limitation,16,20,1,Spring
April,2016,Wet,Strong wind,1,1,0,Spring
April,2016,Wet,Other,3,7,0,Spring
April,2016,Wet,Clear and sunny,3,3,0,Spring
April,2016,"Snow (fresh, loose snow)",Clear and sunny,12,14,0,Spring
April,2016,"Snow (fresh, loose snow)","Overcast, cloudy but no precipitation",8,17,0,Spring
April,2016,"Snow (fresh, loose snow)",Raining,2,2,0,Spring
April,2016,"Snow (fresh, loose snow)","Snowing, not including drifting snow",193,254,3,Spring
April,2016,"Snow (fresh, loose snow)","Freezing rain, sleet, hail",2,2,0,Spring
April,2016,"Snow (fresh, loose snow)",Visibility limitation,23,29,1,Spring
April,2016,"Slush, wet snow",Clear and sunny,11,16,0,Spring
April,2016,"Slush, wet snow","Overcast, cloudy but no precipitation",5,7,0,Spring
April,2016,"Slush, wet snow",Raining,11,14,0,Spring
April,2016,"Slush, wet snow","Snowing, not including drifting snow",88,107,1,Spring
April,2016,"Slush, wet snow","Freezing rain, sleet, hail",15,16,0,Spring
April,2016,"Slush, wet snow",Visibility limitation,10,15,0,Spring
April,2016,"Slush, wet snow",Strong wind,1,1,0,Spring
April,2016,"Slush, wet snow",Other,2,8,0,Spring
April,2016,"Slush, wet snow",Clear and sunny,1,1,0,Spring
April,2016,Icy,Clear and sunny,60,84,1,Spring
April,2016,Icy,"Overcast, cloudy but no precipitation",17,18,1,Spring
April,2016,Icy,Raining,6,6,0,Spring
April,2016,Icy,"Snowing, not including drifting snow",104,162,1,Spring
April,2016,Icy,"Freezing rain, sleet, hail",15,21,1,Spring
April,2016,Icy,Visibility limitation,12,19,0,Spring
April,2016,Icy,Strong wind,5,7,0,Spring
April,2016,Sand/gravel/dirt,Clear and sunny,46,55,2,Spring
April,2016,Sand/gravel/dirt,"Overcast, cloudy but no precipitation",2,2,0,Spring
April,2016,Sand/gravel/dirt,Raining,2,2,0,Spring
April,2016,Sand/gravel/dirt,"Snowing, not including drifting snow",1,5,0,Spring
April,2016,Sand/gravel/dirt,Visibility limitation,1,1,0,Spring
April,2016,Sand/gravel/dirt,Strong wind,1,1,0,Spring
April,2016,Muddy,Clear and sunny,5,5,0,Spring
April,2016,Muddy,"Overcast, cloudy but no precipitation",2,2,0,Spring
April,2016,Muddy,Raining,2,2,0,Spring
April,2016,Oil,"Overcast, cloudy but no precipitation",2,2,0,Spring
April,2016,Flooded,Raining,1,1,0,Spring
April,2016,Other,Clear and sunny,28,36,1,Spring
April,2016,Other,"Snowing, not including drifting snow",5,8,0,Spring
April,2016,Other,Strong wind,1,1,0,Spring
April,2016,Wet,Clear and sunny,11,12,1,Spring
April,2016,Wet,"Overcast, cloudy but no precipitation",3,4,0,Spring
April,2016,Wet,"Snowing, not including drifting snow",1,2,0,Spring
April,2016,Wet,Visibility limitation,1,2,0,Spring
April,2016,Wet,Clear and sunny,44,51,3,Spring
April,2017,"Dry, normal",Clear and sunny,4830,6493,80,Spring
April,2017,"Dry, normal","Overcast, cloudy but no precipitation",560,737,5,Spring
April,2017,"Dry, normal",Raining,10,17,0,Spring
April,2017,"Dry, normal","Snowing, not including drifting snow",4,5,0,Spring
April,2017,"Dry, normal",Visibility limitation,13,16,1,Spring
April,2017,"Dry, normal",Strong wind,9,14,0,Spring
April,2017,"Dry, normal",Other,5,8,0,Spring
April,2017,"Dry, normal",Clear and sunny,23,26,3,Spring
April,2017,Wet,Clear and sunny,188,239,3,Spring
April,2017,Wet,"Overcast, cloudy but no precipitation",165,219,4,Spring
April,2017,Wet,Raining,1084,1466,11,Spring
April,2017,Wet,"Snowing, not including drifting snow",68,93,0,Spring
April,2017,Wet,"Freezing rain, sleet, hail",12,12,1,Spring
April,2017,Wet,Visibility limitation,32,40,1,Spring
April,2017,Wet,Strong wind,6,7,0,Spring
April,2017,Wet,Other,5,6,0,Spring
April,2017,Wet,Clear and sunny,2,2,0,Spring
April,2017,"Snow (fresh, loose snow)",Clear and sunny,6,6,0,Spring
April,2017,"Snow (fresh, loose snow)","Overcast, cloudy but no precipitation",1,2,0,Spring
April,2017,"Snow (fresh, loose snow)","Snowing, not including drifting snow",53,66,1,Spring
April,2017,"Snow (fresh, loose snow)","Freezing rain, sleet, hail",3,3,0,Spring
April,2017,"Snow (fresh, loose snow)",Visibility limitation,12,13,0,Spring
April,2017,"Snow (fresh, loose snow)",Other,1,1,0,Spring
April,2017,"Slush, wet snow",Clear and sunny,10,11,0,Spring
April,2017,"Slush, wet snow","Overcast, cloudy but no precipitation",6,7,0,Spring
April,2017,"Slush, wet snow",Raining,7,10,0,Spring
April,2017,"Slush, wet snow","Snowing, not including drifting snow",72,93,1,Spring
April,2017,"Slush, wet snow","Freezing rain, sleet, hail",10,11,0,Spring
April,2017,"Slush, wet snow",Visibility limitation,6,7,0,Spring
April,2017,"Slush, wet snow",Strong wind,2,3,0,Spring
April,2017,Icy,Clear and sunny,40,50,1,Spring
April,2017,Icy,"Overcast, cloudy but no precipitation",10,12,0,Spring
April,2017,Icy,Raining,2,2,0,Spring
April,2017,Icy,"Snowing, not including drifting snow",29,38,0,Spring
April,2017,Icy,"Freezing rain, sleet, hail",10,18,0,Spring
April,2017,Icy,Visibility limitation,1,1,0,Spring
April,2017,Icy,Strong wind,1,2,0,Spring
April,2017,Sand/gravel/dirt,Clear and sunny,41,49,0,Spring
April,2017,Sand/gravel/dirt,"Overcast, cloudy but no precipitation",8,10,0,Spring
April,2017,Sand/gravel/dirt,Raining,2,2,0,Spring
April,2017,Sand/gravel/dirt,Visibility limitation,1,1,0,Spring
April,2017,Sand/gravel/dirt,Strong wind,1,1,0,Spring
April,2017,Sand/gravel/dirt,Clear and sunny,1,1,0,Spring
April,2017,Muddy,Clear and sunny,8,14,0,Spring
April,2017,Muddy,"Overcast, cloudy but no precipitation",3,5,0,Spring
April,2017,Muddy,Raining,3,4,0,Spring
April,2017,Other,Clear and sunny,21,27,0,Spring
April,2017,Other,"Overcast, cloudy but no precipitation",2,2,0,Spring
April,2017,Other,Raining,4,4,0,Spring
April,2017,Other,"Snowing, not including drifting snow",82,110,3,Spring
April,2017,Other,"Freezing rain, sleet, hail",8,12,0,Spring
April,2017,Other,Visibility limitation,2,2,0,Spring
April,2017,Other,Other,5,7,0,Spring
April,2017,Other,Clear and sunny,1,1,0,Spring
April,2017,Wet,Clear and sunny,9,9,1,Spring
April,2017,Wet,"Overcast, cloudy but no precipitation",2,2,0,Spring
April,2017,Wet,Raining,1,1,0,Spring
April,2017,Wet,Other,1,0,1,Spring
April,2017,Wet,Clear and sunny,47,57,0,Spring
April,2018,"Dry, normal",Clear and sunny,4420,5904,92,Spring
April,2018,"Dry, normal","Overcast, cloudy but no precipitation",469,651,8,Spring
April,2018,"Dry, normal",Raining,10,15,0,Spring
April,2018,"Dry, normal","Snowing, not including drifting snow",3,3,0,Spring
April,2018,"Dry, normal",Visibility limitation,11,12,1,Spring
April,2018,"Dry, normal",Strong wind,19,28,0,Spring
April,2018,"Dry, normal",Other,3,3,0,Spring
April,2018,"Dry, normal",Clear and sunny,19,23,1,Spring
April,2018,Wet,Clear and sunny,182,242,0,Spring
April,2018,Wet,"Overcast, cloudy but no precipitation",135,178,2,Spring
April,2018,Wet,Raining,786,1041,5,Spring
April,2018,Wet,"Snowing, not including drifting snow",93,114,4,Spring
April,2018,Wet,"Freezing rain, sleet, hail",23,34,0,Spring
April,2018,Wet,Visibility limitation,19,24,2,Spring
April,2018,Wet,Strong wind,2,3,0,Spring
April,2018,Wet,Other,1,1,0,Spring
April,2018,Wet,Clear and sunny,1,1,0,Spring
April,2018,"Snow (fresh, loose snow)",Clear and sunny,16,18,0,Spring
April,2018,"Snow (fresh, loose snow)","Overcast, cloudy but no precipitation",11,19,0,Spring
April,2018,"Snow (fresh, loose snow)",Raining,4,4,0,Spring
April,2018,"Snow (fresh, loose snow)","Snowing, not including drifting snow",102,138,0,Spring
April,2018,"Snow (fresh, loose snow)","Freezing rain, sleet, hail",14,20,0,Spring
April,2018,"Snow (fresh, loose snow)",Visibility limitation,38,58,3,Spring
April,2018,"Snow (fresh, loose snow)",Strong wind,5,5,0,Spring
April,2018,"Slush, wet snow",Clear and sunny,13,14,1,Spring
April,2018,"Slush, wet snow","Overcast, cloudy but no precipitation",7,7,0,Spring
April,2018,"Slush, wet snow",Raining,17,25,1,Spring
April,2018,"Slush, wet snow","Snowing, not including drifting snow",63,72,2,Spring
April,2018,"Slush, wet snow","Freezing rain, sleet, hail",67,87,0,Spring
April,2018,"Slush, wet snow",Visibility limitation,7,7,0,Spring
April,2018,"Slush, wet snow",Strong wind,2,2,0,Spring
April,2018,"Slush, wet snow",Other,2,4,0,Spring
April,2018,"Slush, wet snow",Clear and sunny,2,2,0,Spring
April,2018,Icy,Clear and sunny,84,99,3,Spring
April,2018,Icy,"Overcast, cloudy but no precipitation",21,24,0,Spring
April,2018,Icy,Raining,12,18,0,Spring
April,2018,Icy,"Snowing, not including drifting snow",94,126,3,Spring
April,2018,Icy,"Freezing rain, sleet, hail",108,155,1,Spring
April,2018,Icy,Visibility limitation,27,36,0,Spring
April,2018,Icy,Strong wind,11,13,0,Spring
April,2018,Icy,Other,3,3,0,Spring
April,2018,Icy,Clear and sunny,4,6,0,Spring
April,2018,Sand/gravel/dirt,Clear and sunny,27,32,2,Spring
April,2018,Sand/gravel/dirt,"Overcast, cloudy but no precipitation",6,8,0,Spring
April,2018,Sand/gravel/dirt,Clear and sunny,1,0,3,Spring
April,2018,Muddy,Clear and sunny,7,9,0,Spring
April,2018,Muddy,Raining,1,1,0,Spring
April,2018,Muddy,"Snowing, not including drifting snow",1,1,0,Spring
April,2018,Oil,Clear and sunny,1,2,0,Spring
April,2018,Flooded,Raining,1,1,0,Spring
April,2018,Other,Clear and sunny,66,84,1,Spring
April,2018,Other,Raining,2,2,0,Spring
April,2018,Other,"Snowing, not including drifting snow",79,98,0,Spring
April,2018,Other,"Freezing rain, sleet, hail",5,6,0,Spring
April,2018,Other,Visibility limitation,3,10,0,Spring
April,2018,Other,Strong wind,1,1,0,Spring
April,2018,Other,Other,2,3,0,Spring
April,2018,Other,Clear and sunny,5,6,0,Spring
April,2018,Wet,Clear and sunny,16,18,0,Spring
April,2018,Wet,"Overcast, cloudy but no precipitation",2,3,0,Spring
April,2018,Wet,Raining,1,1,0,Spring
April,2018,Wet,"Snowing, not including drifting snow",1,1,0,Spring
April,2018,Wet,Strong wind,2,2,0,Spring
April,2018,Wet,Clear and sunny,48,52,0,Spring
April,2019,"Dry, normal",Clear and sunny,4345,5729,63,Spring
April,2019,"Dry, normal","Overcast, cloudy but no precipitation",501,675,7,Spring
April,2019,"Dry, normal",Raining,4,4,0,Spring
April,2019,"Dry, normal",Visibility limitation,10,12,0,Spring
April,2019,"Dry, normal",Strong wind,11,13,1,Spring
April,2019,"Dry, normal",Other,10,11,1,Spring
April,2019,"Dry, normal",Clear and sunny,16,19,0,Spring
April,2019,Wet,Clear and sunny,164,240,0,Spring
April,2019,Wet,"Overcast, cloudy but no precipitation",140,194,5,Spring
April,2019,Wet,Raining,812,1140,7,Spring
April,2019,Wet,"Snowing, not including drifting snow",48,68,1,Spring
April,2019,Wet,"Freezing rain, sleet, hail",15,21,0,Spring
April,2019,Wet,Visibility limitation,12,16,0,Spring
April,2019,Wet,Strong wind,3,5,0,Spring
April,2019,Wet,Other,4,6,0,Spring
April,2019,Wet,Clear and sunny,3,3,0,Spring
April,2019,"Snow (fresh, loose snow)",Clear and sunny,9,11,0,Spring
April,2019,"Snow (fresh, loose snow)","Overcast, cloudy but no precipitation",8,17,0,Spring
April,2019,"Snow (fresh, loose snow)","Snowing, not including drifting snow",99,134,0,Spring
April,2019,"Snow (fresh, loose snow)","Freezing rain, sleet, hail",1,1,0,Spring
April,2019,"Snow (fresh, loose snow)",Visibility limitation,35,44,0,Spring
April,2019,"Snow (fresh, loose snow)",Strong wind,2,3,1,Spring
April,2019,"Slush, wet snow",Clear and sunny,11,12,0,Spring
April,2019,"Slush, wet snow","Overcast, cloudy but no precipitation",11,13,0,Spring
April,2019,"Slush, wet snow",Raining,4,6,0,Spring
April,2019,"Slush, wet snow","Snowing, not including drifting snow",59,74,0,Spring
April,2019,"Slush, wet snow","Freezing rain, sleet, hail",18,26,1,Spring
April,2019,"Slush, wet snow",Visibility limitation,6,8,0,Spring
April,2019,"Slush, wet snow",Strong wind,2,2,0,Spring
April,2019,"Slush, wet snow",Clear and sunny,1,1,0,Spring
April,2019,Icy,Clear and sunny,47,59,1,Spring
April,2019,Icy,"Overcast, cloudy but no precipitation",19,21,1,Spring
April,2019,Icy,Raining,7,10,0,Spring
April,2019,Icy,"Snowing, not including drifting snow",53,82,1,Spring
April,2019,Icy,"Freezing rain, sleet, hail",36,43,0,Spring
April,2019,Icy,Visibility limitation,13,17,1,Spring
April,2019,Icy,Strong wind,4,5,0,Spring
April,2019,Icy,Clear and sunny,2,2,0,Spring
April,2019,Sand/gravel/dirt,Clear and sunny,40,59,0,Spring
April,2019,Sand/gravel/dirt,"Overcast, cloudy but no precipitation",3,3,0,Spring
April,2019,Sand/gravel/dirt,Raining,1,1,0,Spring
April,2019,Sand/gravel/dirt,Visibility limitation,1,1,0,Spring
April,2019,Sand/gravel/dirt,Clear and sunny,1,1,0,Spring
April,2019,Muddy,Clear and sunny,7,7,0,Spring
April,2019,Muddy,"Overcast, cloudy but no precipitation",1,1,0,Spring
April,2019,Muddy,Raining,1,2,0,Spring
April,2019,Oil,Clear and sunny,1,1,0,Spring
April,2019,Flooded,Raining,1,1,0,Spring
April,2019,Other,Clear and sunny,28,32,2,Spring
April,2019,Other,Raining,3,3,0,Spring
April,2019,Other,"Snowing, not including drifting snow",45,71,1,Spring
April,2019,Other,"Freezing rain, sleet, hail",2,2,0,Spring
April,2019,Other,Strong wind,2,2,0,Spring
April,2019,Other,Other,1,1,0,Spring
April,2019,Wet,Clear and sunny,12,14,1,Spring
April,2019,Wet,"Overcast, cloudy but no precipitation",2,3,0,Spring
April,2019,Wet,Raining,3,4,0,Spring
April,2019,Wet,"Freezing rain, sleet, hail",1,1,0,Spring
April,2019,Wet,Other,1,1,0,Spring
April,2019,Wet,Clear and sunny,39,44,2,Spring
April,2020,"Dry, normal",Clear and sunny,2159,2722,53,Spring
April,2020,"Dry, normal","Overcast, cloudy but no precipitation",263,352,8,Spring
April,2020,"Dry, normal",Raining,3,3,0,Spring
April,2020,"Dry, normal","Snowing, not including drifting snow",1,1,0,Spring
April,2020,"Dry, normal",Visibility limitation,2,4,0,Spring
April,2020,"Dry, normal",Strong wind,16,21,0,Spring
April,2020,"Dry, normal",Other,2,1,1,Spring
April,2020,"Dry, normal",Clear and sunny,7,8,1,Spring
April,2020,Wet,Clear and sunny,66,93,1,Spring
April,2020,Wet,"Overcast, cloudy but no precipitation",72,91,2,Spring
April,2020,Wet,Raining,307,402,2,Spring
April,2020,Wet,"Snowing, not including drifting snow",25,27,0,Spring
April,2020,Wet,"Freezing rain, sleet, hail",3,5,0,Spring
April,2020,Wet,Visibility limitation,8,9,0,Spring
April,2020,Wet,Strong wind,2,2,0,Spring
April,2020,Wet,Other,2,1,1,Spring
April,2020,Wet,Clear and sunny,2,2,0,Spring
April,2020,"Snow (fresh, loose snow)",Clear and sunny,5,5,0,Spring
April,2020,"Snow (fresh, loose snow)","Overcast, cloudy but no precipitation",3,11,0,Spring
April,2020,"Snow (fresh, loose snow)","Snowing, not including drifting snow",52,64,0,Spring
April,2020,"Snow (fresh, loose snow)","Freezing rain, sleet, hail",1,1,0,Spring
April,2020,"Snow (fresh, loose snow)",Visibility limitation,1,1,0,Spring
April,2020,"Snow (fresh, loose snow)",Clear and sunny,1,1,0,Spring
April,2020,"Slush, wet snow",Clear and sunny,7,10,0,Spring
April,2020,"Slush, wet snow","Overcast, cloudy but no precipitation",3,4,0,Spring
April,2020,"Slush, wet snow",Raining,1,2,0,Spring
April,2020,"Slush, wet snow","Snowing, not including drifting snow",30,33,1,Spring
April,2020,"Slush, wet snow","Freezing rain, sleet, hail",5,6,0,Spring
April,2020,"Slush, wet snow",Visibility limitation,2,2,2,Spring
April,2020,"Slush, wet snow",Strong wind,1,1,0,Spring
April,2020,"Slush, wet snow",Clear and sunny,2,2,0,Spring
April,2020,Icy,Clear and sunny,35,43,1,Spring
April,2020,Icy,"Overcast, cloudy but no precipitation",4,5,0,Spring
April,2020,Icy,"Snowing, not including drifting snow",27,29,0,Spring
April,2020,Icy,"Freezing rain, sleet, hail",4,4,0,Spring
April,2020,Icy,Visibility limitation,2,2,0,Spring
April,2020,Icy,Strong wind,4,4,1,Spring
April,2020,Icy,Clear and sunny,2,2,0,Spring
April,2020,Sand/gravel/dirt,Clear and sunny,17,20,0,Spring
April,2020,Sand/gravel/dirt,"Overcast, cloudy but no precipitation",3,3,0,Spring
April,2020,Sand/gravel/dirt,Clear and sunny,1,1,0,Spring
April,2020,Muddy,Clear and sunny,2,2,0,Spring
April,2020,Muddy,Raining,1,2,0,Spring
April,2020,Flooded,Raining,1,1,0,Spring
April,2020,Other,Clear and sunny,28,29,2,Spring
April,2020,Other,"Snowing, not including drifting snow",23,24,0,Spring
April,2020,Other,Visibility limitation,1,1,0,Spring
April,2020,Other,Strong wind,4,5,0,Spring
April,2020,Other,Other,1,1,0,Spring
April,2020,Other,Clear and sunny,1,1,0,Spring
April,2020,Wet,Clear and sunny,9,12,0,Spring
April,2020,Wet,"Overcast, cloudy but no precipitation",1,2,0,Spring
April,2020,Wet,Raining,1,2,0,Spring
April,2020,Wet,Strong wind,1,1,0,Spring
April,2020,Wet,Other,1,1,1,Spring
April,2020,Wet,Clear and sunny,23,24,2,Spring
April,2021,"Dry, normal",Clear and sunny,3561,4661,76,Spring
April,2021,"Dry, normal","Overcast, cloudy but no precipitation",363,472,8,Spring
April,2021,"Dry, normal",Raining,7,8,1,Spring
April,2021,"Dry, normal","Snowing, not including drifting snow",1,1,0,Spring
April,2021,"Dry, normal","Freezing rain, sleet, hail",1,2,0,Spring
April,2021,"Dry, normal",Visibility limitation,13,16,1,Spring
April,2021,"Dry, normal",Strong wind,8,9,0,Spring
April,2021,"Dry, normal",Other,6,7,1,Spring
April,2021,"Dry, normal",Clear and sunny,34,40,0,Spring
April,2021,Wet,Clear and sunny,69,81,1,Spring
April,2021,Wet,"Overcast, cloudy but no precipitation",96,119,1,Spring
April,2021,Wet,Raining,450,602,4,Spring
April,2021,Wet,"Snowing, not including drifting snow",51,58,0,Spring
April,2021,Wet,"Freezing rain, sleet, hail",3,4,0,Spring
April,2021,Wet,Visibility limitation,4,5,0,Spring
April,2021,Wet,Other,1,1,0,Spring
April,2021,Wet,Clear and sunny,1,1,0,Spring
April,2021,"Snow (fresh, loose snow)",Clear and sunny,8,9,0,Spring
April,2021,"Snow (fresh, loose snow)","Overcast, cloudy but no precipitation",6,7,0,Spring
April,2021,"Snow (fresh, loose snow)","Snowing, not including drifting snow",44,56,0,Spring
April,2021,"Snow (fresh, loose snow)","Freezing rain, sleet, hail",2,2,0,Spring
April,2021,"Snow (fresh, loose snow)",Visibility limitation,2,2,0,Spring
April,2021,"Snow (fresh, loose snow)",Strong wind,1,1,0,Spring
April,2021,"Snow (fresh, loose snow)",Clear and sunny,1,1,0,Spring
April,2021,"Slush, wet snow",Clear and sunny,5,5,0,Spring
April,2021,"Slush, wet snow","Overcast, cloudy but no precipitation",9,16,0,Spring
April,2021,"Slush, wet snow",Raining,2,2,0,Spring
April,2021,"Slush, wet snow","Snowing, not including drifting snow",50,67,0,Spring
April,2021,"Slush, wet snow","Freezing rain, sleet, hail",2,2,0,Spring
April,2021,"Slush, wet snow",Visibility limitation,2,2,0,Spring
April,2021,"Slush, wet snow",Strong wind,2,3,0,Spring
April,2021,Icy,Clear and sunny,37,48,0,Spring
April,2021,Icy,"Overcast, cloudy but no precipitation",11,16,0,Spring
April,2021,Icy,Raining,1,1,0,Spring
April,2021,Icy,"Snowing, not including drifting snow",57,76,2,Spring
April,2021,Icy,"Freezing rain, sleet, hail",10,10,0,Spring
April,2021,Icy,Visibility limitation,3,3,0,Spring
April,2021,Icy,Strong wind,3,3,0,Spring
April,2021,Icy,Clear and sunny,1,1,0,Spring
April,2021,Sand/gravel/dirt,Clear and sunny,44,48,0,Spring
April,2021,Sand/gravel/dirt,"Overcast, cloudy but no precipitation",2,3,0,Spring
April,2021,Sand/gravel/dirt,Raining,1,2,0,Spring
April,2021,Sand/gravel/dirt,Visibility limitation,1,1,0,Spring
April,2021,Sand/gravel/dirt,Clear and sunny,1,4,0,Spring
April,2021,Muddy,Clear and sunny,2,2,0,Spring
April,2021,Muddy,"Overcast, cloudy but no precipitation",2,2,0,Spring
April,2021,Muddy,Raining,1,2,0,Spring
April,2021,Muddy,"Snowing, not including drifting snow",1,2,0,Spring
April,2021,Other,Clear and sunny,29,34,1,Spring
April,2021,Other,Raining,2,3,0,Spring
April,2021,Other,"Snowing, not including drifting snow",16,25,1,Spring
April,2021,Other,"Freezing rain, sleet, hail",2,3,0,Spring
April,2021,Other,Visibility limitation,1,1,0,Spring
April,2021,Other,Other,3,3,0,Spring
April,2021,Wet,Clear and sunny,9,10,0,Spring
April,2021,Wet,"Overcast, cloudy but no precipitation",1,2,0,Spring
April,2021,Wet,Raining,1,2,0,Spring
April,2021,Wet,"Snowing, not including drifting snow",1,2,0,Spring
April,2021,Wet,Clear and sunny,37,43,2,Spring
May,2010,"Dry, normal",Clear and sunny,7906,10959,125,Spring
May,2010,"Dry, normal","Overcast, cloudy but no precipitation",769,992,18,Spring
May,2010,"Dry, normal",Raining,17,23,0,Spring
May,2010,"Dry, normal","Snowing, not including drifting snow",3,4,0,Spring
May,2010,"Dry, normal",Visibility limitation,15,21,0,Spring
May,2010,"Dry, normal",Strong wind,20,28,1,Spring
May,2010,"Dry, normal",Other,12,14,0,Spring
May,2010,"Dry, normal",Clear and sunny,11,13,2,Spring
May,2010,Wet,Clear and sunny,162,231,3,Spring
May,2010,Wet,"Overcast, cloudy but no precipitation",178,235,5,Spring
May,2010,Wet,Raining,998,1474,17,Spring
May,2010,Wet,"Snowing, not including drifting snow",34,50,1,Spring
May,2010,Wet,"Freezing rain, sleet, hail",6,7,0,Spring
May,2010,Wet,Visibility limitation,10,12,1,Spring
May,2010,Wet,Strong wind,6,9,0,Spring
May,2010,Wet,Other,5,8,0,Spring
May,2010,Wet,Clear and sunny,4,4,1,Spring
May,2010,"Snow (fresh, loose snow)",Clear and sunny,3,4,0,Spring
May,2010,"Snow (fresh, loose snow)","Overcast, cloudy but no precipitation",1,1,0,Spring
May,2010,"Snow (fresh, loose snow)",Raining,1,1,0,Spring
May,2010,"Snow (fresh, loose snow)","Snowing, not including drifting snow",6,14,0,Spring
May,2010,"Snow (fresh, loose snow)",Visibility limitation,1,1,0,Spring
May,2010,"Slush, wet snow","Overcast, cloudy but no precipitation",2,3,0,Spring
May,2010,"Slush, wet snow",Raining,1,0,3,Spring
May,2010,"Slush, wet snow","Snowing, not including drifting snow",14,19,0,Spring
May,2010,"Slush, wet snow","Freezing rain, sleet, hail",2,2,0,Spring
May,2010,Icy,Clear and sunny,1,1,0,Spring
May,2010,Icy,"Snowing, not including drifting snow",3,3,0,Spring
May,2010,Icy,"Freezing rain, sleet, hail",1,14,0,Spring
May,2010,Icy,Visibility limitation,2,2,0,Spring
May,2010,Icy,Strong wind,1,1,0,Spring
May,2010,Sand/gravel/dirt,Clear and sunny,89,119,2,Spring
May,2010,Sand/gravel/dirt,"Overcast, cloudy but no precipitation",14,15,1,Spring
May,2010,Sand/gravel/dirt,Raining,3,5,0,Spring
May,2010,Sand/gravel/dirt,"Freezing rain, sleet, hail",1,1,0,Spring
May,2010,Sand/gravel/dirt,Visibility limitation,1,1,0,Spring
May,2010,Sand/gravel/dirt,Strong wind,5,8,0,Spring
May,2010,Sand/gravel/dirt,Clear and sunny,2,2,0,Spring
May,2010,Muddy,Clear and sunny,10,10,0,Spring
May,2010,Muddy,"Overcast, cloudy but no precipitation",5,5,0,Spring
May,2010,Muddy,Raining,8,11,0,Spring
May,2010,Muddy,"Freezing rain, sleet, hail",1,1,0,Spring
May,2010,Muddy,Strong wind,1,1,0,Spring
May,2010,Muddy,Clear and sunny,1,2,0,Spring
May,2010,Oil,Clear and sunny,5,5,0,Spring
May,2010,Other,Clear and sunny,33,41,0,Spring
May,2010,Other,"Overcast, cloudy but no precipitation",1,1,0,Spring
May,2010,Other,Raining,4,5,0,Spring
May,2010,Other,"Snowing, not including drifting snow",40,53,2,Spring
May,2010,Other,"Freezing rain, sleet, hail",9,20,0,Spring
May,2010,Other,Strong wind,2,2,0,Spring
May,2010,Other,Other,4,8,0,Spring
May,2010,Other,Clear and sunny,1,1,0,Spring
May,2010,Wet,Clear and sunny,14,16,0,Spring
May,2010,Wet,"Overcast, cloudy but no precipitation",5,6,0,Spring
May,2010,Wet,Raining,2,2,0,Spring
May,2010,Wet,Strong wind,1,1,0,Spring
May,2010,Wet,Clear and sunny,130,160,1,Spring
May,2011,"Dry, normal",Clear and sunny,6058,8100,91,Spring
May,2011,"Dry, normal","Overcast, cloudy but no precipitation",789,1050,17,Spring
May,2011,"Dry, normal",Raining,14,18,0,Spring
May,2011,"Dry, normal","Snowing, not including drifting snow",2,5,0,Spring
May,2011,"Dry, normal","Freezing rain, sleet, hail",1,2,0,Spring
May,2011,"Dry, normal",Visibility limitation,33,44,2,Spring
May,2011,"Dry, normal",Strong wind,9,10,0,Spring
May,2011,"Dry, normal",Other,6,6,0,Spring
May,2011,"Dry, normal",Clear and sunny,31,39,0,Spring
May,2011,Wet,Clear and sunny,209,300,0,Spring
May,2011,Wet,"Overcast, cloudy but no precipitation",266,355,3,Spring
May,2011,Wet,Raining,1645,2294,10,Spring
May,2011,Wet,"Snowing, not including drifting snow",5,5,0,Spring
May,2011,Wet,"Freezing rain, sleet, hail",3,4,0,Spring
May,2011,Wet,Visibility limitation,46,56,1,Spring
May,2011,Wet,Strong wind,3,3,0,Spring
May,2011,Wet,Other,9,12,0,Spring
May,2011,Wet,Clear and sunny,4,6,0,Spring
May,2011,"Snow (fresh, loose snow)",Clear and sunny,2,2,0,Spring
May,2011,"Snow (fresh, loose snow)","Overcast, cloudy but no precipitation",1,1,1,Spring
May,2011,"Snow (fresh, loose snow)",Raining,1,1,0,Spring
May,2011,"Snow (fresh, loose snow)","Snowing, not including drifting snow",5,6,3,Spring
May,2011,"Snow (fresh, loose snow)",Visibility limitation,3,3,4,Spring
May,2011,"Snow (fresh, loose snow)",Strong wind,2,3,0,Spring
May,2011,"Slush, wet snow","Overcast, cloudy but no precipitation",1,1,0,Spring
May,2011,"Slush, wet snow",Raining,1,0,3,Spring
May,2011,"Slush, wet snow","Snowing, not including drifting snow",2,7,0,Spring
May,2011,"Slush, wet snow","Freezing rain, sleet, hail",4,7,0,Spring
May,2011,Icy,Clear and sunny,1,1,0,Spring
May,2011,Icy,"Overcast, cloudy but no precipitation",1,1,0,Spring
May,2011,Icy,"Snowing, not including drifting snow",6,7,0,Spring
May,2011,Icy,Visibility limitation,2,3,0,Spring
May,2011,Icy,Strong wind,1,1,0,Spring
May,2011,Sand/gravel/dirt,Clear and sunny,75,87,6,Spring
May,2011,Sand/gravel/dirt,"Overcast, cloudy but no precipitation",12,16,0,Spring
May,2011,Sand/gravel/dirt,Raining,5,7,0,Spring
May,2011,Sand/gravel/dirt,Visibility limitation,2,5,0,Spring
May,2011,Sand/gravel/dirt,Clear and sunny,1,1,0,Spring
May,2011,Muddy,Clear and sunny,7,6,1,Spring
May,2011,Muddy,"Overcast, cloudy but no precipitation",2,6,0,Spring
May,2011,Muddy,Raining,2,3,0,Spring
May,2011,Muddy,Visibility limitation,1,1,0,Spring
May,2011,Oil,Clear and sunny,2,2,0,Spring
May,2011,Oil,Raining,1,2,0,Spring
May,2011,Flooded,Raining,1,2,0,Spring
May,2011,Other,Clear and sunny,33,43,0,Spring
May,2011,Other,Raining,4,8,0,Spring
May,2011,Other,"Snowing, not including drifting snow",1,1,0,Spring
May,2011,Other,"Freezing rain, sleet, hail",2,6,0,Spring
May,2011,Other,Strong wind,1,1,0,Spring
May,2011,Other,Other,4,6,0,Spring
May,2011,Other,Clear and sunny,2,1,2,Spring
May,2011,Wet,Clear and sunny,19,23,0,Spring
May,2011,Wet,"Overcast, cloudy but no precipitation",2,3,0,Spring
May,2011,Wet,Raining,1,1,0,Spring
May,2011,Wet,Clear and sunny,57,67,1,Spring
May,2012,"Dry, normal",Clear and sunny,7958,10686,131,Spring
May,2012,"Dry, normal","Overcast, cloudy but no precipitation",704,934,11,Spring
May,2012,"Dry, normal",Raining,10,12,0,Spring
May,2012,"Dry, normal","Freezing rain, sleet, hail",1,3,0,Spring
May,2012,"Dry, normal",Visibility limitation,19,25,1,Spring
May,2012,"Dry, normal",Strong wind,11,12,2,Spring
May,2012,"Dry, normal",Other,3,3,0,Spring
May,2012,"Dry, normal",Clear and sunny,55,65,1,Spring
May,2012,Wet,Clear and sunny,135,169,5,Spring
May,2012,Wet,"Overcast, cloudy but no precipitation",196,262,3,Spring
May,2012,Wet,Raining,851,1157,10,Spring
May,2012,Wet,"Snowing, not including drifting snow",3,3,0,Spring
May,2012,Wet,"Freezing rain, sleet, hail",5,5,0,Spring
May,2012,Wet,Visibility limitation,26,38,1,Spring
May,2012,Wet,Strong wind,2,2,0,Spring
May,2012,Wet,Other,1,3,0,Spring
May,2012,Wet,Clear and sunny,11,15,0,Spring
May,2012,"Snow (fresh, loose snow)",Clear and sunny,1,2,0,Spring
May,2012,"Snow (fresh, loose snow)",Raining,1,1,0,Spring
May,2012,"Snow (fresh, loose snow)","Snowing, not including drifting snow",1,1,0,Spring
May,2012,"Slush, wet snow",Clear and sunny,1,1,0,Spring
May,2012,"Slush, wet snow","Overcast, cloudy but no precipitation",1,1,0,Spring
May,2012,"Slush, wet snow",Raining,2,2,3,Spring
May,2012,"Slush, wet snow","Snowing, not including drifting snow",1,2,0,Spring
May,2012,"Slush, wet snow","Freezing rain, sleet, hail",2,5,0,Spring
May,2012,Icy,Clear and sunny,1,1,0,Spring
May,2012,Icy,"Overcast, cloudy but no precipitation",1,1,0,Spring
May,2012,Icy,Raining,1,1,0,Spring
May,2012,Icy,"Snowing, not including drifting snow",1,1,0,Spring
May,2012,Sand/gravel/dirt,Clear and sunny,75,110,2,Spring
May,2012,Sand/gravel/dirt,"Overcast, cloudy but no precipitation",10,11,0,Spring
May,2012,Sand/gravel/dirt,Raining,5,6,0,Spring
May,2012,Sand/gravel/dirt,Clear and sunny,4,4,0,Spring
May,2012,Muddy,Clear and sunny,5,6,0,Spring
May,2012,Muddy,"Overcast, cloudy but no precipitation",1,1,0,Spring
May,2012,Muddy,Raining,11,12,1,Spring
May,2012,Oil,Clear and sunny,5,5,0,Spring
May,2012,Oil,"Overcast, cloudy but no precipitation",1,1,0,Spring
May,2012,Flooded,Raining,1,1,0,Spring
May,2012,Other,Clear and sunny,35,50,1,Spring
May,2012,Other,"Overcast, cloudy but no precipitation",1,3,0,Spring
May,2012,Other,"Snowing, not including drifting snow",7,9,0,Spring
May,2012,Other,Visibility limitation,2,2,0,Spring
May,2012,Other,Other,1,1,0,Spring
May,2012,Wet,Clear and sunny,14,14,0,Spring
May,2012,Wet,"Overcast, cloudy but no precipitation",3,4,0,Spring
May,2012,Wet,Clear and sunny,63,73,3,Spring
May,2013,"Dry, normal",Clear and sunny,7382,9907,128,Spring
May,2013,"Dry, normal","Overcast, cloudy but no precipitation",684,909,13,Spring
May,2013,"Dry, normal",Raining,20,25,0,Spring
May,2013,"Dry, normal",Visibility limitation,18,29,2,Spring
May,2013,"Dry, normal",Strong wind,12,13,3,Spring
May,2013,"Dry, normal",Other,8,9,0,Spring
May,2013,"Dry, normal",Clear and sunny,58,65,1,Spring
May,2013,Wet,Clear and sunny,163,208,2,Spring
May,2013,Wet,"Overcast, cloudy but no precipitation",209,293,2,Spring
May,2013,Wet,Raining,1022,1353,12,Spring
May,2013,Wet,"Snowing, not including drifting snow",11,17,0,Spring
May,2013,Wet,"Freezing rain, sleet, hail",5,8,0,Spring
May,2013,Wet,Visibility limitation,21,42,0,Spring
May,2013,Wet,Strong wind,2,3,0,Spring
May,2013,Wet,Other,2,2,0,Spring
May,2013,Wet,Clear and sunny,6,7,0,Spring
May,2013,"Snow (fresh, loose snow)",Clear and sunny,1,1,0,Spring
May,2013,"Snow (fresh, loose snow)","Snowing, not including drifting snow",3,4,1,Spring
May,2013,"Slush, wet snow",Clear and sunny,2,3,0,Spring
May,2013,"Slush, wet snow",Raining,3,4,3,Spring
May,2013,"Slush, wet snow","Snowing, not including drifting snow",4,8,0,Spring
May,2013,Icy,Clear and sunny,10,10,0,Spring
May,2013,Icy,"Snowing, not including drifting snow",4,6,0,Spring
May,2013,Icy,"Freezing rain, sleet, hail",4,4,0,Spring
May,2013,Sand/gravel/dirt,Clear and sunny,75,93,2,Spring
May,2013,Sand/gravel/dirt,"Overcast, cloudy but no precipitation",8,7,1,Spring
May,2013,Sand/gravel/dirt,Raining,2,2,0,Spring
May,2013,Sand/gravel/dirt,Visibility limitation,1,1,0,Spring
May,2013,Sand/gravel/dirt,Strong wind,1,1,0,Spring
May,2013,Sand/gravel/dirt,Clear and sunny,3,3,0,Spring
May,2013,Muddy,Clear and sunny,3,4,0,Spring
May,2013,Muddy,"Overcast, cloudy but no precipitation",5,7,0,Spring
May,2013,Muddy,Raining,2,2,0,Spring
May,2013,Oil,Clear and sunny,1,1,0,Spring
May,2013,Oil,"Overcast, cloudy but no precipitation",1,1,0,Spring
May,2013,Oil,Raining,1,2,0,Spring
May,2013,Other,Clear and sunny,45,69,1,Spring
May,2013,Other,"Overcast, cloudy but no precipitation",1,1,0,Spring
May,2013,Other,Raining,3,5,1,Spring
May,2013,Other,"Snowing, not including drifting snow",2,4,0,Spring
May,2013,Other,"Freezing rain, sleet, hail",1,1,0,Spring
May,2013,Other,Visibility limitation,1,2,0,Spring
May,2013,Other,Other,1,3,0,Spring
May,2013,Other,Clear and sunny,3,3,0,Spring
May,2013,Wet,Clear and sunny,15,22,0,Spring
May,2013,Wet,"Overcast, cloudy but no precipitation",9,10,0,Spring
May,2013,Wet,Raining,1,1,0,Spring
May,2013,Wet,Other,1,2,0,Spring
May,2013,Wet,Clear and sunny,56,71,3,Spring
May,2014,"Dry, normal",Clear and sunny,6309,8463,103,Spring
May,2014,"Dry, normal","Overcast, cloudy but no precipitation",772,1022,17,Spring
May,2014,"Dry, normal",Raining,9,13,0,Spring
May,2014,"Dry, normal","Snowing, not including drifting snow",2,2,0,Spring
May,2014,"Dry, normal","Freezing rain, sleet, hail",1,1,0,Spring
May,2014,"Dry, normal",Visibility limitation,20,29,0,Spring
May,2014,"Dry, normal",Strong wind,7,10,0,Spring
May,2014,"Dry, normal",Other,8,11,0,Spring
May,2014,"Dry, normal",Clear and sunny,26,30,0,Spring
May,2014,Wet,Clear and sunny,133,181,5,Spring
May,2014,Wet,"Overcast, cloudy but no precipitation",163,225,4,Spring
May,2014,Wet,Raining,832,1134,10,Spring
May,2014,Wet,"Snowing, not including drifting snow",11,12,0,Spring
May,2014,Wet,"Freezing rain, sleet, hail",2,3,0,Spring
May,2014,Wet,Visibility limitation,25,29,2,Spring
May,2014,Wet,Strong wind,1,1,0,Spring
May,2014,Wet,Other,5,8,0,Spring
May,2014,Wet,Clear and sunny,5,5,0,Spring
May,2014,"Snow (fresh, loose snow)","Overcast, cloudy but no precipitation",1,1,0,Spring
May,2014,"Snow (fresh, loose snow)",Raining,1,1,0,Spring
May,2014,"Snow (fresh, loose snow)","Snowing, not including drifting snow",2,2,0,Spring
May,2014,"Slush, wet snow",Clear and sunny,1,1,0,Spring
May,2014,"Slush, wet snow",Raining,1,0,3,Spring
May,2014,"Slush, wet snow","Snowing, not including drifting snow",3,3,0,Spring
May,2014,"Slush, wet snow","Freezing rain, sleet, hail",2,2,0,Spring
May,2014,Icy,Clear and sunny,1,1,0,Spring
May,2014,Icy,"Snowing, not including drifting snow",1,2,0,Spring
May,2014,Icy,Clear and sunny,1,2,0,Spring
May,2014,Sand/gravel/dirt,Clear and sunny,57,85,3,Spring
May,2014,Sand/gravel/dirt,"Overcast, cloudy but no precipitation",10,17,0,Spring
May,2014,Sand/gravel/dirt,Raining,4,4,0,Spring
May,2014,Sand/gravel/dirt,Visibility limitation,1,4,0,Spring
May,2014,Sand/gravel/dirt,Strong wind,1,1,0,Spring
May,2014,Muddy,Clear and sunny,2,2,0,Spring
May,2014,Muddy,Raining,5,7,0,Spring
May,2014,Muddy,"Freezing rain, sleet, hail",1,1,0,Spring
May,2014,Flooded,Raining,1,3,0,Spring
May,2014,Other,Clear and sunny,37,47,1,Spring
May,2014,Other,"Overcast, cloudy but no precipitation",1,1,0,Spring
May,2014,Other,Raining,6,6,0,Spring
May,2014,Other,"Snowing, not including drifting snow",15,22,1,Spring
May,2014,Other,"Freezing rain, sleet, hail",1,2,0,Spring
May,2014,Other,Strong wind,1,1,0,Spring
May,2014,Other,Other,1,1,0,Spring
May,2014,Other,Clear and sunny,2,4,0,Spring
May,2014,Wet,Clear and sunny,10,12,0,Spring
May,2014,Wet,"Overcast, cloudy but no precipitation",4,13,0,Spring
May,2014,Wet,Visibility limitation,1,3,0,Spring
May,2014,Wet,Clear and sunny,51,54,0,Spring
May,2015,"Dry, normal",Clear and sunny,7751,10287,116,Spring
May,2015,"Dry, normal","Overcast, cloudy but no precipitation",667,881,15,Spring
May,2015,"Dry, normal",Raining,6,11,0,Spring
May,2015,"Dry, normal","Snowing, not including drifting snow",1,1,0,Spring
May,2015,"Dry, normal",Visibility limitation,16,19,0,Spring
May,2015,"Dry, normal",Strong wind,9,9,1,Spring
May,2015,"Dry, normal",Other,7,9,0,Spring
May,2015,"Dry, normal",Clear and sunny,56,67,0,Spring
May,2015,Wet,Clear and sunny,100,135,2,Spring
May,2015,Wet,"Overcast, cloudy but no precipitation",110,144,2,Spring
May,2015,Wet,Raining,574,764,6,Spring
May,2015,Wet,"Snowing, not including drifting snow",9,13,0,Spring
May,2015,Wet,"Freezing rain, sleet, hail",1,2,0,Spring
May,2015,Wet,Visibility limitation,11,12,0,Spring
May,2015,Wet,Strong wind,2,3,0,Spring
May,2015,Wet,Other,2,2,0,Spring
May,2015,Wet,Clear and sunny,7,7,0,Spring
May,2015,"Snow (fresh, loose snow)","Snowing, not including drifting snow",2,3,0,Spring
May,2015,"Snow (fresh, loose snow)",Clear and sunny,1,1,0,Spring
May,2015,"Slush, wet snow","Overcast, cloudy but no precipitation",1,1,0,Spring
May,2015,"Slush, wet snow","Snowing, not including drifting snow",7,11,0,Spring
May,2015,"Slush, wet snow","Freezing rain, sleet, hail",5,6,0,Spring
May,2015,"Slush, wet snow",Other,1,1,0,Spring
May,2015,Icy,Clear and sunny,4,5,0,Spring
May,2015,Icy,"Overcast, cloudy but no precipitation",1,1,0,Spring
May,2015,Icy,Raining,2,4,0,Spring
May,2015,Icy,"Snowing, not including drifting snow",1,1,0,Spring
May,2015,Icy,"Freezing rain, sleet, hail",2,3,0,Spring
May,2015,Icy,Strong wind,2,3,0,Spring
May,2015,Icy,Clear and sunny,1,1,0,Spring
May,2015,Sand/gravel/dirt,Clear and sunny,82,107,3,Spring
May,2015,Sand/gravel/dirt,"Overcast, cloudy but no precipitation",8,11,0,Spring
May,2015,Sand/gravel/dirt,"Freezing rain, sleet, hail",1,1,0,Spring
May,2015,Sand/gravel/dirt,Visibility limitation,2,3,0,Spring
May,2015,Sand/gravel/dirt,Clear and sunny,5,4,1,Spring
May,2015,Muddy,Clear and sunny,4,5,0,Spring
May,2015,Muddy,"Overcast, cloudy but no precipitation",2,1,1,Spring
May,2015,Muddy,Raining,2,2,0,Spring
May,2015,Oil,Clear and sunny,1,1,0,Spring
May,2015,Oil,Raining,1,1,0,Spring
May,2015,Flooded,Raining,2,2,0,Spring
May,2015,Other,Clear and sunny,33,45,0,Spring
May,2015,Other,Raining,2,2,0,Spring
May,2015,Other,"Snowing, not including drifting snow",12,16,0,Spring
May,2015,Other,Visibility limitation,1,1,0,Spring
May,2015,Other,Other,1,1,0,Spring
May,2015,Other,Clear and sunny,1,1,0,Spring
May,2015,Wet,Clear and sunny,9,12,1,Spring
May,2015,Wet,"Overcast, cloudy but no precipitation",5,5,1,Spring
May,2015,Wet,Raining,1,1,0,Spring
May,2015,Wet,Visibility limitation,1,3,0,Spring
May,2015,Wet,Clear and sunny,50,58,1,Spring
May,2016,"Dry, normal",Clear and sunny,7725,10473,127,Spring
May,2016,"Dry, normal","Overcast, cloudy but no precipitation",662,874,13,Spring
May,2016,"Dry, normal",Raining,10,12,0,Spring
May,2016,"Dry, normal","Snowing, not including drifting snow",3,4,0,Spring
May,2016,"Dry, normal",Visibility limitation,17,23,0,Spring
May,2016,"Dry, normal",Strong wind,7,9,0,Spring
May,2016,"Dry, normal",Other,8,14,1,Spring
May,2016,"Dry, normal",Clear and sunny,53,66,0,Spring
May,2016,Wet,Clear and sunny,106,147,3,Spring
May,2016,Wet,"Overcast, cloudy but no precipitation",116,160,2,Spring
May,2016,Wet,Raining,617,849,9,Spring
May,2016,Wet,"Snowing, not including drifting snow",12,14,0,Spring
May,2016,Wet,"Freezing rain, sleet, hail",2,2,0,Spring
May,2016,Wet,Visibility limitation,10,10,0,Spring
May,2016,Wet,Strong wind,1,1,0,Spring
May,2016,Wet,Other,3,2,1,Spring
May,2016,Wet,Clear and sunny,7,8,0,Spring
May,2016,"Snow (fresh, loose snow)","Snowing, not including drifting snow",5,6,0,Spring
May,2016,"Snow (fresh, loose snow)",Visibility limitation,1,2,0,Spring
May,2016,"Slush, wet snow","Overcast, cloudy but no precipitation",3,4,0,Spring
May,2016,"Slush, wet snow",Raining,1,1,0,Spring
May,2016,"Slush, wet snow","Snowing, not including drifting snow",15,26,0,Spring
May,2016,"Slush, wet snow",Visibility limitation,2,3,0,Spring
May,2016,Icy,Clear and sunny,1,1,0,Spring
May,2016,Icy,"Snowing, not including drifting snow",7,7,0,Spring
May,2016,Icy,"Freezing rain, sleet, hail",1,1,0,Spring
May,2016,Icy,Visibility limitation,1,1,0,Spring
May,2016,Sand/gravel/dirt,Clear and sunny,74,81,4,Spring
May,2016,Sand/gravel/dirt,"Overcast, cloudy but no precipitation",7,11,0,Spring
May,2016,Sand/gravel/dirt,Raining,5,5,2,Spring
May,2016,Sand/gravel/dirt,Visibility limitation,1,1,0,Spring
May,2016,Muddy,Clear and sunny,6,6,1,Spring
May,2016,Muddy,"Overcast, cloudy but no precipitation",2,1,1,Spring
May,2016,Muddy,Raining,1,1,0,Spring
May,2016,Muddy,Visibility limitation,1,1,0,Spring
May,2016,Muddy,Clear and sunny,1,1,0,Spring
May,2016,Oil,Clear and sunny,1,1,0,Spring
May,2016,Flooded,Raining,1,1,0,Spring
May,2016,Other,Clear and sunny,23,30,1,Spring
May,2016,Other,Raining,1,1,0,Spring
May,2016,Other,"Snowing, not including drifting snow",5,5,0,Spring
May,2016,Other,"Freezing rain, sleet, hail",2,2,0,Spring
May,2016,Other,Visibility limitation,2,2,0,Spring
May,2016,Other,Other,2,3,0,Spring
May,2016,Wet,Clear and sunny,11,15,0,Spring
May,2016,Wet,"Overcast, cloudy but no precipitation",2,2,0,Spring
May,2016,Wet,Raining,2,2,0,Spring
May,2016,Wet,Visibility limitation,1,3,0,Spring
May,2016,Wet,Clear and sunny,63,70,3,Spring
May,2017,"Dry, normal",Clear and sunny,6580,8842,95,Spring
May,2017,"Dry, normal","Overcast, cloudy but no precipitation",731,984,10,Spring
May,2017,"Dry, normal",Raining,11,12,1,Spring
May,2017,"Dry, normal","Snowing, not including drifting snow",2,2,0,Spring
May,2017,"Dry, normal",Visibility limitation,17,22,0,Spring
May,2017,"Dry, normal",Strong wind,8,12,0,Spring
May,2017,"Dry, normal",Other,4,10,0,Spring
May,2017,"Dry, normal",Clear and sunny,33,38,1,Spring
May,2017,Wet,Clear and sunny,145,203,4,Spring
May,2017,Wet,"Overcast, cloudy but no precipitation",173,233,1,Spring
May,2017,Wet,Raining,1344,1838,17,Spring
May,2017,Wet,"Snowing, not including drifting snow",4,4,0,Spring
May,2017,Wet,"Freezing rain, sleet, hail",2,3,0,Spring
May,2017,Wet,Visibility limitation,18,21,0,Spring
May,2017,Wet,Strong wind,5,5,0,Spring
May,2017,Wet,Other,1,2,0,Spring
May,2017,Wet,Clear and sunny,3,4,0,Spring
May,2017,"Snow (fresh, loose snow)","Overcast, cloudy but no precipitation",2,6,0,Spring
May,2017,"Snow (fresh, loose snow)",Raining,1,1,0,Spring
May,2017,"Snow (fresh, loose snow)","Snowing, not including drifting snow",4,6,0,Spring
May,2017,"Slush, wet snow",Raining,1,0,3,Spring
May,2017,"Slush, wet snow","Snowing, not including drifting snow",8,13,1,Spring
May,2017,Icy,Clear and sunny,1,2,0,Spring
May,2017,Icy,"Overcast, cloudy but no precipitation",2,4,0,Spring
May,2017,Icy,"Snowing, not including drifting snow",2,3,0,Spring
May,2017,Icy,"Freezing rain, sleet, hail",1,1,0,Spring
May,2017,Icy,Visibility limitation,1,1,0,Spring
May,2017,Icy,Clear and sunny,1,2,0,Spring
May,2017,Sand/gravel/dirt,Clear and sunny,59,73,1,Spring
May,2017,Sand/gravel/dirt,"Overcast, cloudy but no precipitation",6,8,0,Spring
May,2017,Sand/gravel/dirt,Raining,2,4,0,Spring
May,2017,Sand/gravel/dirt,Visibility limitation,5,7,0,Spring
May,2017,Sand/gravel/dirt,Clear and sunny,2,2,0,Spring
May,2017,Muddy,Clear and sunny,4,3,1,Spring
May,2017,Muddy,"Overcast, cloudy but no precipitation",1,1,0,Spring
May,2017,Muddy,Raining,3,5,0,Spring
May,2017,Oil,Clear and sunny,2,2,0,Spring
May,2017,Other,Clear and sunny,30,43,1,Spring
May,2017,Other,"Overcast, cloudy but no precipitation",1,1,0,Spring
May,2017,Other,Raining,1,1,0,Spring
May,2017,Other,"Snowing, not including drifting snow",3,4,0,Spring
May,2017,Other,"Freezing rain, sleet, hail",1,1,0,Spring
May,2017,Other,Visibility limitation,2,4,0,Spring
May,2017,Other,Other,3,3,0,Spring
May,2017,Wet,Clear and sunny,8,12,0,Spring
May,2017,Wet,"Overcast, cloudy but no precipitation",1,1,0,Spring
May,2017,Wet,Raining,3,5,0,Spring
May,2017,Wet,Visibility limitation,1,3,0,Spring
May,2017,Wet,Strong wind,1,2,0,Spring
May,2017,Wet,Clear and sunny,58,70,1,Spring
May,2018,"Dry, normal",Clear and sunny,7330,9765,131,Spring
May,2018,"Dry, normal","Overcast, cloudy but no precipitation",530,704,12,Spring
May,2018,"Dry, normal",Raining,6,8,0,Spring
May,2018,"Dry, normal","Snowing, not including drifting snow",4,4,0,Spring
May,2018,"Dry, normal",Visibility limitation,25,38,0,Spring
May,2018,"Dry, normal",Strong wind,29,52,1,Spring
May,2018,"Dry, normal",Other,4,5,1,Spring
May,2018,"Dry, normal",Clear and sunny,26,38,0,Spring
May,2018,Wet,Clear and sunny,99,130,0,Spring
May,2018,Wet,"Overcast, cloudy but no precipitation",94,121,0,Spring
May,2018,Wet,Raining,537,694,10,Spring
May,2018,Wet,"Snowing, not including drifting snow",2,2,0,Spring
May,2018,Wet,"Freezing rain, sleet, hail",2,2,0,Spring
May,2018,Wet,Visibility limitation,19,30,0,Spring
May,2018,Wet,Strong wind,4,4,0,Spring
May,2018,Wet,Other,2,1,1,Spring
May,2018,Wet,Clear and sunny,5,6,0,Spring
May,2018,"Snow (fresh, loose snow)",Clear and sunny,1,1,0,Spring
May,2018,"Snow (fresh, loose snow)","Overcast, cloudy but no precipitation",1,1,0,Spring
May,2018,"Slush, wet snow",Clear and sunny,1,1,0,Spring
May,2018,"Slush, wet snow","Snowing, not including drifting snow",2,2,0,Spring
May,2018,Icy,Clear and sunny,1,2,0,Spring
May,2018,Icy,"Overcast, cloudy but no precipitation",1,1,0,Spring
May,2018,Icy,"Snowing, not including drifting snow",1,2,0,Spring
May,2018,Icy,"Freezing rain, sleet, hail",1,1,0,Spring
May,2018,Icy,Strong wind,1,2,0,Spring
May,2018,Icy,Clear and sunny,1,1,0,Spring
May,2018,Sand/gravel/dirt,Clear and sunny,62,80,0,Spring
May,2018,Sand/gravel/dirt,"Overcast, cloudy but no precipitation",8,8,1,Spring
May,2018,Muddy,Clear and sunny,2,2,0,Spring
May,2018,Muddy,Raining,1,1,0,Spring
May,2018,Muddy,Other,1,1,0,Spring
May,2018,Oil,Clear and sunny,4,4,0,Spring
May,2018,Flooded,Raining,1,1,0,Spring
May,2018,Other,Clear and sunny,32,36,1,Spring
May,2018,Other,"Overcast, cloudy but no precipitation",1,1,0,Spring
May,2018,Other,Raining,1,1,0,Spring
May,2018,Other,Other,4,5,0,Spring
May,2018,Wet,Clear and sunny,11,14,0,Spring
May,2018,Wet,"Overcast, cloudy but no precipitation",5,6,0,Spring
May,2018,Wet,Raining,3,4,0,Spring
May,2018,Wet,Visibility limitation,1,3,0,Spring
May,2018,Wet,Strong wind,1,1,0,Spring
May,2018,Wet,Clear and sunny,60,64,4,Spring
May,2019,"Dry, normal",Clear and sunny,5796,7638,96,Spring
May,2019,"Dry, normal","Overcast, cloudy but no precipitation",587,745,7,Spring
May,2019,"Dry, normal",Raining,5,5,0,Spring
May,2019,"Dry, normal","Snowing, not including drifting snow",1,1,0,Spring
May,2019,"Dry, normal",Visibility limitation,40,57,1,Spring
May,2019,"Dry, normal",Strong wind,11,12,0,Spring
May,2019,"Dry, normal",Other,6,6,1,Spring
May,2019,"Dry, normal",Clear and sunny,35,44,0,Spring
May,2019,Wet,Clear and sunny,160,231,0,Spring
May,2019,Wet,"Overcast, cloudy but no precipitation",145,186,2,Spring
May,2019,Wet,Raining,797,1055,16,Spring
May,2019,Wet,"Snowing, not including drifting snow",12,15,0,Spring
May,2019,Wet,"Freezing rain, sleet, hail",2,2,0,Spring
May,2019,Wet,Visibility limitation,30,35,0,Spring
May,2019,Wet,Other,2,1,1,Spring
May,2019,Wet,Clear and sunny,3,3,0,Spring
May,2019,"Snow (fresh, loose snow)","Snowing, not including drifting snow",4,3,1,Spring
May,2019,"Slush, wet snow",Clear and sunny,1,1,0,Spring
May,2019,"Slush, wet snow","Overcast, cloudy but no precipitation",1,2,0,Spring
May,2019,"Slush, wet snow",Raining,1,3,0,Spring
May,2019,"Slush, wet snow","Snowing, not including drifting snow",11,14,0,Spring
May,2019,"Slush, wet snow","Freezing rain, sleet, hail",2,2,0,Spring
May,2019,"Slush, wet snow",Visibility limitation,1,2,0,Spring
May,2019,Icy,Clear and sunny,2,2,0,Spring
May,2019,Icy,Raining,1,3,0,Spring
May,2019,Icy,"Snowing, not including drifting snow",5,8,0,Spring
May,2019,Icy,"Freezing rain, sleet, hail",2,3,0,Spring
May,2019,Icy,Visibility limitation,1,1,0,Spring
May,2019,Icy,Clear and sunny,4,7,0,Spring
May,2019,Sand/gravel/dirt,Clear and sunny,42,56,1,Spring
May,2019,Sand/gravel/dirt,"Overcast, cloudy but no precipitation",9,14,1,Spring
May,2019,Sand/gravel/dirt,Raining,2,8,0,Spring
May,2019,Sand/gravel/dirt,Visibility limitation,1,1,0,Spring
May,2019,Sand/gravel/dirt,Clear and sunny,1,1,0,Spring
May,2019,Muddy,Clear and sunny,3,3,0,Spring
May,2019,Muddy,"Overcast, cloudy but no precipitation",1,1,0,Spring
May,2019,Muddy,Raining,1,1,0,Spring
May,2019,Flooded,Raining,1,1,0,Spring
May,2019,Other,Clear and sunny,26,32,2,Spring
May,2019,Other,"Overcast, cloudy but no precipitation",2,1,1,Spring
May,2019,Other,Raining,1,7,1,Spring
May,2019,Other,"Snowing, not including drifting snow",16,21,0,Spring
May,2019,Other,"Freezing rain, sleet, hail",2,2,1,Spring
May,2019,Other,Visibility limitation,2,3,0,Spring
May,2019,Other,Other,1,1,0,Spring
May,2019,Other,Clear and sunny,2,2,0,Spring
May,2019,Wet,Clear and sunny,12,17,0,Spring
May,2019,Wet,"Overcast, cloudy but no precipitation",7,7,1,Spring
May,2019,Wet,Visibility limitation,1,3,0,Spring
May,2019,Wet,Clear and sunny,62,71,2,Spring
May,2020,"Dry, normal",Clear and sunny,4012,5131,101,Spring
May,2020,"Dry, normal","Overcast, cloudy but no precipitation",370,459,7,Spring
May,2020,"Dry, normal",Raining,3,3,0,Spring
May,2020,"Dry, normal","Snowing, not including drifting snow",2,2,0,Spring
May,2020,"Dry, normal",Visibility limitation,11,20,0,Spring
May,2020,"Dry, normal",Strong wind,9,12,0,Spring
May,2020,"Dry, normal",Other,4,5,0,Spring
May,2020,"Dry, normal",Clear and sunny,15,18,0,Spring
May,2020,Wet,Clear and sunny,49,66,0,Spring
May,2020,Wet,"Overcast, cloudy but no precipitation",64,76,0,Spring
May,2020,Wet,Raining,348,456,11,Spring
May,2020,Wet,"Snowing, not including drifting snow",4,4,0,Spring
May,2020,Wet,"Freezing rain, sleet, hail",1,1,0,Spring
May,2020,Wet,Visibility limitation,14,16,0,Spring
May,2020,Wet,Strong wind,1,1,0,Spring
May,2020,Wet,Other,1,0,1,Spring
May,2020,Wet,Clear and sunny,2,3,0,Spring
May,2020,"Snow (fresh, loose snow)",Clear and sunny,1,1,0,Spring
May,2020,"Snow (fresh, loose snow)","Snowing, not including drifting snow",11,15,0,Spring
May,2020,"Slush, wet snow",Clear and sunny,1,1,0,Spring
May,2020,"Slush, wet snow","Snowing, not including drifting snow",11,14,0,Spring
May,2020,Icy,Clear and sunny,3,5,0,Spring
May,2020,Icy,"Overcast, cloudy but no precipitation",1,2,0,Spring
May,2020,Icy,"Snowing, not including drifting snow",4,7,0,Spring
May,2020,Sand/gravel/dirt,Clear and sunny,36,41,2,Spring
May,2020,Sand/gravel/dirt,"Overcast, cloudy but no precipitation",6,6,1,Spring
May,2020,Sand/gravel/dirt,Visibility limitation,1,2,0,Spring
May,2020,Sand/gravel/dirt,Clear and sunny,1,1,0,Spring
May,2020,Muddy,Clear and sunny,3,3,0,Spring
May,2020,Muddy,"Overcast, cloudy but no precipitation",2,2,0,Spring
May,2020,Muddy,Raining,3,6,0,Spring
May,2020,Muddy,Visibility limitation,1,2,0,Spring
May,2020,Muddy,Clear and sunny,1,1,0,Spring
May,2020,Oil,Clear and sunny,2,2,0,Spring
May,2020,Oil,Raining,1,1,0,Spring
May,2020,Flooded,Raining,1,1,0,Spring
May,2020,Other,Clear and sunny,27,37,1,Spring
May,2020,Other,"Overcast, cloudy but no precipitation",1,0,1,Spring
May,2020,Other,Raining,2,9,1,Spring
May,2020,Other,"Snowing, not including drifting snow",1,2,0,Spring
May,2020,Other,"Freezing rain, sleet, hail",1,1,0,Spring
May,2020,Other,Visibility limitation,1,1,0,Spring
May,2020,Other,Other,1,1,0,Spring
May,2020,Other,Clear and sunny,2,1,1,Spring
May,2020,Wet,Clear and sunny,6,7,0,Spring
May,2020,Wet,"Overcast, cloudy but no precipitation",4,4,1,Spring
May,2020,Wet,Raining,1,1,0,Spring
May,2020,Wet,Visibility limitation,1,3,0,Spring
May,2020,Wet,Clear and sunny,47,51,2,Spring
May,2021,"Dry, normal",Clear and sunny,5113,6487,122,Spring
May,2021,"Dry, normal","Overcast, cloudy but no precipitation",459,578,8,Spring
May,2021,"Dry, normal",Raining,11,18,0,Spring
May,2021,"Dry, normal","Snowing, not including drifting snow",1,1,0,Spring
May,2021,"Dry, normal",Visibility limitation,12,18,1,Spring
May,2021,"Dry, normal",Strong wind,7,14,0,Spring
May,2021,"Dry, normal",Other,6,7,0,Spring
May,2021,"Dry, normal",Clear and sunny,35,43,0,Spring
May,2021,Wet,Clear and sunny,74,88,2,Spring
May,2021,Wet,"Overcast, cloudy but no precipitation",70,83,1,Spring
May,2021,Wet,Raining,306,417,11,Spring
May,2021,Wet,"Snowing, not including drifting snow",8,9,0,Spring
May,2021,Wet,Visibility limitation,9,11,1,Spring
May,2021,Wet,Strong wind,3,3,0,Spring
May,2021,Wet,Other,2,2,0,Spring
May,2021,Wet,Clear and sunny,2,3,0,Spring
May,2021,"Slush, wet snow",Raining,2,1,3,Spring
May,2021,"Slush, wet snow","Snowing, not including drifting snow",5,6,0,Spring
May,2021,"Slush, wet snow","Freezing rain, sleet, hail",1,5,0,Spring
May,2021,Icy,"Snowing, not including drifting snow",3,6,0,Spring
May,2021,Sand/gravel/dirt,Clear and sunny,47,55,0,Spring
May,2021,Sand/gravel/dirt,"Overcast, cloudy but no precipitation",6,8,0,Spring
May,2021,Sand/gravel/dirt,Raining,1,1,0,Spring
May,2021,Sand/gravel/dirt,Strong wind,1,1,0,Spring
May,2021,Muddy,Raining,1,1,0,Spring
May,2021,Oil,Clear and sunny,3,3,0,Spring
May,2021,Other,Clear and sunny,22,25,4,Spring
May,2021,Other,"Overcast, cloudy but no precipitation",1,0,1,Spring
May,2021,Other,Raining,1,7,1,Spring
May,2021,Other,"Snowing, not including drifting snow",1,1,0,Spring
May,2021,Other,"Freezing rain, sleet, hail",2,2,0,Spring
May,2021,Other,Visibility limitation,3,7,0,Spring
May,2021,Other,Strong wind,1,1,0,Spring
May,2021,Other,Other,1,1,0,Spring
May,2021,Other,Clear and sunny,1,2,0,Spring
May,2021,Wet,Clear and sunny,9,10,0,Spring
May,2021,Wet,"Overcast, cloudy but no precipitation",3,3,1,Spring
May,2021,Wet,Raining,2,2,0,Spring
May,2021,Wet,Visibility limitation,1,3,0,Spring
May,2021,Wet,Strong wind,1,1,0,Spring
May,2021,Wet,Clear and sunny,51,59,3,Spring
June,2010,"Dry, normal",Clear and sunny,8222,11234,139,Summer
June,2010,"Dry, normal","Overcast, cloudy but no precipitation",1010,1361,27,Summer
June,2010,"Dry, normal",Raining,10,12,1,Summer
June,2010,"Dry, normal",Visibility limitation,38,52,2,Summer
June,2010,"Dry, normal",Strong wind,4,3,1,Summer
June,2010,"Dry, normal",Other,8,11,0,Summer
June,2010,"Dry, normal",Clear and sunny,25,29,0,Summer
June,2010,Wet,Clear and sunny,178,265,0,Summer
June,2010,Wet,"Overcast, cloudy but no precipitation",224,278,2,Summer
June,2010,Wet,Raining,1429,1977,16,Summer
June,2010,Wet,"Freezing rain, sleet, hail",1,2,0,Summer
June,2010,Wet,Visibility limitation,20,28,0,Summer
June,2010,Wet,Strong wind,1,1,0,Summer
June,2010,Wet,Other,4,10,0,Summer
June,2010,Wet,Clear and sunny,5,6,0,Summer
June,2010,"Snow (fresh, loose snow)",Clear and sunny,2,2,0,Summer
June,2010,"Snow (fresh, loose snow)",Raining,1,2,0,Summer
June,2010,"Slush, wet snow",Clear and sunny,1,1,0,Summer
June,2010,Icy,Clear and sunny,1,1,0,Summer
June,2010,Sand/gravel/dirt,Clear and sunny,92,129,1,Summer
June,2010,Sand/gravel/dirt,"Overcast, cloudy but no precipitation",9,13,0,Summer
June,2010,Sand/gravel/dirt,Raining,2,2,0,Summer
June,2010,Sand/gravel/dirt,Visibility limitation,2,6,0,Summer
June,2010,Sand/gravel/dirt,Clear and sunny,3,3,0,Summer
June,2010,Muddy,Clear and sunny,6,5,1,Summer
June,2010,Muddy,"Overcast, cloudy but no precipitation",4,9,1,Summer
June,2010,Muddy,Raining,6,12,0,Summer
June,2010,Muddy,Visibility limitation,1,1,0,Summer
June,2010,Muddy,Clear and sunny,2,2,0,Summer
June,2010,Oil,Clear and sunny,3,3,0,Summer
June,2010,Oil,Raining,1,2,0,Summer
June,2010,Flooded,Clear and sunny,1,5,0,Summer
June,2010,Flooded,Raining,2,2,2,Summer
June,2010,Other,Clear and sunny,30,42,0,Summer
June,2010,Other,"Overcast, cloudy but no precipitation",2,5,0,Summer
June,2010,Other,Other,1,1,0,Summer
June,2010,Other,Clear and sunny,2,2,0,Summer
June,2010,Wet,Clear and sunny,24,31,2,Summer
June,2010,Wet,"Overcast, cloudy but no precipitation",9,10,0,Summer
June,2010,Wet,Raining,4,5,0,Summer
June,2010,Wet,Visibility limitation,1,2,0,Summer
June,2010,Wet,Other,1,3,0,Summer
June,2010,Wet,Clear and sunny,110,133,4,Summer
June,2011,"Dry, normal",Clear and sunny,8176,10997,135,Summer
June,2011,"Dry, normal","Overcast, cloudy but no precipitation",888,1200,30,Summer
June,2011,"Dry, normal",Raining,14,17,0,Summer
June,2011,"Dry, normal",Visibility limitation,23,24,4,Summer
June,2011,"Dry, normal",Strong wind,7,7,0,Summer
June,2011,"Dry, normal",Other,14,17,0,Summer
June,2011,"Dry, normal",Clear and sunny,39,46,1,Summer
June,2011,Wet,Clear and sunny,151,208,4,Summer
June,2011,Wet,"Overcast, cloudy but no precipitation",202,289,7,Summer
June,2011,Wet,Raining,910,1285,15,Summer
June,2011,Wet,"Snowing, not including drifting snow",2,2,0,Summer
June,2011,Wet,"Freezing rain, sleet, hail",2,2,0,Summer
June,2011,Wet,Visibility limitation,16,19,0,Summer
June,2011,Wet,Strong wind,1,1,0,Summer
June,2011,Wet,Other,6,6,0,Summer
June,2011,Wet,Clear and sunny,4,4,1,Summer
June,2011,"Snow (fresh, loose snow)",Clear and sunny,2,3,0,Summer
June,2011,"Snow (fresh, loose snow)",Raining,1,1,0,Summer
June,2011,"Slush, wet snow",Clear and sunny,1,1,0,Summer
June,2011,"Slush, wet snow","Freezing rain, sleet, hail",1,1,0,Summer
June,2011,Sand/gravel/dirt,Clear and sunny,85,115,0,Summer
June,2011,Sand/gravel/dirt,"Overcast, cloudy but no precipitation",10,10,1,Summer
June,2011,Sand/gravel/dirt,Raining,3,3,0,Summer
June,2011,Sand/gravel/dirt,Visibility limitation,2,3,0,Summer
June,2011,Sand/gravel/dirt,Strong wind,1,1,0,Summer
June,2011,Sand/gravel/dirt,Clear and sunny,1,1,0,Summer
June,2011,Muddy,Clear and sunny,4,4,0,Summer
June,2011,Muddy,"Overcast, cloudy but no precipitation",3,3,0,Summer
June,2011,Muddy,Raining,8,16,0,Summer
June,2011,Oil,Clear and sunny,3,3,0,Summer
June,2011,Other,Clear and sunny,27,32,2,Summer
June,2011,Other,"Overcast, cloudy but no precipitation",1,1,0,Summer
June,2011,Other,Raining,3,2,1,Summer
June,2011,Other,Other,2,5,0,Summer
June,2011,Wet,Clear and sunny,17,24,0,Summer
June,2011,Wet,"Overcast, cloudy but no precipitation",3,3,0,Summer
June,2011,Wet,Raining,2,2,0,Summer
June,2011,Wet,Visibility limitation,1,1,0,Summer
June,2011,Wet,Strong wind,1,1,0,Summer
June,2011,Wet,Other,3,4,0,Summer
June,2011,Wet,Clear and sunny,68,71,4,Summer
June,2012,"Dry, normal",Clear and sunny,8244,11026,122,Summer
June,2012,"Dry, normal","Overcast, cloudy but no precipitation",807,1069,20,Summer
June,2012,"Dry, normal",Raining,16,24,0,Summer
June,2012,"Dry, normal",Visibility limitation,22,31,0,Summer
June,2012,"Dry, normal",Strong wind,11,14,0,Summer
June,2012,"Dry, normal",Other,6,7,0,Summer
June,2012,"Dry, normal",Clear and sunny,75,86,0,Summer
June,2012,Wet,Clear and sunny,168,229,2,Summer
June,2012,Wet,"Overcast, cloudy but no precipitation",180,247,1,Summer
June,2012,Wet,Raining,1131,1575,17,Summer
June,2012,Wet,"Snowing, not including drifting snow",3,3,0,Summer
June,2012,Wet,"Freezing rain, sleet, hail",2,3,0,Summer
June,2012,Wet,Visibility limitation,10,11,1,Summer
June,2012,Wet,Strong wind,5,5,0,Summer
June,2012,Wet,Other,3,4,0,Summer
June,2012,Wet,Clear and sunny,7,10,0,Summer
June,2012,"Slush, wet snow","Snowing, not including drifting snow",2,3,0,Summer
June,2012,Sand/gravel/dirt,Clear and sunny,91,133,9,Summer
June,2012,Sand/gravel/dirt,"Overcast, cloudy but no precipitation",5,6,1,Summer
June,2012,Sand/gravel/dirt,Visibility limitation,1,1,0,Summer
June,2012,Sand/gravel/dirt,Clear and sunny,4,7,0,Summer
June,2012,Muddy,Clear and sunny,3,3,1,Summer
June,2012,Muddy,"Overcast, cloudy but no precipitation",1,1,0,Summer
June,2012,Muddy,Raining,7,10,0,Summer
June,2012,Oil,Clear and sunny,1,1,0,Summer
June,2012,Oil,"Overcast, cloudy but no precipitation",1,1,0,Summer
June,2012,Flooded,Raining,1,3,0,Summer
June,2012,Other,Clear and sunny,25,32,1,Summer
June,2012,Other,"Overcast, cloudy but no precipitation",1,1,0,Summer
June,2012,Other,Raining,3,4,0,Summer
June,2012,Other,Visibility limitation,3,3,0,Summer
June,2012,Other,Other,3,3,0,Summer
June,2012,Wet,Clear and sunny,18,22,1,Summer
June,2012,Wet,"Overcast, cloudy but no precipitation",4,3,1,Summer
June,2012,Wet,Raining,6,7,0,Summer
June,2012,Wet,Other,1,1,0,Summer
June,2012,Wet,Clear and sunny,78,92,2,Summer
June,2013,"Dry, normal",Clear and sunny,7432,10024,111,Summer
June,2013,"Dry, normal","Overcast, cloudy but no precipitation",783,1061,16,Summer
June,2013,"Dry, normal",Raining,11,15,0,Summer
June,2013,"Dry, normal",Visibility limitation,24,36,1,Summer
June,2013,"Dry, normal",Strong wind,5,6,0,Summer
June,2013,"Dry, normal",Other,10,12,0,Summer
June,2013,"Dry, normal",Clear and sunny,42,48,1,Summer
June,2013,Wet,Clear and sunny,169,230,3,Summer
June,2013,Wet,"Overcast, cloudy but no precipitation",185,255,4,Summer
June,2013,Wet,Raining,1379,1897,17,Summer
June,2013,Wet,"Snowing, not including drifting snow",1,1,0,Summer
June,2013,Wet,"Freezing rain, sleet, hail",3,3,0,Summer
June,2013,Wet,Visibility limitation,25,39,0,Summer
June,2013,Wet,Other,8,11,0,Summer
June,2013,Wet,Clear and sunny,6,7,0,Summer
June,2013,"Snow (fresh, loose snow)","Snowing, not including drifting snow",1,2,0,Summer
June,2013,Icy,"Overcast, cloudy but no precipitation",1,1,0,Summer
June,2013,Icy,Raining,2,2,0,Summer
June,2013,Icy,"Snowing, not including drifting snow",1,6,0,Summer
June,2013,Icy,"Freezing rain, sleet, hail",1,2,0,Summer
June,2013,Sand/gravel/dirt,Clear and sunny,68,83,9,Summer
June,2013,Sand/gravel/dirt,"Overcast, cloudy but no precipitation",10,11,0,Summer
June,2013,Sand/gravel/dirt,Raining,3,3,0,Summer
June,2013,Sand/gravel/dirt,Visibility limitation,1,1,0,Summer
June,2013,Sand/gravel/dirt,Strong wind,1,1,0,Summer
June,2013,Sand/gravel/dirt,Clear and sunny,2,2,0,Summer
June,2013,Muddy,Clear and sunny,3,4,0,Summer
June,2013,Muddy,"Overcast, cloudy but no precipitation",2,2,0,Summer
June,2013,Muddy,Raining,9,17,1,Summer
June,2013,Oil,Clear and sunny,7,7,0,Summer
June,2013,Oil,"Overcast, cloudy but no precipitation",1,2,0,Summer
June,2013,Other,Clear and sunny,32,46,2,Summer
June,2013,Other,"Overcast, cloudy but no precipitation",2,2,0,Summer
June,2013,Other,Raining,3,5,0,Summer
June,2013,Other,"Freezing rain, sleet, hail",2,3,0,Summer
June,2013,Other,Strong wind,1,1,0,Summer
June,2013,Other,Other,1,1,0,Summer
June,2013,Other,Clear and sunny,2,2,0,Summer
June,2013,Wet,Clear and sunny,11,12,0,Summer
June,2013,Wet,"Overcast, cloudy but no precipitation",3,8,0,Summer
June,2013,Wet,Raining,7,8,1,Summer
June,2013,Wet,Clear and sunny,66,73,2,Summer
June,2014,"Dry, normal",Clear and sunny,7325,9897,141,Summer
June,2014,"Dry, normal","Overcast, cloudy but no precipitation",620,793,14,Summer
June,2014,"Dry, normal",Raining,14,18,0,Summer
June,2014,"Dry, normal",Visibility limitation,21,33,0,Summer
June,2014,"Dry, normal",Strong wind,2,2,0,Summer
June,2014,"Dry, normal",Other,9,9,0,Summer
June,2014,"Dry, normal",Clear and sunny,46,53,0,Summer
June,2014,Wet,Clear and sunny,127,181,0,Summer
June,2014,Wet,"Overcast, cloudy but no precipitation",146,204,2,Summer
June,2014,Wet,Raining,986,1325,14,Summer
June,2014,Wet,"Snowing, not including drifting snow",6,11,0,Summer
June,2014,Wet,"Freezing rain, sleet, hail",1,1,0,Summer
June,2014,Wet,Visibility limitation,15,19,0,Summer
June,2014,Wet,Other,3,4,0,Summer
June,2014,Wet,Clear and sunny,10,12,0,Summer
June,2014,"Slush, wet snow","Freezing rain, sleet, hail",2,3,0,Summer
June,2014,Sand/gravel/dirt,Clear and sunny,82,94,1,Summer
June,2014,Sand/gravel/dirt,"Overcast, cloudy but no precipitation",7,8,0,Summer
June,2014,Sand/gravel/dirt,Raining,1,1,0,Summer
June,2014,Sand/gravel/dirt,Visibility limitation,2,2,0,Summer
June,2014,Muddy,Clear and sunny,6,10,0,Summer
June,2014,Muddy,"Overcast, cloudy but no precipitation",2,2,0,Summer
June,2014,Muddy,Raining,7,11,1,Summer
June,2014,Muddy,Other,1,1,0,Summer
June,2014,Muddy,Clear and sunny,1,1,0,Summer
June,2014,Oil,Clear and sunny,2,2,0,Summer
June,2014,Oil,Raining,1,1,0,Summer
June,2014,Flooded,Raining,2,2,0,Summer
June,2014,Other,Clear and sunny,43,58,0,Summer
June,2014,Other,Raining,1,1,0,Summer
June,2014,Other,Other,2,2,0,Summer
June,2014,Wet,Clear and sunny,20,28,3,Summer
June,2014,Wet,"Overcast, cloudy but no precipitation",1,1,0,Summer
June,2014,Wet,Raining,1,2,0,Summer
June,2014,Wet,Clear and sunny,46,63,0,Summer
June,2015,"Dry, normal",Clear and sunny,8105,10903,138,Summer
June,2015,"Dry, normal","Overcast, cloudy but no precipitation",682,927,12,Summer
June,2015,"Dry, normal",Raining,11,14,0,Summer
June,2015,"Dry, normal","Snowing, not including drifting snow",1,1,0,Summer
June,2015,"Dry, normal",Visibility limitation,31,42,2,Summer
June,2015,"Dry, normal",Strong wind,1,1,0,Summer
June,2015,"Dry, normal",Other,10,14,2,Summer
June,2015,"Dry, normal",Clear and sunny,63,72,1,Summer
June,2015,Wet,Clear and sunny,142,207,0,Summer
June,2015,Wet,"Overcast, cloudy but no precipitation",121,162,1,Summer
June,2015,Wet,Raining,1072,1462,11,Summer
June,2015,Wet,"Snowing, not including drifting snow",2,3,0,Summer
June,2015,Wet,"Freezing rain, sleet, hail",3,5,0,Summer
June,2015,Wet,Visibility limitation,15,19,1,Summer
June,2015,Wet,Strong wind,3,4,0,Summer
June,2015,Wet,Other,4,5,0,Summer
June,2015,Wet,Clear and sunny,2,5,0,Summer
June,2015,"Slush, wet snow","Freezing rain, sleet, hail",1,1,0,Summer
June,2015,Icy,"Overcast, cloudy but no precipitation",1,1,0,Summer
June,2015,Icy,Other,1,1,0,Summer
June,2015,Sand/gravel/dirt,Clear and sunny,68,86,4,Summer
June,2015,Sand/gravel/dirt,"Overcast, cloudy but no precipitation",9,11,0,Summer
June,2015,Sand/gravel/dirt,Raining,2,2,0,Summer
June,2015,Sand/gravel/dirt,Visibility limitation,5,8,0,Summer
June,2015,Sand/gravel/dirt,Clear and sunny,3,3,0,Summer
June,2015,Muddy,Clear and sunny,1,1,0,Summer
June,2015,Muddy,Raining,3,3,0,Summer
June,2015,Oil,Clear and sunny,1,1,0,Summer
June,2015,Flooded,Raining,1,3,0,Summer
June,2015,Other,Clear and sunny,32,47,1,Summer
June,2015,Other,Raining,1,2,0,Summer
June,2015,Other,Visibility limitation,2,2,0,Summer
June,2015,Other,Strong wind,1,1,0,Summer
June,2015,Other,Other,2,2,0,Summer
June,2015,Other,Clear and sunny,1,1,0,Summer
June,2015,Wet,Clear and sunny,10,12,0,Summer
June,2015,Wet,"Overcast, cloudy but no precipitation",4,5,0,Summer
June,2015,Wet,Raining,1,1,0,Summer
June,2015,Wet,Clear and sunny,64,80,5,Summer
June,2016,"Dry, normal",Clear and sunny,8544,11365,105,Summer
June,2016,"Dry, normal","Overcast, cloudy but no precipitation",743,976,19,Summer
June,2016,"Dry, normal",Raining,7,11,1,Summer
June,2016,"Dry, normal","Freezing rain, sleet, hail",2,5,0,Summer
June,2016,"Dry, normal",Visibility limitation,6,6,0,Summer
June,2016,"Dry, normal",Strong wind,12,12,0,Summer
June,2016,"Dry, normal",Other,8,9,0,Summer
June,2016,"Dry, normal",Clear and sunny,67,84,1,Summer
June,2016,Wet,Clear and sunny,98,136,0,Summer
June,2016,Wet,"Overcast, cloudy but no precipitation",154,216,0,Summer
June,2016,Wet,Raining,698,949,11,Summer
June,2016,Wet,"Freezing rain, sleet, hail",3,3,0,Summer
June,2016,Wet,Visibility limitation,10,13,0,Summer
June,2016,Wet,Strong wind,3,7,0,Summer
June,2016,Wet,Other,4,7,0,Summer
June,2016,Wet,Clear and sunny,2,2,0,Summer
June,2016,"Snow (fresh, loose snow)",Clear and sunny,2,1,1,Summer
June,2016,"Snow (fresh, loose snow)",Raining,1,1,0,Summer
June,2016,Icy,Clear and sunny,1,1,0,Summer
June,2016,Sand/gravel/dirt,Clear and sunny,82,107,2,Summer
June,2016,Sand/gravel/dirt,"Overcast, cloudy but no precipitation",4,3,1,Summer
June,2016,Sand/gravel/dirt,Raining,1,1,0,Summer
June,2016,Sand/gravel/dirt,Visibility limitation,1,1,0,Summer
June,2016,Sand/gravel/dirt,Other,1,1,0,Summer
June,2016,Muddy,Clear and sunny,5,6,0,Summer
June,2016,Muddy,"Overcast, cloudy but no precipitation",4,6,0,Summer
June,2016,Muddy,Raining,4,6,0,Summer
June,2016,Muddy,Other,1,1,0,Summer
June,2016,Oil,Clear and sunny,3,3,0,Summer
June,2016,Other,Clear and sunny,35,47,1,Summer
June,2016,Other,"Overcast, cloudy but no precipitation",1,1,0,Summer
June,2016,Other,Raining,1,1,0,Summer
June,2016,Other,"Freezing rain, sleet, hail",1,4,0,Summer
June,2016,Other,Visibility limitation,1,8,0,Summer
June,2016,Other,Strong wind,1,4,0,Summer
June,2016,Other,Other,2,2,0,Summer
June,2016,Other,Clear and sunny,2,2,0,Summer
June,2016,Wet,Clear and sunny,11,16,0,Summer
June,2016,Wet,Clear and sunny,60,82,0,Summer
June,2017,"Dry, normal",Clear and sunny,7846,10433,102,Summer
June,2017,"Dry, normal","Overcast, cloudy but no precipitation",724,975,9,Summer
June,2017,"Dry, normal",Raining,15,19,0,Summer
June,2017,"Dry, normal","Snowing, not including drifting snow",1,2,0,Summer
June,2017,"Dry, normal",Visibility limitation,20,31,0,Summer
June,2017,"Dry, normal",Strong wind,6,7,0,Summer
June,2017,"Dry, normal",Other,7,11,1,Summer
June,2017,"Dry, normal",Clear and sunny,53,75,1,Summer
June,2017,Wet,Clear and sunny,157,212,0,Summer
June,2017,Wet,"Overcast, cloudy but no precipitation",151,205,2,Summer
June,2017,Wet,Raining,975,1275,15,Summer
June,2017,Wet,"Freezing rain, sleet, hail",5,10,1,Summer
June,2017,Wet,Visibility limitation,13,18,0,Summer
June,2017,Wet,Strong wind,3,4,0,Summer
June,2017,Wet,Other,3,3,0,Summer
June,2017,Wet,Clear and sunny,6,7,0,Summer
June,2017,Icy,Clear and sunny,1,1,0,Summer
June,2017,Icy,"Snowing, not including drifting snow",1,1,0,Summer
June,2017,Sand/gravel/dirt,Clear and sunny,58,72,1,Summer
June,2017,Sand/gravel/dirt,"Overcast, cloudy but no precipitation",8,10,0,Summer
June,2017,Sand/gravel/dirt,Raining,2,2,0,Summer
June,2017,Sand/gravel/dirt,"Freezing rain, sleet, hail",1,2,0,Summer
June,2017,Sand/gravel/dirt,Strong wind,2,2,0,Summer
June,2017,Sand/gravel/dirt,Other,1,2,0,Summer
June,2017,Muddy,Clear and sunny,2,5,0,Summer
June,2017,Muddy,"Overcast, cloudy but no precipitation",2,3,0,Summer
June,2017,Muddy,Raining,1,0,3,Summer
June,2017,Oil,Clear and sunny,2,2,0,Summer
June,2017,Oil,"Overcast, cloudy but no precipitation",1,1,0,Summer
June,2017,Other,Clear and sunny,25,28,3,Summer
June,2017,Other,"Overcast, cloudy but no precipitation",1,1,0,Summer
June,2017,Other,Clear and sunny,1,1,0,Summer
June,2017,Wet,Clear and sunny,9,11,0,Summer
June,2017,Wet,"Overcast, cloudy but no precipitation",5,8,0,Summer
June,2017,Wet,Raining,1,1,0,Summer
June,2017,Wet,Strong wind,1,1,0,Summer
June,2017,Wet,Clear and sunny,72,88,4,Summer
June,2018,"Dry, normal",Clear and sunny,7735,10387,146,Summer
June,2018,"Dry, normal","Overcast, cloudy but no precipitation",703,925,24,Summer
June,2018,"Dry, normal",Raining,13,14,0,Summer
June,2018,"Dry, normal",Visibility limitation,12,16,0,Summer
June,2018,"Dry, normal",Strong wind,4,4,0,Summer
June,2018,"Dry, normal",Other,7,8,0,Summer
June,2018,"Dry, normal",Clear and sunny,49,66,0,Summer
June,2018,Wet,Clear and sunny,124,163,1,Summer
June,2018,Wet,"Overcast, cloudy but no precipitation",138,170,3,Summer
June,2018,Wet,Raining,727,1019,16,Summer
June,2018,Wet,"Freezing rain, sleet, hail",4,6,1,Summer
June,2018,Wet,Visibility limitation,19,27,0,Summer
June,2018,Wet,Other,6,11,0,Summer
June,2018,Wet,Clear and sunny,1,1,0,Summer
June,2018,"Snow (fresh, loose snow)",Raining,1,2,0,Summer
June,2018,"Slush, wet snow","Freezing rain, sleet, hail",1,1,0,Summer
June,2018,Icy,Clear and sunny,1,1,0,Summer
June,2018,Icy,Visibility limitation,1,1,0,Summer
June,2018,Sand/gravel/dirt,Clear and sunny,62,82,4,Summer
June,2018,Sand/gravel/dirt,"Overcast, cloudy but no precipitation",9,12,0,Summer
June,2018,Sand/gravel/dirt,Raining,5,5,0,Summer
June,2018,Sand/gravel/dirt,Visibility limitation,1,1,0,Summer
June,2018,Sand/gravel/dirt,Strong wind,1,1,0,Summer
June,2018,Muddy,Clear and sunny,3,3,0,Summer
June,2018,Muddy,Raining,7,10,0,Summer
June,2018,Oil,Clear and sunny,3,3,0,Summer
June,2018,Oil,Raining,1,1,0,Summer
June,2018,Other,Clear and sunny,25,29,1,Summer
June,2018,Other,"Overcast, cloudy but no precipitation",1,1,0,Summer
June,2018,Other,"Snowing, not including drifting snow",2,2,0,Summer
June,2018,Other,Other,1,0,1,Summer
June,2018,Other,Clear and sunny,1,1,0,Summer
June,2018,Wet,Clear and sunny,12,13,0,Summer
June,2018,Wet,"Overcast, cloudy but no precipitation",2,3,0,Summer
June,2018,Wet,Raining,1,1,0,Summer
June,2018,Wet,Visibility limitation,1,1,0,Summer
June,2018,Wet,Clear and sunny,61,67,4,Summer
June,2019,"Dry, normal",Clear and sunny,7133,9440,128,Summer
June,2019,"Dry, normal","Overcast, cloudy but no precipitation",597,776,13,Summer
June,2019,"Dry, normal",Raining,11,14,0,Summer
June,2019,"Dry, normal",Visibility limitation,22,26,1,Summer
June,2019,"Dry, normal",Strong wind,7,7,0,Summer
June,2019,"Dry, normal",Other,6,6,0,Summer
June,2019,"Dry, normal",Clear and sunny,30,36,0,Summer
June,2019,Wet,Clear and sunny,127,166,1,Summer
June,2019,Wet,"Overcast, cloudy but no precipitation",123,156,4,Summer
June,2019,Wet,Raining,866,1180,15,Summer
June,2019,Wet,"Snowing, not including drifting snow",2,3,1,Summer
June,2019,Wet,Visibility limitation,20,29,0,Summer
June,2019,Wet,Strong wind,1,4,0,Summer
June,2019,Wet,Other,2,3,0,Summer
June,2019,Wet,Clear and sunny,3,5,0,Summer
June,2019,"Snow (fresh, loose snow)",Clear and sunny,1,1,0,Summer
June,2019,"Snow (fresh, loose snow)","Snowing, not including drifting snow",2,2,0,Summer
June,2019,"Slush, wet snow","Overcast, cloudy but no precipitation",1,1,0,Summer
June,2019,Icy,Clear and sunny,2,2,0,Summer
June,2019,Icy,"Snowing, not including drifting snow",2,4,0,Summer
June,2019,Sand/gravel/dirt,Clear and sunny,63,81,1,Summer
June,2019,Sand/gravel/dirt,"Overcast, cloudy but no precipitation",4,9,0,Summer
June,2019,Sand/gravel/dirt,Raining,3,4,0,Summer
June,2019,Sand/gravel/dirt,Strong wind,1,1,0,Summer
June,2019,Sand/gravel/dirt,Clear and sunny,1,1,0,Summer
June,2019,Muddy,Clear and sunny,6,8,0,Summer
June,2019,Muddy,"Overcast, cloudy but no precipitation",3,6,0,Summer
June,2019,Muddy,Raining,3,3,0,Summer
June,2019,Oil,Clear and sunny,7,7,0,Summer
June,2019,Oil,Raining,1,1,0,Summer
June,2019,Other,Clear and sunny,19,23,2,Summer
June,2019,Other,Raining,2,10,0,Summer
June,2019,Other,"Freezing rain, sleet, hail",3,4,0,Summer
June,2019,Other,Other,3,3,0,Summer
June,2019,Other,Clear and sunny,1,2,0,Summer
June,2019,Wet,Clear and sunny,15,17,1,Summer
June,2019,Wet,"Overcast, cloudy but no precipitation",4,4,0,Summer
June,2019,Wet,Raining,1,1,0,Summer
June,2019,Wet,Other,1,1,0,Summer
June,2019,Wet,Clear and sunny,59,70,3,Summer
June,2020,"Dry, normal",Clear and sunny,5535,7134,132,Summer
June,2020,"Dry, normal","Overcast, cloudy but no precipitation",481,634,16,Summer
June,2020,"Dry, normal",Raining,11,17,0,Summer
June,2020,"Dry, normal",Visibility limitation,15,18,0,Summer
June,2020,"Dry, normal",Strong wind,7,10,0,Summer
June,2020,"Dry, normal",Other,9,13,0,Summer
June,2020,"Dry, normal",Clear and sunny,32,37,1,Summer
June,2020,Wet,Clear and sunny,60,75,1,Summer
June,2020,Wet,"Overcast, cloudy but no precipitation",79,95,3,Summer
June,2020,Wet,Raining,340,444,12,Summer
June,2020,Wet,"Snowing, not including drifting snow",2,2,0,Summer
June,2020,Wet,"Freezing rain, sleet, hail",1,1,0,Summer
June,2020,Wet,Visibility limitation,17,24,1,Summer
June,2020,Wet,Strong wind,1,1,0,Summer
June,2020,Wet,Other,2,5,0,Summer
June,2020,Wet,Clear and sunny,2,2,0,Summer
June,2020,"Snow (fresh, loose snow)","Snowing, not including drifting snow",1,1,0,Summer
June,2020,Icy,Clear and sunny,1,1,0,Summer
June,2020,Icy,Raining,1,1,0,Summer
June,2020,Icy,"Snowing, not including drifting snow",2,4,0,Summer
June,2020,Sand/gravel/dirt,Clear and sunny,53,78,2,Summer
June,2020,Sand/gravel/dirt,"Overcast, cloudy but no precipitation",9,11,0,Summer
June,2020,Sand/gravel/dirt,Strong wind,1,1,0,Summer
June,2020,Sand/gravel/dirt,Clear and sunny,3,3,0,Summer
June,2020,Muddy,Clear and sunny,2,3,0,Summer
June,2020,Muddy,"Overcast, cloudy but no precipitation",2,5,0,Summer
June,2020,Muddy,Raining,2,2,0,Summer
June,2020,Muddy,Clear and sunny,1,1,0,Summer
June,2020,Oil,Clear and sunny,3,3,0,Summer
June,2020,Other,Clear and sunny,28,34,0,Summer
June,2020,Other,"Overcast, cloudy but no precipitation",1,1,0,Summer
June,2020,Other,Raining,3,3,0,Summer
June,2020,Other,"Freezing rain, sleet, hail",3,4,0,Summer
June,2020,Other,Visibility limitation,1,1,0,Summer
June,2020,Other,Clear and sunny,1,1,0,Summer
June,2020,Wet,Clear and sunny,9,12,0,Summer
June,2020,Wet,"Overcast, cloudy but no precipitation",4,4,0,Summer
June,2020,Wet,Clear and sunny,63,73,3,Summer
June,2021,"Dry, normal",Clear and sunny,6251,8162,125,Summer
June,2021,"Dry, normal","Overcast, cloudy but no precipitation",461,586,6,Summer
June,2021,"Dry, normal",Raining,9,13,0,Summer
June,2021,"Dry, normal","Snowing, not including drifting snow",1,1,0,Summer
June,2021,"Dry, normal",Visibility limitation,17,23,1,Summer
June,2021,"Dry, normal",Strong wind,9,8,1,Summer
June,2021,"Dry, normal",Other,6,8,0,Summer
June,2021,"Dry, normal",Clear and sunny,38,44,0,Summer
June,2021,Wet,Clear and sunny,89,106,2,Summer
June,2021,Wet,"Overcast, cloudy but no precipitation",83,100,4,Summer
June,2021,Wet,Raining,534,724,8,Summer
June,2021,Wet,"Freezing rain, sleet, hail",1,1,0,Summer
June,2021,Wet,Visibility limitation,9,13,0,Summer
June,2021,Wet,Strong wind,1,1,0,Summer
June,2021,Wet,Other,3,4,0,Summer
June,2021,Wet,Clear and sunny,3,6,0,Summer
June,2021,"Snow (fresh, loose snow)","Snowing, not including drifting snow",1,1,0,Summer
June,2021,Icy,"Overcast, cloudy but no precipitation",2,4,0,Summer
June,2021,Icy,"Snowing, not including drifting snow",2,4,0,Summer
June,2021,Sand/gravel/dirt,Clear and sunny,47,60,3,Summer
June,2021,Sand/gravel/dirt,"Overcast, cloudy but no precipitation",6,8,0,Summer
June,2021,Sand/gravel/dirt,Raining,1,1,0,Summer
June,2021,Sand/gravel/dirt,Clear and sunny,1,1,0,Summer
June,2021,Muddy,Clear and sunny,2,3,0,Summer
June,2021,Muddy,"Overcast, cloudy but no precipitation",2,6,0,Summer
June,2021,Muddy,Raining,5,5,0,Summer
June,2021,Muddy,Clear and sunny,1,1,0,Summer
June,2021,Oil,Clear and sunny,3,5,0,Summer
June,2021,Other,Clear and sunny,24,26,0,Summer
June,2021,Other,"Overcast, cloudy but no precipitation",1,1,0,Summer
June,2021,Other,"Freezing rain, sleet, hail",5,7,0,Summer
June,2021,Other,Visibility limitation,1,1,0,Summer
June,2021,Other,Clear and sunny,1,1,0,Summer
June,2021,Wet,Clear and sunny,15,18,0,Summer
June,2021,Wet,"Overcast, cloudy but no precipitation",2,2,0,Summer
June,2021,Wet,"Freezing rain, sleet, hail",1,1,0,Summer
June,2021,Wet,Strong wind,1,5,0,Summer
June,2021,Wet,Clear and sunny,54,65,2,Summer
July,2010,"Dry, normal",Clear and sunny,9439,13355,202,Summer
July,2010,"Dry, normal","Overcast, cloudy but no precipitation",713,985,14,Summer
July,2010,"Dry, normal",Raining,8,12,0,Summer
July,2010,"Dry, normal","Snowing, not including drifting snow",1,2,0,Summer
July,2010,"Dry, normal",Visibility limitation,43,63,1,Summer
July,2010,"Dry, normal",Strong wind,6,10,0,Summer
July,2010,"Dry, normal",Other,6,9,1,Summer
July,2010,"Dry, normal",Clear and sunny,17,22,0,Summer
July,2010,Wet,Clear and sunny,135,195,4,Summer
July,2010,Wet,"Overcast, cloudy but no precipitation",125,179,1,Summer
July,2010,Wet,Raining,674,987,16,Summer
July,2010,Wet,"Snowing, not including drifting snow",1,1,0,Summer
July,2010,Wet,"Freezing rain, sleet, hail",1,1,0,Summer
July,2010,Wet,Visibility limitation,16,22,0,Summer
July,2010,Wet,Strong wind,1,1,0,Summer
July,2010,Wet,Other,6,9,0,Summer
July,2010,Wet,Clear and sunny,4,4,0,Summer
July,2010,"Snow (fresh, loose snow)",Clear and sunny,2,6,0,Summer
July,2010,"Snow (fresh, loose snow)","Overcast, cloudy but no precipitation",1,1,0,Summer
July,2010,"Snow (fresh, loose snow)",Visibility limitation,1,2,0,Summer
July,2010,"Slush, wet snow","Overcast, cloudy but no precipitation",1,1,0,Summer
July,2010,"Slush, wet snow","Snowing, not including drifting snow",1,1,0,Summer
July,2010,Sand/gravel/dirt,Clear and sunny,113,150,2,Summer
July,2010,Sand/gravel/dirt,"Overcast, cloudy but no precipitation",15,15,1,Summer
July,2010,Sand/gravel/dirt,Raining,5,7,0,Summer
July,2010,Sand/gravel/dirt,Visibility limitation,2,3,0,Summer
July,2010,Sand/gravel/dirt,Clear and sunny,1,0,1,Summer
July,2010,Muddy,Clear and sunny,5,10,0,Summer
July,2010,Muddy,"Overcast, cloudy but no precipitation",7,7,2,Summer
July,2010,Muddy,Raining,2,2,0,Summer
July,2010,Muddy,Visibility limitation,2,2,0,Summer
July,2010,Oil,Clear and sunny,1,1,0,Summer
July,2010,Flooded,Raining,3,10,0,Summer
July,2010,Other,Clear and sunny,43,55,4,Summer
July,2010,Other,"Overcast, cloudy but no precipitation",2,6,1,Summer
July,2010,Other,Raining,1,1,0,Summer
July,2010,Other,"Freezing rain, sleet, hail",1,1,0,Summer
July,2010,Other,Strong wind,1,1,0,Summer
July,2010,Wet,Clear and sunny,43,50,0,Summer
July,2010,Wet,"Overcast, cloudy but no precipitation",1,1,0,Summer
July,2010,Wet,Raining,2,4,0,Summer
July,2010,Wet,"Snowing, not including drifting snow",1,2,0,Summer
July,2010,Wet,Clear and sunny,105,125,3,Summer
July,2011,"Dry, normal",Clear and sunny,9036,12402,187,Summer
July,2011,"Dry, normal","Overcast, cloudy but no precipitation",689,925,16,Summer
July,2011,"Dry, normal",Raining,11,13,0,Summer
July,2011,"Dry, normal","Snowing, not including drifting snow",1,2,0,Summer
July,2011,"Dry, normal",Visibility limitation,36,50,2,Summer
July,2011,"Dry, normal",Strong wind,7,8,0,Summer
July,2011,"Dry, normal",Other,17,22,0,Summer
July,2011,"Dry, normal",Clear and sunny,38,45,0,Summer
July,2011,Wet,Clear and sunny,130,188,3,Summer
July,2011,Wet,"Overcast, cloudy but no precipitation",145,194,1,Summer
July,2011,Wet,Raining,671,977,19,Summer
July,2011,Wet,"Snowing, not including drifting snow",1,1,0,Summer
July,2011,Wet,"Freezing rain, sleet, hail",2,3,0,Summer
July,2011,Wet,Visibility limitation,11,14,1,Summer
July,2011,Wet,Strong wind,1,2,0,Summer
July,2011,Wet,Other,4,4,0,Summer
July,2011,Wet,Clear and sunny,5,7,0,Summer
July,2011,"Snow (fresh, loose snow)",Clear and sunny,1,1,0,Summer
July,2011,"Slush, wet snow",Clear and sunny,1,1,0,Summer
July,2011,"Slush, wet snow","Snowing, not including drifting snow",1,1,0,Summer
July,2011,Icy,Clear and sunny,2,2,0,Summer
July,2011,Sand/gravel/dirt,Clear and sunny,110,155,2,Summer
July,2011,Sand/gravel/dirt,"Overcast, cloudy but no precipitation",11,16,0,Summer
July,2011,Sand/gravel/dirt,Visibility limitation,4,6,0,Summer
July,2011,Sand/gravel/dirt,Clear and sunny,2,2,0,Summer
July,2011,Muddy,Clear and sunny,6,7,0,Summer
July,2011,Muddy,"Overcast, cloudy but no precipitation",1,1,0,Summer
July,2011,Muddy,Raining,4,8,0,Summer
July,2011,Oil,Clear and sunny,4,5,0,Summer
July,2011,Flooded,Raining,3,3,0,Summer
July,2011,Other,Clear and sunny,40,58,1,Summer
July,2011,Other,"Overcast, cloudy but no precipitation",1,2,0,Summer
July,2011,Other,Raining,1,2,0,Summer
July,2011,Other,"Freezing rain, sleet, hail",1,1,0,Summer
July,2011,Other,Visibility limitation,2,3,0,Summer
July,2011,Other,Other,2,2,0,Summer
July,2011,Other,Clear and sunny,1,2,0,Summer
July,2011,Wet,Clear and sunny,20,24,0,Summer
July,2011,Wet,"Overcast, cloudy but no precipitation",3,5,0,Summer
July,2011,Wet,Raining,1,2,0,Summer
July,2011,Wet,Clear and sunny,73,78,1,Summer
July,2012,"Dry, normal",Clear and sunny,9541,12884,165,Summer
July,2012,"Dry, normal","Overcast, cloudy but no precipitation",469,645,13,Summer
July,2012,"Dry, normal",Raining,5,5,0,Summer
July,2012,"Dry, normal",Visibility limitation,30,42,4,Summer
July,2012,"Dry, normal",Strong wind,6,8,0,Summer
July,2012,"Dry, normal",Other,7,10,0,Summer
July,2012,"Dry, normal",Clear and sunny,51,67,0,Summer
July,2012,Wet,Clear and sunny,141,198,3,Summer
July,2012,Wet,"Overcast, cloudy but no precipitation",105,141,0,Summer
July,2012,Wet,Raining,580,778,13,Summer
July,2012,Wet,"Snowing, not including drifting snow",1,1,0,Summer
July,2012,Wet,"Freezing rain, sleet, hail",1,1,0,Summer
July,2012,Wet,Visibility limitation,8,13,1,Summer
July,2012,Wet,Strong wind,1,1,0,Summer
July,2012,Wet,Other,3,6,0,Summer
July,2012,Wet,Clear and sunny,5,7,0,Summer
July,2012,"Snow (fresh, loose snow)",Clear and sunny,2,2,0,Summer
July,2012,"Snow (fresh, loose snow)",Raining,1,1,0,Summer
July,2012,"Slush, wet snow","Snowing, not including drifting snow",1,3,0,Summer
July,2012,Icy,Clear and sunny,2,2,0,Summer
July,2012,Sand/gravel/dirt,Clear and sunny,127,167,4,Summer
July,2012,Sand/gravel/dirt,"Overcast, cloudy but no precipitation",8,10,0,Summer
July,2012,Sand/gravel/dirt,Raining,5,8,1,Summer
July,2012,Sand/gravel/dirt,Visibility limitation,5,10,0,Summer
July,2012,Sand/gravel/dirt,Clear and sunny,1,1,0,Summer
July,2012,Muddy,Clear and sunny,4,7,1,Summer
July,2012,Muddy,Raining,4,6,0,Summer
July,2012,Muddy,Clear and sunny,1,1,0,Summer
July,2012,Oil,Clear and sunny,8,9,0,Summer
July,2012,Oil,"Overcast, cloudy but no precipitation",1,1,0,Summer
July,2012,Oil,Raining,2,5,0,Summer
July,2012,Other,Clear and sunny,31,44,4,Summer
July,2012,Other,"Overcast, cloudy but no precipitation",1,2,0,Summer
July,2012,Other,"Freezing rain, sleet, hail",1,1,0,Summer
July,2012,Other,Visibility limitation,1,1,0,Summer
July,2012,Other,Other,3,3,1,Summer
July,2012,Other,Clear and sunny,1,1,0,Summer
July,2012,Wet,Clear and sunny,29,33,0,Summer
July,2012,Wet,"Overcast, cloudy but no precipitation",3,4,0,Summer
July,2012,Wet,Raining,2,3,0,Summer
July,2012,Wet,Visibility limitation,1,2,0,Summer
July,2012,Wet,Other,1,1,0,Summer
July,2012,Wet,Clear and sunny,75,89,3,Summer
July,2013,"Dry, normal",Clear and sunny,9247,12625,195,Summer
July,2013,"Dry, normal","Overcast, cloudy but no precipitation",533,716,13,Summer
July,2013,"Dry, normal",Raining,4,4,0,Summer
July,2013,"Dry, normal","Snowing, not including drifting snow",1,3,0,Summer
July,2013,"Dry, normal",Visibility limitation,36,50,2,Summer
July,2013,"Dry, normal",Strong wind,13,19,1,Summer
July,2013,"Dry, normal",Other,9,13,1,Summer
July,2013,"Dry, normal",Clear and sunny,54,69,0,Summer
July,2013,Wet,Clear and sunny,160,221,1,Summer
July,2013,Wet,"Overcast, cloudy but no precipitation",77,115,0,Summer
July,2013,Wet,Raining,748,1014,20,Summer
July,2013,Wet,"Snowing, not including drifting snow",1,1,0,Summer
July,2013,Wet,"Freezing rain, sleet, hail",1,1,0,Summer
July,2013,Wet,Visibility limitation,14,28,0,Summer
July,2013,Wet,Other,2,4,0,Summer
July,2013,Wet,Clear and sunny,5,9,0,Summer
July,2013,"Snow (fresh, loose snow)",Raining,1,1,0,Summer
July,2013,"Snow (fresh, loose snow)",Visibility limitation,1,1,0,Summer
July,2013,"Slush, wet snow",Clear and sunny,1,1,0,Summer
July,2013,"Slush, wet snow","Freezing rain, sleet, hail",1,2,0,Summer
July,2013,Sand/gravel/dirt,Clear and sunny,91,116,4,Summer
July,2013,Sand/gravel/dirt,"Overcast, cloudy but no precipitation",10,11,0,Summer
July,2013,Sand/gravel/dirt,Raining,2,1,1,Summer
July,2013,Sand/gravel/dirt,Visibility limitation,1,4,0,Summer
July,2013,Sand/gravel/dirt,Clear and sunny,2,3,0,Summer
July,2013,Muddy,Clear and sunny,6,5,1,Summer
July,2013,Muddy,"Overcast, cloudy but no precipitation",1,1,0,Summer
July,2013,Muddy,Raining,3,4,0,Summer
July,2013,Muddy,"Freezing rain, sleet, hail",1,1,0,Summer
July,2013,Oil,Clear and sunny,3,3,0,Summer
July,2013,Oil,Raining,2,6,0,Summer
July,2013,Other,Clear and sunny,43,57,4,Summer
July,2013,Other,"Overcast, cloudy but no precipitation",3,3,0,Summer
July,2013,Other,Raining,3,3,0,Summer
July,2013,Other,"Freezing rain, sleet, hail",1,1,0,Summer
July,2013,Other,Visibility limitation,1,2,0,Summer
July,2013,Wet,Clear and sunny,18,22,1,Summer
July,2013,Wet,"Overcast, cloudy but no precipitation",2,7,0,Summer
July,2013,Wet,Other,1,1,0,Summer
July,2013,Wet,Clear and sunny,51,59,1,Summer
July,2014,"Dry, normal",Clear and sunny,8387,11541,159,Summer
July,2014,"Dry, normal","Overcast, cloudy but no precipitation",609,841,10,Summer
July,2014,"Dry, normal",Raining,12,17,0,Summer
July,2014,"Dry, normal","Snowing, not including drifting snow",1,1,0,Summer
July,2014,"Dry, normal",Visibility limitation,27,42,2,Summer
July,2014,"Dry, normal",Strong wind,12,12,0,Summer
July,2014,"Dry, normal",Other,4,4,0,Summer
July,2014,"Dry, normal",Clear and sunny,39,43,0,Summer
July,2014,Wet,Clear and sunny,147,220,2,Summer
July,2014,Wet,"Overcast, cloudy but no precipitation",115,151,1,Summer
July,2014,Wet,Raining,724,986,8,Summer
July,2014,Wet,"Snowing, not including drifting snow",1,1,0,Summer
July,2014,Wet,"Freezing rain, sleet, hail",3,3,0,Summer
July,2014,Wet,Visibility limitation,11,14,1,Summer
July,2014,Wet,Strong wind,1,1,0,Summer
July,2014,Wet,Other,4,4,0,Summer
July,2014,Wet,Clear and sunny,3,4,0,Summer
July,2014,Icy,Clear and sunny,1,1,0,Summer
July,2014,Sand/gravel/dirt,Clear and sunny,92,124,3,Summer
July,2014,Sand/gravel/dirt,"Overcast, cloudy but no precipitation",9,13,0,Summer
July,2014,Sand/gravel/dirt,Raining,1,1,0,Summer
July,2014,Sand/gravel/dirt,Visibility limitation,1,2,0,Summer
July,2014,Sand/gravel/dirt,Clear and sunny,3,3,0,Summer
July,2014,Muddy,Clear and sunny,7,7,0,Summer
July,2014,Muddy,"Overcast, cloudy but no precipitation",1,1,0,Summer
July,2014,Muddy,Clear and sunny,1,1,0,Summer
July,2014,Oil,Clear and sunny,7,8,0,Summer
July,2014,Oil,"Overcast, cloudy but no precipitation",1,2,0,Summer
July,2014,Other,Clear and sunny,35,48,0,Summer
July,2014,Other,Raining,1,1,0,Summer
July,2014,Wet,Clear and sunny,7,10,0,Summer
July,2014,Wet,"Overcast, cloudy but no precipitation",4,6,0,Summer
July,2014,Wet,Visibility limitation,1,1,0,Summer
July,2014,Wet,Clear and sunny,58,67,1,Summer
July,2015,"Dry, normal",Clear and sunny,8884,12171,164,Summer
July,2015,"Dry, normal","Overcast, cloudy but no precipitation",628,885,21,Summer
July,2015,"Dry, normal",Raining,9,12,1,Summer
July,2015,"Dry, normal",Visibility limitation,62,92,5,Summer
July,2015,"Dry, normal",Strong wind,1,1,0,Summer
July,2015,"Dry, normal",Other,11,16,1,Summer
July,2015,"Dry, normal",Clear and sunny,59,75,0,Summer
July,2015,Wet,Clear and sunny,109,151,1,Summer
July,2015,Wet,"Overcast, cloudy but no precipitation",137,184,1,Summer
July,2015,Wet,Raining,664,904,14,Summer
July,2015,Wet,"Snowing, not including drifting snow",2,2,0,Summer
July,2015,Wet,"Freezing rain, sleet, hail",2,4,0,Summer
July,2015,Wet,Visibility limitation,21,29,1,Summer
July,2015,Wet,Strong wind,1,1,0,Summer
July,2015,Wet,Clear and sunny,5,8,0,Summer
July,2015,"Snow (fresh, loose snow)",Clear and sunny,2,2,0,Summer
July,2015,"Snow (fresh, loose snow)","Overcast, cloudy but no precipitation",1,1,0,Summer
July,2015,"Snow (fresh, loose snow)",Raining,1,1,0,Summer
July,2015,"Slush, wet snow","Snowing, not including drifting snow",1,2,0,Summer
July,2015,"Slush, wet snow","Freezing rain, sleet, hail",1,3,0,Summer
July,2015,Icy,Clear and sunny,1,1,0,Summer
July,2015,Sand/gravel/dirt,Clear and sunny,104,139,2,Summer
July,2015,Sand/gravel/dirt,"Overcast, cloudy but no precipitation",7,13,3,Summer
July,2015,Sand/gravel/dirt,Visibility limitation,6,7,0,Summer
July,2015,Sand/gravel/dirt,Clear and sunny,3,4,0,Summer
July,2015,Muddy,Clear and sunny,3,3,0,Summer
July,2015,Muddy,"Overcast, cloudy but no precipitation",2,2,0,Summer
July,2015,Muddy,Raining,3,3,0,Summer
July,2015,Muddy,Visibility limitation,2,2,0,Summer
July,2015,Muddy,Other,1,1,0,Summer
July,2015,Oil,Clear and sunny,7,10,0,Summer
July,2015,Flooded,Raining,3,3,0,Summer
July,2015,Other,Clear and sunny,31,43,2,Summer
July,2015,Other,Raining,1,1,0,Summer
July,2015,Other,Visibility limitation,1,1,0,Summer
July,2015,Wet,Clear and sunny,12,19,0,Summer
July,2015,Wet,"Overcast, cloudy but no precipitation",3,3,0,Summer
July,2015,Wet,Raining,1,1,0,Summer
July,2015,Wet,Visibility limitation,2,2,0,Summer
July,2015,Wet,Clear and sunny,51,53,2,Summer
July,2016,"Dry, normal",Clear and sunny,8492,11659,148,Summer
July,2016,"Dry, normal","Overcast, cloudy but no precipitation",730,1016,22,Summer
July,2016,"Dry, normal",Raining,6,8,0,Summer
July,2016,"Dry, normal",Visibility limitation,16,22,0,Summer
July,2016,"Dry, normal",Strong wind,5,7,0,Summer
July,2016,"Dry, normal",Other,8,12,0,Summer
July,2016,"Dry, normal",Clear and sunny,63,73,1,Summer
July,2016,Wet,Clear and sunny,134,187,2,Summer
July,2016,Wet,"Overcast, cloudy but no precipitation",138,184,2,Summer
July,2016,Wet,Raining,658,900,6,Summer
July,2016,Wet,"Freezing rain, sleet, hail",1,1,0,Summer
July,2016,Wet,Visibility limitation,17,20,1,Summer
July,2016,Wet,Strong wind,2,2,0,Summer
July,2016,Wet,Other,5,6,0,Summer
July,2016,Wet,Clear and sunny,8,13,0,Summer
July,2016,Icy,Clear and sunny,1,1,0,Summer
July,2016,Icy,"Freezing rain, sleet, hail",1,3,0,Summer
July,2016,Sand/gravel/dirt,Clear and sunny,96,119,2,Summer
July,2016,Sand/gravel/dirt,"Overcast, cloudy but no precipitation",8,8,0,Summer
July,2016,Sand/gravel/dirt,Raining,4,4,0,Summer
July,2016,Sand/gravel/dirt,Visibility limitation,2,3,0,Summer
July,2016,Sand/gravel/dirt,Other,1,1,0,Summer
July,2016,Sand/gravel/dirt,Clear and sunny,2,4,0,Summer
July,2016,Muddy,Clear and sunny,5,6,0,Summer
July,2016,Muddy,Raining,5,5,0,Summer
July,2016,Muddy,Other,1,1,0,Summer
July,2016,Oil,Clear and sunny,4,5,0,Summer
July,2016,Oil,"Overcast, cloudy but no precipitation",1,1,0,Summer
July,2016,Flooded,Raining,3,3,0,Summer
July,2016,Flooded,Other,1,1,0,Summer
July,2016,Other,Clear and sunny,26,31,0,Summer
July,2016,Other,"Overcast, cloudy but no precipitation",1,2,0,Summer
July,2016,Other,Visibility limitation,2,2,0,Summer
July,2016,Other,Other,1,1,0,Summer
July,2016,Other,Clear and sunny,1,2,0,Summer
July,2016,Wet,Clear and sunny,12,14,1,Summer
July,2016,Wet,"Overcast, cloudy but no precipitation",3,3,0,Summer
July,2016,Wet,Raining,2,5,0,Summer
July,2016,Wet,Clear and sunny,68,91,2,Summer
July,2017,"Dry, normal",Clear and sunny,8537,11702,180,Summer
July,2017,"Dry, normal","Overcast, cloudy but no precipitation",525,680,11,Summer
July,2017,"Dry, normal",Raining,3,6,0,Summer
July,2017,"Dry, normal","Snowing, not including drifting snow",1,1,0,Summer
July,2017,"Dry, normal",Visibility limitation,48,75,1,Summer
July,2017,"Dry, normal",Strong wind,4,4,0,Summer
July,2017,"Dry, normal",Other,4,7,0,Summer
July,2017,"Dry, normal",Clear and sunny,42,55,1,Summer
July,2017,Wet,Clear and sunny,111,161,3,Summer
July,2017,Wet,"Overcast, cloudy but no precipitation",135,192,2,Summer
July,2017,Wet,Raining,619,845,11,Summer
July,2017,Wet,"Snowing, not including drifting snow",1,2,0,Summer
July,2017,Wet,"Freezing rain, sleet, hail",1,1,0,Summer
July,2017,Wet,Visibility limitation,16,19,1,Summer
July,2017,Wet,Other,3,4,0,Summer
July,2017,Wet,Clear and sunny,1,1,0,Summer
July,2017,"Slush, wet snow",Clear and sunny,1,1,0,Summer
July,2017,Icy,Raining,1,1,0,Summer
July,2017,Sand/gravel/dirt,Clear and sunny,81,100,1,Summer
July,2017,Sand/gravel/dirt,"Overcast, cloudy but no precipitation",9,17,0,Summer
July,2017,Sand/gravel/dirt,Raining,3,5,0,Summer
July,2017,Sand/gravel/dirt,Visibility limitation,5,9,0,Summer
July,2017,Sand/gravel/dirt,Clear and sunny,2,2,0,Summer
July,2017,Muddy,Clear and sunny,7,8,0,Summer
July,2017,Muddy,Raining,1,1,0,Summer
July,2017,Oil,Clear and sunny,4,5,0,Summer
July,2017,Flooded,Raining,3,3,0,Summer
July,2017,Other,Clear and sunny,32,39,2,Summer
July,2017,Other,Raining,3,3,0,Summer
July,2017,Other,Visibility limitation,1,1,0,Summer
July,2017,Other,Other,2,2,0,Summer
July,2017,Wet,Clear and sunny,14,17,1,Summer
July,2017,Wet,"Overcast, cloudy but no precipitation",4,4,0,Summer
July,2017,Wet,Raining,2,2,0,Summer
July,2017,Wet,Other,1,1,0,Summer
July,2017,Wet,Clear and sunny,74,87,3,Summer
July,2018,"Dry, normal",Clear and sunny,8587,11635,178,Summer
July,2018,"Dry, normal","Overcast, cloudy but no precipitation",458,614,10,Summer
July,2018,"Dry, normal",Raining,10,13,0,Summer
July,2018,"Dry, normal",Visibility limitation,35,47,3,Summer
July,2018,"Dry, normal",Strong wind,5,4,1,Summer
July,2018,"Dry, normal",Other,4,4,0,Summer
July,2018,"Dry, normal",Clear and sunny,44,61,0,Summer
July,2018,Wet,Clear and sunny,109,158,1,Summer
July,2018,Wet,"Overcast, cloudy but no precipitation",85,117,3,Summer
July,2018,Wet,Raining,474,664,8,Summer
July,2018,Wet,"Snowing, not including drifting snow",1,1,0,Summer
July,2018,Wet,"Freezing rain, sleet, hail",1,0,1,Summer
July,2018,Wet,Visibility limitation,12,14,0,Summer
July,2018,Wet,Other,4,6,0,Summer
July,2018,Wet,Clear and sunny,2,2,0,Summer
July,2018,"Snow (fresh, loose snow)",Raining,1,1,0,Summer
July,2018,"Snow (fresh, loose snow)",Clear and sunny,1,1,0,Summer
July,2018,Icy,Clear and sunny,1,1,0,Summer
July,2018,Icy,Raining,1,2,0,Summer
July,2018,Icy,Clear and sunny,2,2,0,Summer
July,2018,Sand/gravel/dirt,Clear and sunny,91,112,3,Summer
July,2018,Sand/gravel/dirt,"Overcast, cloudy but no precipitation",6,5,1,Summer
July,2018,Sand/gravel/dirt,Raining,2,2,0,Summer
July,2018,Sand/gravel/dirt,Visibility limitation,3,6,0,Summer
July,2018,Sand/gravel/dirt,Other,1,1,0,Summer
July,2018,Sand/gravel/dirt,Clear and sunny,2,4,0,Summer
July,2018,Muddy,Clear and sunny,5,5,0,Summer
July,2018,Muddy,"Overcast, cloudy but no precipitation",2,2,0,Summer
July,2018,Muddy,Raining,5,5,0,Summer
July,2018,Muddy,Other,1,1,0,Summer
July,2018,Oil,Clear and sunny,4,4,0,Summer
July,2018,Flooded,Other,1,1,0,Summer
July,2018,Other,Clear and sunny,24,32,0,Summer
July,2018,Other,"Overcast, cloudy but no precipitation",1,2,1,Summer
July,2018,Other,"Snowing, not including drifting snow",1,1,0,Summer
July,2018,Other,Visibility limitation,2,4,0,Summer
July,2018,Other,Other,1,1,0,Summer
July,2018,Wet,Clear and sunny,12,13,2,Summer
July,2018,Wet,"Overcast, cloudy but no precipitation",1,1,0,Summer
July,2018,Wet,Clear and sunny,60,68,2,Summer
July,2019,"Dry, normal",Clear and sunny,7963,10866,152,Summer
July,2019,"Dry, normal","Overcast, cloudy but no precipitation",513,677,11,Summer
July,2019,"Dry, normal",Raining,9,14,0,Summer
July,2019,"Dry, normal",Visibility limitation,32,36,2,Summer
July,2019,"Dry, normal",Strong wind,5,6,0,Summer
July,2019,"Dry, normal",Other,6,9,0,Summer
July,2019,"Dry, normal",Clear and sunny,42,50,0,Summer
July,2019,Wet,Clear and sunny,104,126,3,Summer
July,2019,Wet,"Overcast, cloudy but no precipitation",94,129,0,Summer
July,2019,Wet,Raining,484,639,10,Summer
July,2019,Wet,"Freezing rain, sleet, hail",4,5,0,Summer
July,2019,Wet,Visibility limitation,12,13,0,Summer
July,2019,Wet,Strong wind,2,2,0,Summer
July,2019,Wet,Other,3,5,0,Summer
July,2019,Wet,Clear and sunny,6,8,0,Summer
July,2019,"Snow (fresh, loose snow)",Raining,1,1,0,Summer
July,2019,Icy,Clear and sunny,1,1,0,Summer
July,2019,Sand/gravel/dirt,Clear and sunny,72,94,2,Summer
July,2019,Sand/gravel/dirt,"Overcast, cloudy but no precipitation",8,8,0,Summer
July,2019,Sand/gravel/dirt,Raining,1,1,0,Summer
July,2019,Sand/gravel/dirt,Visibility limitation,2,3,0,Summer
July,2019,Sand/gravel/dirt,Strong wind,1,1,0,Summer
July,2019,Sand/gravel/dirt,Clear and sunny,2,4,0,Summer
July,2019,Muddy,Clear and sunny,2,2,0,Summer
July,2019,Muddy,"Overcast, cloudy but no precipitation",1,1,0,Summer
July,2019,Muddy,Raining,1,1,0,Summer
July,2019,Muddy,Other,1,1,0,Summer
July,2019,Oil,Clear and sunny,3,3,0,Summer
July,2019,Flooded,Other,1,1,0,Summer
July,2019,Other,Clear and sunny,16,19,3,Summer
July,2019,Other,Raining,3,3,0,Summer
July,2019,Other,"Freezing rain, sleet, hail",1,1,0,Summer
July,2019,Other,Visibility limitation,1,1,0,Summer
July,2019,Other,Other,3,4,0,Summer
July,2019,Wet,Clear and sunny,9,16,0,Summer
July,2019,Wet,"Overcast, cloudy but no precipitation",3,2,1,Summer
July,2019,Wet,Raining,1,1,0,Summer
July,2019,Wet,Visibility limitation,1,1,0,Summer
July,2019,Wet,Other,2,1,1,Summer
July,2019,Wet,Clear and sunny,71,91,4,Summer
July,2020,"Dry, normal",Clear and sunny,6262,8167,157,Summer
July,2020,"Dry, normal","Overcast, cloudy but no precipitation",484,630,9,Summer
July,2020,"Dry, normal",Raining,6,9,0,Summer
July,2020,"Dry, normal","Freezing rain, sleet, hail",1,1,0,Summer
July,2020,"Dry, normal",Visibility limitation,24,29,0,Summer
July,2020,"Dry, normal",Strong wind,3,5,0,Summer
July,2020,"Dry, normal",Other,6,10,1,Summer
July,2020,"Dry, normal",Clear and sunny,29,34,2,Summer
July,2020,Wet,Clear and sunny,79,96,3,Summer
July,2020,Wet,"Overcast, cloudy but no precipitation",94,129,0,Summer
July,2020,Wet,Raining,435,577,11,Summer
July,2020,Wet,Visibility limitation,12,21,1,Summer
July,2020,Wet,Strong wind,3,4,0,Summer
July,2020,Wet,Other,2,4,0,Summer
July,2020,Wet,Clear and sunny,6,9,0,Summer
July,2020,"Snow (fresh, loose snow)",Raining,1,1,0,Summer
July,2020,Icy,Clear and sunny,1,1,0,Summer
July,2020,Icy,"Overcast, cloudy but no precipitation",1,1,0,Summer
July,2020,Sand/gravel/dirt,Clear and sunny,61,75,4,Summer
July,2020,Sand/gravel/dirt,"Overcast, cloudy but no precipitation",11,12,0,Summer
July,2020,Sand/gravel/dirt,Raining,1,1,0,Summer
July,2020,Sand/gravel/dirt,Visibility limitation,1,2,0,Summer
July,2020,Sand/gravel/dirt,Other,1,2,0,Summer
July,2020,Sand/gravel/dirt,Clear and sunny,4,6,0,Summer
July,2020,Muddy,Clear and sunny,7,10,0,Summer
July,2020,Muddy,"Overcast, cloudy but no precipitation",1,1,0,Summer
July,2020,Muddy,Raining,5,9,0,Summer
July,2020,Muddy,Other,1,1,0,Summer
July,2020,Oil,Clear and sunny,4,4,0,Summer
July,2020,Flooded,Other,1,1,0,Summer
July,2020,Other,Clear and sunny,22,29,1,Summer
July,2020,Other,Visibility limitation,2,2,0,Summer
July,2020,Other,Other,2,1,1,Summer
July,2020,Other,Clear and sunny,1,3,1,Summer
July,2020,Wet,Clear and sunny,21,29,0,Summer
July,2020,Wet,"Overcast, cloudy but no precipitation",2,5,0,Summer
July,2020,Wet,Strong wind,1,2,0,Summer
July,2020,Wet,Clear and sunny,54,63,3,Summer
July,2021,"Dry, normal",Clear and sunny,6205,8130,139,Summer
July,2021,"Dry, normal","Overcast, cloudy but no precipitation",576,747,7,Summer
July,2021,"Dry, normal",Raining,8,13,0,Summer
July,2021,"Dry, normal",Visibility limitation,63,103,0,Summer
July,2021,"Dry, normal",Strong wind,2,3,0,Summer
July,2021,"Dry, normal",Other,2,1,1,Summer
July,2021,"Dry, normal",Clear and sunny,42,62,1,Summer
July,2021,Wet,Clear and sunny,89,127,2,Summer
July,2021,Wet,"Overcast, cloudy but no precipitation",84,124,0,Summer
July,2021,Wet,Raining,507,687,8,Summer
July,2021,Wet,"Snowing, not including drifting snow",1,1,0,Summer
July,2021,Wet,"Freezing rain, sleet, hail",2,3,0,Summer
July,2021,Wet,Visibility limitation,16,23,1,Summer
July,2021,Wet,Strong wind,2,3,0,Summer
July,2021,Wet,Other,1,2,0,Summer
July,2021,Wet,Clear and sunny,2,3,0,Summer
July,2021,Sand/gravel/dirt,Clear and sunny,62,81,1,Summer
July,2021,Sand/gravel/dirt,"Overcast, cloudy but no precipitation",10,10,0,Summer
July,2021,Sand/gravel/dirt,Raining,2,2,0,Summer
July,2021,Sand/gravel/dirt,Visibility limitation,2,2,0,Summer
July,2021,Sand/gravel/dirt,Clear and sunny,1,1,0,Summer
July,2021,Muddy,Clear and sunny,4,3,1,Summer
July,2021,Muddy,"Overcast, cloudy but no precipitation",1,1,0,Summer
July,2021,Muddy,Raining,2,2,0,Summer
July,2021,Oil,Raining,1,1,0,Summer
July,2021,Flooded,Raining,3,3,0,Summer
July,2021,Other,Clear and sunny,32,42,2,Summer
July,2021,Other,Raining,1,1,0,Summer
July,2021,Other,Visibility limitation,3,4,0,Summer
July,2021,Other,Strong wind,1,1,0,Summer
July,2021,Other,Other,1,2,0,Summer
July,2021,Wet,Clear and sunny,16,19,2,Summer
July,2021,Wet,"Overcast, cloudy but no precipitation",1,1,0,Summer
July,2021,Wet,Clear and sunny,58,76,5,Summer
August,2010,"Dry, normal",Clear and sunny,8821,12537,191,Summer
August,2010,"Dry, normal","Overcast, cloudy but no precipitation",662,908,22,Summer
August,2010,"Dry, normal",Raining,16,23,0,Summer
August,2010,"Dry, normal","Freezing rain, sleet, hail",1,4,0,Summer
August,2010,"Dry, normal",Visibility limitation,55,79,2,Summer
August,2010,"Dry, normal",Strong wind,5,7,0,Summer
August,2010,"Dry, normal",Other,14,17,0,Summer
August,2010,"Dry, normal",Clear and sunny,25,35,1,Summer
August,2010,Wet,Clear and sunny,188,290,7,Summer
August,2010,Wet,"Overcast, cloudy but no precipitation",170,225,0,Summer
August,2010,Wet,Raining,981,1381,17,Summer
August,2010,Wet,"Snowing, not including drifting snow",2,3,0,Summer
August,2010,Wet,"Freezing rain, sleet, hail",3,7,0,Summer
August,2010,Wet,Visibility limitation,21,31,0,Summer
August,2010,Wet,Strong wind,1,1,0,Summer
August,2010,Wet,Other,1,5,0,Summer
August,2010,Wet,Clear and sunny,6,6,0,Summer
August,2010,"Snow (fresh, loose snow)","Snowing, not including drifting snow",1,1,0,Summer
August,2010,"Slush, wet snow","Freezing rain, sleet, hail",1,1,0,Summer
August,2010,Sand/gravel/dirt,Clear and sunny,111,149,2,Summer
August,2010,Sand/gravel/dirt,"Overcast, cloudy but no precipitation",15,20,0,Summer
August,2010,Sand/gravel/dirt,Raining,3,3,0,Summer
August,2010,Sand/gravel/dirt,Visibility limitation,3,4,0,Summer
August,2010,Sand/gravel/dirt,Clear and sunny,1,1,0,Summer
August,2010,Muddy,Clear and sunny,5,5,1,Summer
August,2010,Muddy,"Overcast, cloudy but no precipitation",6,8,0,Summer
August,2010,Muddy,Raining,3,4,0,Summer
August,2010,Muddy,Visibility limitation,1,1,0,Summer
August,2010,Muddy,Clear and sunny,1,4,0,Summer
August,2010,Oil,Clear and sunny,6,6,0,Summer
August,2010,Oil,"Overcast, cloudy but no precipitation",1,1,0,Summer
August,2010,Oil,Raining,1,3,0,Summer
August,2010,Flooded,Raining,1,3,0,Summer
August,2010,Other,Clear and sunny,41,50,2,Summer
August,2010,Other,Raining,1,1,0,Summer
August,2010,Other,Clear and sunny,3,3,0,Summer
August,2010,Wet,Clear and sunny,116,154,1,Summer
August,2010,Wet,"Overcast, cloudy but no precipitation",3,3,0,Summer
August,2010,Wet,Raining,3,4,0,Summer
August,2010,Wet,Visibility limitation,2,2,0,Summer
August,2010,Wet,Clear and sunny,135,170,2,Summer
August,2011,"Dry, normal",Clear and sunny,8853,12177,156,Summer
August,2011,"Dry, normal","Overcast, cloudy but no precipitation",653,903,7,Summer
August,2011,"Dry, normal",Raining,5,6,0,Summer
August,2011,"Dry, normal",Visibility limitation,40,51,3,Summer
August,2011,"Dry, normal",Strong wind,7,6,1,Summer
August,2011,"Dry, normal",Other,10,17,1,Summer
August,2011,"Dry, normal",Clear and sunny,50,62,0,Summer
August,2011,Wet,Clear and sunny,141,194,2,Summer
August,2011,Wet,"Overcast, cloudy but no precipitation",155,206,3,Summer
August,2011,Wet,Raining,856,1219,7,Summer
August,2011,Wet,"Snowing, not including drifting snow",2,2,0,Summer
August,2011,Wet,"Freezing rain, sleet, hail",3,6,0,Summer
August,2011,Wet,Visibility limitation,14,18,1,Summer
August,2011,Wet,Strong wind,1,1,0,Summer
August,2011,Wet,Other,3,8,0,Summer
August,2011,"Snow (fresh, loose snow)",Raining,1,1,0,Summer
August,2011,"Slush, wet snow","Snowing, not including drifting snow",1,1,0,Summer
August,2011,Icy,Clear and sunny,2,3,0,Summer
August,2011,Sand/gravel/dirt,Clear and sunny,105,130,3,Summer
August,2011,Sand/gravel/dirt,"Overcast, cloudy but no precipitation",13,16,0,Summer
August,2011,Sand/gravel/dirt,Raining,3,3,0,Summer
August,2011,Sand/gravel/dirt,Visibility limitation,2,4,0,Summer
August,2011,Sand/gravel/dirt,Clear and sunny,4,4,0,Summer
August,2011,Muddy,Clear and sunny,5,4,1,Summer
August,2011,Muddy,Raining,5,5,0,Summer
August,2011,Oil,Clear and sunny,3,3,0,Summer
August,2011,Oil,"Overcast, cloudy but no precipitation",1,1,0,Summer
August,2011,Oil,Raining,1,1,0,Summer
August,2011,Flooded,Raining,2,4,0,Summer
August,2011,Other,Clear and sunny,51,68,0,Summer
August,2011,Other,"Overcast, cloudy but no precipitation",1,1,1,Summer
August,2011,Other,Raining,2,3,0,Summer
August,2011,Other,Visibility limitation,1,1,0,Summer
August,2011,Other,Other,3,3,0,Summer
August,2011,Other,Clear and sunny,1,1,0,Summer
August,2011,Wet,Clear and sunny,20,29,1,Summer
August,2011,Wet,"Overcast, cloudy but no precipitation",2,3,0,Summer
August,2011,Wet,Raining,2,3,0,Summer
August,2011,Wet,Visibility limitation,1,1,0,Summer
August,2011,Wet,Other,1,1,0,Summer
August,2011,Wet,Clear and sunny,81,101,2,Summer
August,2012,"Dry, normal",Clear and sunny,9065,12398,166,Summer
August,2012,"Dry, normal","Overcast, cloudy but no precipitation",661,907,10,Summer
August,2012,"Dry, normal",Raining,5,6,0,Summer
August,2012,"Dry, normal","Snowing, not including drifting snow",1,3,0,Summer
August,2012,"Dry, normal",Visibility limitation,42,53,3,Summer
August,2012,"Dry, normal",Strong wind,3,4,0,Summer
August,2012,"Dry, normal",Other,9,9,0,Summer
August,2012,"Dry, normal",Clear and sunny,66,78,1,Summer
August,2012,Wet,Clear and sunny,155,225,0,Summer
August,2012,Wet,"Overcast, cloudy but no precipitation",128,162,3,Summer
August,2012,Wet,Raining,848,1222,11,Summer
August,2012,Wet,"Freezing rain, sleet, hail",1,1,0,Summer
August,2012,Wet,Visibility limitation,18,24,0,Summer
August,2012,Wet,Strong wind,2,2,0,Summer
August,2012,Wet,Other,6,7,0,Summer
August,2012,Wet,Clear and sunny,3,4,0,Summer
August,2012,"Snow (fresh, loose snow)",Raining,2,2,0,Summer
August,2012,"Slush, wet snow","Freezing rain, sleet, hail",2,6,0,Summer
August,2012,Icy,Clear and sunny,1,1,0,Summer
August,2012,Icy,"Overcast, cloudy but no precipitation",1,3,0,Summer
August,2012,Sand/gravel/dirt,Clear and sunny,122,156,3,Summer
August,2012,Sand/gravel/dirt,"Overcast, cloudy but no precipitation",10,12,1,Summer
August,2012,Sand/gravel/dirt,Raining,2,2,0,Summer
August,2012,Sand/gravel/dirt,Visibility limitation,3,7,0,Summer
August,2012,Sand/gravel/dirt,Strong wind,1,1,0,Summer
August,2012,Sand/gravel/dirt,Other,1,1,0,Summer
August,2012,Sand/gravel/dirt,Clear and sunny,1,1,0,Summer
August,2012,Muddy,Clear and sunny,5,5,0,Summer
August,2012,Muddy,Raining,5,8,0,Summer
August,2012,Oil,Clear and sunny,2,2,0,Summer
August,2012,Other,Clear and sunny,37,51,0,Summer
August,2012,Other,"Overcast, cloudy but no precipitation",2,3,1,Summer
August,2012,Other,Raining,1,0,1,Summer
August,2012,Other,Visibility limitation,1,1,0,Summer
August,2012,Other,Other,1,1,0,Summer
August,2012,Other,Clear and sunny,1,1,0,Summer
August,2012,Wet,Clear and sunny,18,20,0,Summer
August,2012,Wet,"Overcast, cloudy but no precipitation",3,5,1,Summer
August,2012,Wet,Raining,2,5,0,Summer
August,2012,Wet,Clear and sunny,68,74,3,Summer
August,2013,"Dry, normal",Clear and sunny,8887,12238,167,Summer
August,2013,"Dry, normal","Overcast, cloudy but no precipitation",744,1024,19,Summer
August,2013,"Dry, normal",Raining,13,22,0,Summer
August,2013,"Dry, normal","Snowing, not including drifting snow",1,1,0,Summer
August,2013,"Dry, normal","Freezing rain, sleet, hail",1,1,0,Summer
August,2013,"Dry, normal",Visibility limitation,37,46,4,Summer
August,2013,"Dry, normal",Strong wind,3,3,0,Summer
August,2013,"Dry, normal",Other,6,10,0,Summer
August,2013,"Dry, normal",Clear and sunny,59,68,0,Summer
August,2013,Wet,Clear and sunny,135,194,2,Summer
August,2013,Wet,"Overcast, cloudy but no precipitation",187,264,3,Summer
August,2013,Wet,Raining,742,1093,5,Summer
August,2013,Wet,Visibility limitation,23,31,1,Summer
August,2013,Wet,Other,3,5,0,Summer
August,2013,Wet,Clear and sunny,3,5,0,Summer
August,2013,"Snow (fresh, loose snow)",Clear and sunny,2,1,1,Summer
August,2013,"Snow (fresh, loose snow)","Overcast, cloudy but no precipitation",2,5,0,Summer
August,2013,Icy,Clear and sunny,2,2,0,Summer
August,2013,Sand/gravel/dirt,Clear and sunny,114,153,2,Summer
August,2013,Sand/gravel/dirt,"Overcast, cloudy but no precipitation",10,11,1,Summer
August,2013,Sand/gravel/dirt,Visibility limitation,6,9,0,Summer
August,2013,Sand/gravel/dirt,Clear and sunny,2,2,0,Summer
August,2013,Muddy,Clear and sunny,5,12,0,Summer
August,2013,Muddy,"Overcast, cloudy but no precipitation",3,4,0,Summer
August,2013,Muddy,Raining,2,3,0,Summer
August,2013,Oil,Clear and sunny,6,6,0,Summer
August,2013,Oil,"Overcast, cloudy but no precipitation",1,1,0,Summer
August,2013,Other,Clear and sunny,36,48,0,Summer
August,2013,Other,Visibility limitation,1,1,0,Summer
August,2013,Other,Other,2,2,0,Summer
August,2013,Other,Clear and sunny,2,2,0,Summer
August,2013,Wet,Clear and sunny,15,17,0,Summer
August,2013,Wet,"Overcast, cloudy but no precipitation",1,1,0,Summer
August,2013,Wet,Raining,1,1,0,Summer
August,2013,Wet,Clear and sunny,69,88,1,Summer
August,2014,"Dry, normal",Clear and sunny,8375,11630,156,Summer
August,2014,"Dry, normal","Overcast, cloudy but no precipitation",648,872,16,Summer
August,2014,"Dry, normal",Raining,12,16,0,Summer
August,2014,"Dry, normal","Snowing, not including drifting snow",1,1,0,Summer
August,2014,"Dry, normal",Visibility limitation,55,69,3,Summer
August,2014,"Dry, normal",Strong wind,3,4,0,Summer
August,2014,"Dry, normal",Other,15,22,1,Summer
August,2014,"Dry, normal",Clear and sunny,59,71,2,Summer
August,2014,Wet,Clear and sunny,132,178,3,Summer
August,2014,Wet,"Overcast, cloudy but no precipitation",126,175,4,Summer
August,2014,Wet,Raining,714,960,11,Summer
August,2014,Wet,"Freezing rain, sleet, hail",2,2,0,Summer
August,2014,Wet,Visibility limitation,13,11,3,Summer
August,2014,Wet,Other,1,1,0,Summer
August,2014,Wet,Clear and sunny,2,2,0,Summer
August,2014,Icy,Clear and sunny,1,1,0,Summer
August,2014,Icy,"Snowing, not including drifting snow",1,1,0,Summer
August,2014,Sand/gravel/dirt,Clear and sunny,98,127,7,Summer
August,2014,Sand/gravel/dirt,"Overcast, cloudy but no precipitation",5,4,1,Summer
August,2014,Sand/gravel/dirt,Raining,5,7,0,Summer
August,2014,Sand/gravel/dirt,Visibility limitation,4,8,1,Summer
August,2014,Sand/gravel/dirt,Other,1,1,0,Summer
August,2014,Sand/gravel/dirt,Clear and sunny,4,5,0,Summer
August,2014,Muddy,Clear and sunny,8,14,1,Summer
August,2014,Muddy,Raining,4,5,0,Summer
August,2014,Oil,Clear and sunny,2,2,0,Summer
August,2014,Oil,"Overcast, cloudy but no precipitation",1,1,0,Summer
August,2014,Other,Clear and sunny,32,41,2,Summer
August,2014,Other,"Overcast, cloudy but no precipitation",1,1,0,Summer
August,2014,Other,Raining,4,9,0,Summer
August,2014,Other,Visibility limitation,3,3,0,Summer
August,2014,Other,Other,5,11,0,Summer
August,2014,Wet,Clear and sunny,12,17,2,Summer
August,2014,Wet,"Overcast, cloudy but no precipitation",3,4,0,Summer
August,2014,Wet,Raining,4,6,0,Summer
August,2014,Wet,Other,1,1,0,Summer
August,2014,Wet,Clear and sunny,61,72,3,Summer
August,2015,"Dry, normal",Clear and sunny,8380,11583,143,Summer
August,2015,"Dry, normal","Overcast, cloudy but no precipitation",673,917,16,Summer
August,2015,"Dry, normal",Raining,9,15,0,Summer
August,2015,"Dry, normal","Snowing, not including drifting snow",1,1,0,Summer
August,2015,"Dry, normal",Visibility limitation,58,81,4,Summer
August,2015,"Dry, normal",Strong wind,13,19,0,Summer
August,2015,"Dry, normal",Other,4,4,0,Summer
August,2015,"Dry, normal",Clear and sunny,43,56,0,Summer
August,2015,Wet,Clear and sunny,116,162,0,Summer
August,2015,Wet,"Overcast, cloudy but no precipitation",153,207,0,Summer
August,2015,Wet,Raining,729,1051,19,Summer
August,2015,Wet,"Freezing rain, sleet, hail",2,3,0,Summer
August,2015,Wet,Visibility limitation,18,20,3,Summer
August,2015,Wet,Strong wind,2,2,0,Summer
August,2015,Wet,Other,2,3,0,Summer
August,2015,Wet,Clear and sunny,4,6,0,Summer
August,2015,"Snow (fresh, loose snow)",Clear and sunny,1,1,0,Summer
August,2015,"Snow (fresh, loose snow)","Overcast, cloudy but no precipitation",2,3,0,Summer
August,2015,"Snow (fresh, loose snow)",Raining,1,1,0,Summer
August,2015,"Slush, wet snow",Clear and sunny,2,3,0,Summer
August,2015,Icy,Clear and sunny,1,1,0,Summer
August,2015,Sand/gravel/dirt,Clear and sunny,100,124,2,Summer
August,2015,Sand/gravel/dirt,"Overcast, cloudy but no precipitation",7,13,0,Summer
August,2015,Sand/gravel/dirt,Raining,3,3,0,Summer
August,2015,Sand/gravel/dirt,Visibility limitation,4,5,0,Summer
August,2015,Sand/gravel/dirt,Other,1,1,0,Summer
August,2015,Muddy,Clear and sunny,2,2,0,Summer
August,2015,Muddy,"Overcast, cloudy but no precipitation",3,5,1,Summer
August,2015,Muddy,Raining,4,5,0,Summer
August,2015,Oil,Clear and sunny,5,8,0,Summer
August,2015,Oil,Raining,1,1,0,Summer
August,2015,Flooded,Clear and sunny,1,1,0,Summer
August,2015,Flooded,Raining,2,2,0,Summer
August,2015,Other,Clear and sunny,30,43,1,Summer
August,2015,Other,Raining,1,1,0,Summer
August,2015,Other,Other,4,5,0,Summer
August,2015,Wet,Clear and sunny,13,14,0,Summer
August,2015,Wet,"Overcast, cloudy but no precipitation",2,2,0,Summer
August,2015,Wet,Visibility limitation,1,1,0,Summer
August,2015,Wet,Clear and sunny,58,70,2,Summer
August,2016,"Dry, normal",Clear and sunny,8759,11916,161,Summer
August,2016,"Dry, normal","Overcast, cloudy but no precipitation",581,778,11,Summer
August,2016,"Dry, normal",Raining,6,7,0,Summer
August,2016,"Dry, normal",Visibility limitation,33,40,1,Summer
August,2016,"Dry, normal",Strong wind,4,6,0,Summer
August,2016,"Dry, normal",Other,10,11,0,Summer
August,2016,"Dry, normal",Clear and sunny,48,55,0,Summer
August,2016,Wet,Clear and sunny,137,187,3,Summer
August,2016,Wet,"Overcast, cloudy but no precipitation",117,177,0,Summer
August,2016,Wet,Raining,694,960,8,Summer
August,2016,Wet,"Snowing, not including drifting snow",1,1,0,Summer
August,2016,Wet,Visibility limitation,7,7,1,Summer
August,2016,Wet,Strong wind,1,1,0,Summer
August,2016,Wet,Other,1,2,0,Summer
August,2016,Wet,Clear and sunny,4,4,0,Summer
August,2016,"Snow (fresh, loose snow)",Clear and sunny,2,2,0,Summer
August,2016,"Slush, wet snow",Clear and sunny,1,1,0,Summer
August,2016,Icy,Clear and sunny,2,4,0,Summer
August,2016,Sand/gravel/dirt,Clear and sunny,87,111,2,Summer
August,2016,Sand/gravel/dirt,"Overcast, cloudy but no precipitation",10,18,0,Summer
August,2016,Sand/gravel/dirt,Raining,3,8,0,Summer
August,2016,Sand/gravel/dirt,Visibility limitation,4,5,0,Summer
August,2016,Muddy,Clear and sunny,7,8,0,Summer
August,2016,Muddy,"Overcast, cloudy but no precipitation",2,4,0,Summer
August,2016,Muddy,Raining,11,16,0,Summer
August,2016,Oil,Clear and sunny,6,6,0,Summer
August,2016,Oil,Clear and sunny,1,2,0,Summer
August,2016,Flooded,Clear and sunny,1,1,0,Summer
August,2016,Flooded,Raining,1,1,0,Summer
August,2016,Other,Clear and sunny,28,40,0,Summer
August,2016,Other,"Overcast, cloudy but no precipitation",1,1,0,Summer
August,2016,Other,Raining,6,7,0,Summer
August,2016,Other,Visibility limitation,1,2,0,Summer
August,2016,Other,Strong wind,1,2,0,Summer
August,2016,Other,Other,1,1,0,Summer
August,2016,Wet,Clear and sunny,12,19,0,Summer
August,2016,Wet,"Overcast, cloudy but no precipitation",2,2,0,Summer
August,2016,Wet,Raining,1,3,0,Summer
August,2016,Wet,Other,1,1,0,Summer
August,2016,Wet,Clear and sunny,64,75,1,Summer
August,2017,"Dry, normal",Clear and sunny,8330,11316,157,Summer
August,2017,"Dry, normal","Overcast, cloudy but no precipitation",517,700,9,Summer
August,2017,"Dry, normal",Raining,6,8,0,Summer
August,2017,"Dry, normal","Snowing, not including drifting snow",1,1,0,Summer
August,2017,"Dry, normal",Visibility limitation,127,170,5,Summer
August,2017,"Dry, normal",Strong wind,4,5,0,Summer
August,2017,"Dry, normal",Other,8,9,0,Summer
August,2017,"Dry, normal",Clear and sunny,44,51,3,Summer
August,2017,Wet,Clear and sunny,125,164,6,Summer
August,2017,Wet,"Overcast, cloudy but no precipitation",97,127,1,Summer
August,2017,Wet,Raining,645,877,7,Summer
August,2017,Wet,Visibility limitation,13,19,1,Summer
August,2017,Wet,Other,5,10,0,Summer
August,2017,Wet,Clear and sunny,3,4,0,Summer
August,2017,Icy,Raining,1,1,0,Summer
August,2017,Sand/gravel/dirt,Clear and sunny,88,114,4,Summer
August,2017,Sand/gravel/dirt,"Overcast, cloudy but no precipitation",11,13,0,Summer
August,2017,Sand/gravel/dirt,Visibility limitation,4,6,0,Summer
August,2017,Sand/gravel/dirt,Clear and sunny,2,6,0,Summer
August,2017,Muddy,"Overcast, cloudy but no precipitation",1,1,0,Summer
August,2017,Muddy,Raining,1,1,0,Summer
August,2017,Oil,Clear and sunny,5,6,0,Summer
August,2017,Oil,"Overcast, cloudy but no precipitation",2,2,0,Summer
August,2017,Flooded,Clear and sunny,1,1,0,Summer
August,2017,Other,Clear and sunny,18,25,0,Summer
August,2017,Other,"Overcast, cloudy but no precipitation",1,1,0,Summer
August,2017,Other,Raining,1,1,0,Summer
August,2017,Other,Visibility limitation,1,1,0,Summer
August,2017,Other,Other,1,1,0,Summer
August,2017,Wet,Clear and sunny,14,16,5,Summer
August,2017,Wet,Raining,1,1,0,Summer
August,2017,Wet,Clear and sunny,57,62,5,Summer
August,2018,"Dry, normal",Clear and sunny,7700,10509,158,Summer
August,2018,"Dry, normal","Overcast, cloudy but no precipitation",595,804,10,Summer
August,2018,"Dry, normal",Raining,6,9,0,Summer
August,2018,"Dry, normal","Snowing, not including drifting snow",1,1,0,Summer
August,2018,"Dry, normal",Visibility limitation,202,279,5,Summer
August,2018,"Dry, normal",Strong wind,6,7,0,Summer
August,2018,"Dry, normal",Other,17,21,1,Summer
August,2018,"Dry, normal",Clear and sunny,47,60,4,Summer
August,2018,Wet,Clear and sunny,124,170,5,Summer
August,2018,Wet,"Overcast, cloudy but no precipitation",94,116,2,Summer
August,2018,Wet,Raining,608,847,6,Summer
August,2018,Wet,"Snowing, not including drifting snow",1,1,0,Summer
August,2018,Wet,Visibility limitation,17,34,1,Summer
August,2018,Wet,Strong wind,1,1,0,Summer
August,2018,Wet,Other,4,4,0,Summer
August,2018,Wet,Clear and sunny,5,7,0,Summer
August,2018,"Snow (fresh, loose snow)",Clear and sunny,1,1,0,Summer
August,2018,"Snow (fresh, loose snow)","Overcast, cloudy but no precipitation",1,4,0,Summer
August,2018,"Slush, wet snow",Clear and sunny,1,1,0,Summer
August,2018,Icy,Clear and sunny,1,2,0,Summer
August,2018,Icy,Clear and sunny,2,2,0,Summer
August,2018,Sand/gravel/dirt,Clear and sunny,69,77,2,Summer
August,2018,Sand/gravel/dirt,"Overcast, cloudy but no precipitation",4,5,0,Summer
August,2018,Sand/gravel/dirt,Raining,2,3,0,Summer
August,2018,Muddy,Clear and sunny,2,1,1,Summer
August,2018,Muddy,"Overcast, cloudy but no precipitation",2,3,0,Summer
August,2018,Muddy,Raining,2,3,0,Summer
August,2018,Oil,Clear and sunny,5,5,0,Summer
August,2018,Oil,"Overcast, cloudy but no precipitation",1,1,0,Summer
August,2018,Oil,Raining,1,1,0,Summer
August,2018,Flooded,Raining,2,3,0,Summer
August,2018,Other,Clear and sunny,26,41,3,Summer
August,2018,Other,"Overcast, cloudy but no precipitation",4,3,1,Summer
August,2018,Other,Raining,1,1,0,Summer
August,2018,Other,Visibility limitation,4,6,0,Summer
August,2018,Other,Other,4,4,0,Summer
August,2018,Wet,Clear and sunny,12,13,0,Summer
August,2018,Wet,"Overcast, cloudy but no precipitation",1,1,0,Summer
August,2018,Wet,Raining,1,1,0,Summer
August,2018,Wet,Visibility limitation,1,2,0,Summer
August,2018,Wet,Clear and sunny,57,67,3,Summer
August,2019,"Dry, normal",Clear and sunny,7764,10582,160,Summer
August,2019,"Dry, normal","Overcast, cloudy but no precipitation",492,643,14,Summer
August,2019,"Dry, normal",Raining,10,11,0,Summer
August,2019,"Dry, normal","Snowing, not including drifting snow",1,1,0,Summer
August,2019,"Dry, normal",Visibility limitation,33,42,1,Summer
August,2019,"Dry, normal",Strong wind,10,12,0,Summer
August,2019,"Dry, normal",Other,6,4,2,Summer
August,2019,"Dry, normal",Clear and sunny,36,59,0,Summer
August,2019,Wet,Clear and sunny,99,134,3,Summer
August,2019,Wet,"Overcast, cloudy but no precipitation",112,150,3,Summer
August,2019,Wet,Raining,577,778,6,Summer
August,2019,Wet,"Snowing, not including drifting snow",1,2,0,Summer
August,2019,Wet,"Freezing rain, sleet, hail",1,1,0,Summer
August,2019,Wet,Visibility limitation,12,20,0,Summer
August,2019,Wet,Other,2,3,0,Summer
August,2019,Wet,Clear and sunny,6,7,0,Summer
August,2019,"Snow (fresh, loose snow)","Overcast, cloudy but no precipitation",1,4,0,Summer
August,2019,"Snow (fresh, loose snow)",Clear and sunny,1,1,0,Summer
August,2019,Sand/gravel/dirt,Clear and sunny,54,66,1,Summer
August,2019,Sand/gravel/dirt,"Overcast, cloudy but no precipitation",5,5,0,Summer
August,2019,Sand/gravel/dirt,Raining,3,4,2,Summer
August,2019,Sand/gravel/dirt,Visibility limitation,2,2,0,Summer
August,2019,Muddy,Clear and sunny,2,2,0,Summer
August,2019,Muddy,"Overcast, cloudy but no precipitation",2,9,1,Summer
August,2019,Muddy,Raining,1,1,0,Summer
August,2019,Oil,Clear and sunny,4,7,0,Summer
August,2019,Flooded,Raining,1,1,0,Summer
August,2019,Other,Clear and sunny,26,37,0,Summer
August,2019,Other,"Overcast, cloudy but no precipitation",2,3,0,Summer
August,2019,Other,Raining,1,2,0,Summer
August,2019,Other,Visibility limitation,1,1,0,Summer
August,2019,Other,Other,2,2,0,Summer
August,2019,Other,Clear and sunny,2,1,1,Summer
August,2019,Wet,Clear and sunny,8,9,0,Summer
August,2019,Wet,"Overcast, cloudy but no precipitation",3,4,0,Summer
August,2019,Wet,Visibility limitation,1,1,0,Summer
August,2019,Wet,Strong wind,3,4,0,Summer
August,2019,Wet,Clear and sunny,55,61,5,Summer
August,2020,"Dry, normal",Clear and sunny,6505,8642,165,Summer
August,2020,"Dry, normal","Overcast, cloudy but no precipitation",412,565,13,Summer
August,2020,"Dry, normal",Raining,8,12,0,Summer
August,2020,"Dry, normal","Snowing, not including drifting snow",1,1,0,Summer
August,2020,"Dry, normal",Visibility limitation,27,34,6,Summer
August,2020,"Dry, normal",Strong wind,8,10,0,Summer
August,2020,"Dry, normal",Other,5,4,1,Summer
August,2020,"Dry, normal",Clear and sunny,47,60,2,Summer
August,2020,Wet,Clear and sunny,84,111,2,Summer
August,2020,Wet,"Overcast, cloudy but no precipitation",105,140,3,Summer
August,2020,Wet,Raining,519,686,3,Summer
August,2020,Wet,Visibility limitation,10,12,0,Summer
August,2020,Wet,Strong wind,2,1,2,Summer
August,2020,Wet,Other,2,2,0,Summer
August,2020,Wet,Clear and sunny,4,4,0,Summer
August,2020,"Snow (fresh, loose snow)","Overcast, cloudy but no precipitation",1,4,0,Summer
August,2020,"Snow (fresh, loose snow)",Clear and sunny,1,1,0,Summer
August,2020,"Slush, wet snow",Clear and sunny,1,1,0,Summer
August,2020,Icy,"Overcast, cloudy but no precipitation",1,2,0,Summer
August,2020,Sand/gravel/dirt,Clear and sunny,63,73,6,Summer
August,2020,Sand/gravel/dirt,"Overcast, cloudy but no precipitation",8,11,0,Summer
August,2020,Sand/gravel/dirt,Raining,1,1,0,Summer
August,2020,Sand/gravel/dirt,Visibility limitation,3,3,0,Summer
August,2020,Sand/gravel/dirt,Clear and sunny,1,2,1,Summer
August,2020,Muddy,Clear and sunny,5,5,0,Summer
August,2020,Muddy,"Overcast, cloudy but no precipitation",2,9,1,Summer
August,2020,Muddy,Raining,1,3,0,Summer
August,2020,Muddy,Clear and sunny,1,2,0,Summer
August,2020,Oil,Clear and sunny,2,2,0,Summer
August,2020,Flooded,Raining,1,1,0,Summer
August,2020,Other,Clear and sunny,26,28,1,Summer
August,2020,Other,"Overcast, cloudy but no precipitation",1,1,0,Summer
August,2020,Other,Raining,1,1,0,Summer
August,2020,Other,"Freezing rain, sleet, hail",1,2,0,Summer
August,2020,Other,Visibility limitation,1,1,0,Summer
August,2020,Other,Clear and sunny,1,1,0,Summer
August,2020,Wet,Clear and sunny,8,7,1,Summer
August,2020,Wet,"Overcast, cloudy but no precipitation",4,4,1,Summer
August,2020,Wet,Raining,2,3,0,Summer
August,2020,Wet,Strong wind,1,1,0,Summer
August,2020,Wet,Clear and sunny,41,47,4,Summer
August,2021,"Dry, normal",Clear and sunny,6860,9061,178,Summer
August,2021,"Dry, normal","Overcast, cloudy but no precipitation",447,586,9,Summer
August,2021,"Dry, normal",Raining,12,16,0,Summer
August,2021,"Dry, normal",Visibility limitation,47,68,2,Summer
August,2021,"Dry, normal",Strong wind,11,14,0,Summer
August,2021,"Dry, normal",Other,2,1,1,Summer
August,2021,"Dry, normal",Clear and sunny,52,68,0,Summer
August,2021,Wet,Clear and sunny,70,84,1,Summer
August,2021,Wet,"Overcast, cloudy but no precipitation",104,136,3,Summer
August,2021,Wet,Raining,477,648,9,Summer
August,2021,Wet,"Freezing rain, sleet, hail",2,3,0,Summer
August,2021,Wet,Visibility limitation,6,6,1,Summer
August,2021,Wet,Strong wind,1,1,0,Summer
August,2021,Wet,Other,3,5,0,Summer
August,2021,Wet,Clear and sunny,5,5,0,Summer
August,2021,"Snow (fresh, loose snow)",Clear and sunny,1,1,0,Summer
August,2021,Sand/gravel/dirt,Clear and sunny,60,71,1,Summer
August,2021,Sand/gravel/dirt,"Overcast, cloudy but no precipitation",12,13,1,Summer
August,2021,Sand/gravel/dirt,Raining,2,3,0,Summer
August,2021,Sand/gravel/dirt,Other,1,1,0,Summer
August,2021,Sand/gravel/dirt,Clear and sunny,3,3,0,Summer
August,2021,Muddy,Clear and sunny,4,4,0,Summer
August,2021,Muddy,"Overcast, cloudy but no precipitation",3,9,1,Summer
August,2021,Muddy,Raining,1,1,0,Summer
August,2021,Muddy,Clear and sunny,1,1,0,Summer
August,2021,Oil,Clear and sunny,1,1,0,Summer
August,2021,Oil,Clear and sunny,1,1,0,Summer
August,2021,Flooded,Clear and sunny,1,1,0,Summer
August,2021,Other,Clear and sunny,35,47,2,Summer
August,2021,Other,"Overcast, cloudy but no precipitation",1,1,0,Summer
August,2021,Other,Raining,1,1,0,Summer
August,2021,Other,Visibility limitation,2,4,0,Summer
August,2021,Wet,Clear and sunny,14,19,0,Summer
August,2021,Wet,"Overcast, cloudy but no precipitation",6,7,0,Summer
August,2021,Wet,Raining,2,3,0,Summer
August,2021,Wet,Visibility limitation,1,1,1,Summer
August,2021,Wet,Clear and sunny,56,58,10,Summer
September,2010,"Dry, normal",Clear and sunny,7079,9619,126,Fall
September,2010,"Dry, normal","Overcast, cloudy but no precipitation",1013,1363,25,Fall
September,2010,"Dry, normal",Raining,16,27,0,Fall
September,2010,"Dry, normal",Visibility limitation,44,65,0,Fall
September,2010,"Dry, normal",Strong wind,14,21,0,Fall
September,2010,"Dry, normal",Other,13,15,0,Fall
September,2010,"Dry, normal",Clear and sunny,30,38,2,Fall
September,2010,Wet,Clear and sunny,273,396,5,Fall
September,2010,Wet,"Overcast, cloudy but no precipitation",348,461,4,Fall
September,2010,Wet,Raining,1958,2654,23,Fall
September,2010,Wet,"Snowing, not including drifting snow",5,10,0,Fall
September,2010,Wet,"Freezing rain, sleet, hail",3,3,0,Fall
September,2010,Wet,Visibility limitation,39,52,2,Fall
September,2010,Wet,Strong wind,2,3,0,Fall
September,2010,Wet,Other,5,8,0,Fall
September,2010,Wet,Clear and sunny,8,8,0,Fall
September,2010,"Snow (fresh, loose snow)",Clear and sunny,2,2,0,Fall
September,2010,"Snow (fresh, loose snow)","Overcast, cloudy but no precipitation",1,1,0,Fall
September,2010,"Snow (fresh, loose snow)",Raining,1,1,0,Fall
September,2010,"Snow (fresh, loose snow)","Snowing, not including drifting snow",2,3,0,Fall
September,2010,"Slush, wet snow",Clear and sunny,2,5,0,Fall
September,2010,"Slush, wet snow","Freezing rain, sleet, hail",1,2,0,Fall
September,2010,Icy,Clear and sunny,1,1,0,Fall
September,2010,Icy,"Overcast, cloudy but no precipitation",1,1,0,Fall
September,2010,Icy,"Snowing, not including drifting snow",3,7,0,Fall
September,2010,Icy,"Freezing rain, sleet, hail",2,3,0,Fall
September,2010,Sand/gravel/dirt,Clear and sunny,61,79,3,Fall
September,2010,Sand/gravel/dirt,"Overcast, cloudy but no precipitation",13,17,0,Fall
September,2010,Sand/gravel/dirt,Raining,7,10,0,Fall
September,2010,Sand/gravel/dirt,Visibility limitation,3,4,0,Fall
September,2010,Sand/gravel/dirt,Strong wind,1,3,0,Fall
September,2010,Muddy,Clear and sunny,10,12,0,Fall
September,2010,Muddy,"Overcast, cloudy but no precipitation",3,3,0,Fall
September,2010,Muddy,Raining,7,13,1,Fall
September,2010,Muddy,Visibility limitation,1,2,0,Fall
September,2010,Muddy,Clear and sunny,1,1,0,Fall
September,2010,Oil,Clear and sunny,2,3,0,Fall
September,2010,Flooded,Raining,1,1,0,Fall
September,2010,Other,Clear and sunny,26,29,1,Fall
September,2010,Other,"Overcast, cloudy but no precipitation",2,2,0,Fall
September,2010,Other,Raining,3,4,0,Fall
September,2010,Other,"Snowing, not including drifting snow",1,2,0,Fall
September,2010,Other,Other,4,4,0,Fall
September,2010,Wet,Clear and sunny,50,57,0,Fall
September,2010,Wet,"Overcast, cloudy but no precipitation",2,2,0,Fall
September,2010,Wet,Raining,9,11,0,Fall
September,2010,Wet,Visibility limitation,1,1,0,Fall
September,2010,Wet,Other,2,2,0,Fall
September,2010,Wet,Clear and sunny,121,145,0,Fall
September,2011,"Dry, normal",Clear and sunny,8194,10932,152,Fall
September,2011,"Dry, normal","Overcast, cloudy but no precipitation",734,987,15,Fall
September,2011,"Dry, normal",Raining,10,11,0,Fall
September,2011,"Dry, normal","Snowing, not including drifting snow",1,1,0,Fall
September,2011,"Dry, normal",Visibility limitation,60,69,1,Fall
September,2011,"Dry, normal",Strong wind,7,9,0,Fall
September,2011,"Dry, normal",Other,12,15,0,Fall
September,2011,"Dry, normal",Clear and sunny,66,79,1,Fall
September,2011,Wet,Clear and sunny,191,261,3,Fall
September,2011,Wet,"Overcast, cloudy but no precipitation",179,238,4,Fall
September,2011,Wet,Raining,1256,1681,12,Fall
September,2011,Wet,"Snowing, not including drifting snow",2,4,0,Fall
September,2011,Wet,"Freezing rain, sleet, hail",3,3,0,Fall
September,2011,Wet,Visibility limitation,27,40,2,Fall
September,2011,Wet,Strong wind,2,3,0,Fall
September,2011,Wet,Other,8,13,0,Fall
September,2011,Wet,Clear and sunny,1,1,0,Fall
September,2011,"Snow (fresh, loose snow)","Overcast, cloudy but no precipitation",1,1,0,Fall
September,2011,"Snow (fresh, loose snow)","Snowing, not including drifting snow",1,1,0,Fall
September,2011,"Slush, wet snow",Clear and sunny,2,5,0,Fall
September,2011,"Slush, wet snow","Snowing, not including drifting snow",1,2,0,Fall
September,2011,Icy,"Freezing rain, sleet, hail",1,1,0,Fall
September,2011,Sand/gravel/dirt,Clear and sunny,115,154,2,Fall
September,2011,Sand/gravel/dirt,"Overcast, cloudy but no precipitation",16,17,2,Fall
September,2011,Sand/gravel/dirt,Raining,1,1,0,Fall
September,2011,Sand/gravel/dirt,Visibility limitation,3,8,0,Fall
September,2011,Sand/gravel/dirt,Strong wind,1,2,0,Fall
September,2011,Sand/gravel/dirt,Other,1,1,0,Fall
September,2011,Sand/gravel/dirt,Clear and sunny,3,4,0,Fall
September,2011,Muddy,Clear and sunny,8,8,2,Fall
September,2011,Muddy,"Overcast, cloudy but no precipitation",3,3,0,Fall
September,2011,Muddy,Raining,3,5,0,Fall
September,2011,Muddy,Visibility limitation,1,5,0,Fall
September,2011,Oil,Clear and sunny,3,3,0,Fall
September,2011,Oil,"Overcast, cloudy but no precipitation",2,2,0,Fall
September,2011,Oil,Raining,1,1,0,Fall
September,2011,Other,Clear and sunny,41,56,6,Fall
September,2011,Other,"Overcast, cloudy but no precipitation",1,1,0,Fall
September,2011,Other,Raining,3,3,0,Fall
September,2011,Other,"Snowing, not including drifting snow",1,1,0,Fall
September,2011,Other,Visibility limitation,1,1,0,Fall
September,2011,Other,Clear and sunny,1,1,0,Fall
September,2011,Wet,Clear and sunny,10,13,0,Fall
September,2011,Wet,"Overcast, cloudy but no precipitation",6,9,0,Fall
September,2011,Wet,Other,2,2,0,Fall
September,2011,Wet,Clear and sunny,69,79,0,Fall
September,2012,"Dry, normal",Clear and sunny,8474,11218,153,Fall
September,2012,"Dry, normal","Overcast, cloudy but no precipitation",656,908,9,Fall
September,2012,"Dry, normal",Raining,5,5,1,Fall
September,2012,"Dry, normal","Snowing, not including drifting snow",1,4,0,Fall
September,2012,"Dry, normal",Visibility limitation,41,52,4,Fall
September,2012,"Dry, normal",Strong wind,17,21,2,Fall
September,2012,"Dry, normal",Other,9,10,1,Fall
September,2012,"Dry, normal",Clear and sunny,74,89,0,Fall
September,2012,Wet,Clear and sunny,161,220,2,Fall
September,2012,Wet,"Overcast, cloudy but no precipitation",123,162,0,Fall
September,2012,Wet,Raining,1093,1481,16,Fall
September,2012,Wet,"Snowing, not including drifting snow",3,6,0,Fall
September,2012,Wet,"Freezing rain, sleet, hail",4,7,0,Fall
September,2012,Wet,Visibility limitation,26,43,2,Fall
September,2012,Wet,Strong wind,2,3,1,Fall
September,2012,Wet,Other,2,2,0,Fall
September,2012,Wet,Clear and sunny,2,3,0,Fall
September,2012,"Snow (fresh, loose snow)",Clear and sunny,1,4,0,Fall
September,2012,"Slush, wet snow",Clear and sunny,2,5,0,Fall
September,2012,Icy,"Snowing, not including drifting snow",1,1,0,Fall
September,2012,Icy,Visibility limitation,1,2,0,Fall
September,2012,Sand/gravel/dirt,Clear and sunny,101,135,3,Fall
September,2012,Sand/gravel/dirt,"Overcast, cloudy but no precipitation",11,13,1,Fall
September,2012,Sand/gravel/dirt,Raining,2,2,0,Fall
September,2012,Sand/gravel/dirt,Visibility limitation,3,9,0,Fall
September,2012,Sand/gravel/dirt,Clear and sunny,1,1,0,Fall
September,2012,Muddy,Clear and sunny,2,2,0,Fall
September,2012,Muddy,"Overcast, cloudy but no precipitation",1,1,0,Fall
September,2012,Muddy,Raining,3,14,0,Fall
September,2012,Oil,Clear and sunny,2,3,0,Fall
September,2012,Oil,"Overcast, cloudy but no precipitation",1,1,0,Fall
September,2012,Oil,Raining,2,2,0,Fall
September,2012,Flooded,Raining,3,5,0,Fall
September,2012,Other,Clear and sunny,38,49,1,Fall
September,2012,Other,Raining,3,3,0,Fall
September,2012,Other,"Freezing rain, sleet, hail",1,1,0,Fall
September,2012,Other,Visibility limitation,2,2,0,Fall
September,2012,Other,Other,3,3,0,Fall
September,2012,Wet,Clear and sunny,12,20,0,Fall
September,2012,Wet,"Overcast, cloudy but no precipitation",4,5,0,Fall
September,2012,Wet,Clear and sunny,81,96,3,Fall
September,2013,"Dry, normal",Clear and sunny,8182,10949,145,Fall
September,2013,"Dry, normal","Overcast, cloudy but no precipitation",775,1036,11,Fall
September,2013,"Dry, normal",Raining,11,14,0,Fall
September,2013,"Dry, normal","Snowing, not including drifting snow",1,1,0,Fall
September,2013,"Dry, normal",Visibility limitation,66,86,3,Fall
September,2013,"Dry, normal",Strong wind,4,5,0,Fall
September,2013,"Dry, normal",Other,14,17,1,Fall
September,2013,"Dry, normal",Clear and sunny,41,51,1,Fall
September,2013,Wet,Clear and sunny,156,216,4,Fall
September,2013,Wet,"Overcast, cloudy but no precipitation",212,292,2,Fall
September,2013,Wet,Raining,1175,1631,21,Fall
September,2013,Wet,"Freezing rain, sleet, hail",1,0,1,Fall
September,2013,Wet,Visibility limitation,29,44,0,Fall
September,2013,Wet,Other,1,2,0,Fall
September,2013,Wet,Clear and sunny,3,3,0,Fall
September,2013,"Snow (fresh, loose snow)",Clear and sunny,3,4,0,Fall
September,2013,"Slush, wet snow",Clear and sunny,1,4,0,Fall
September,2013,"Slush, wet snow","Overcast, cloudy but no precipitation",3,4,0,Fall
September,2013,"Slush, wet snow","Snowing, not including drifting snow",1,1,0,Fall
September,2013,Icy,Clear and sunny,1,1,0,Fall
September,2013,Icy,"Freezing rain, sleet, hail",1,1,0,Fall
September,2013,Sand/gravel/dirt,Clear and sunny,70,88,1,Fall
September,2013,Sand/gravel/dirt,"Overcast, cloudy but no precipitation",6,10,0,Fall
September,2013,Sand/gravel/dirt,Raining,2,2,0,Fall
September,2013,Sand/gravel/dirt,Visibility limitation,5,10,0,Fall
September,2013,Sand/gravel/dirt,Clear and sunny,2,3,0,Fall
September,2013,Muddy,Clear and sunny,2,2,0,Fall
September,2013,Muddy,"Overcast, cloudy but no precipitation",5,5,0,Fall
September,2013,Muddy,Raining,1,2,0,Fall
September,2013,Oil,Clear and sunny,5,6,0,Fall
September,2013,Oil,Raining,2,2,0,Fall
September,2013,Other,Clear and sunny,33,40,3,Fall
September,2013,Other,Raining,3,3,1,Fall
September,2013,Other,Visibility limitation,1,2,1,Fall
September,2013,Other,Clear and sunny,2,2,0,Fall
September,2013,Wet,Clear and sunny,12,14,0,Fall
September,2013,Wet,"Overcast, cloudy but no precipitation",7,9,0,Fall
September,2013,Wet,Visibility limitation,1,1,0,Fall
September,2013,Wet,Clear and sunny,86,100,6,Fall
September,2014,"Dry, normal",Clear and sunny,7961,10606,127,Fall
September,2014,"Dry, normal","Overcast, cloudy but no precipitation",729,926,14,Fall
September,2014,"Dry, normal",Raining,14,16,0,Fall
September,2014,"Dry, normal",Visibility limitation,54,69,3,Fall
September,2014,"Dry, normal",Strong wind,4,3,1,Fall
September,2014,"Dry, normal",Other,6,7,0,Fall
September,2014,"Dry, normal",Clear and sunny,57,69,0,Fall
September,2014,Wet,Clear and sunny,166,199,14,Fall
September,2014,Wet,"Overcast, cloudy but no precipitation",196,264,1,Fall
September,2014,Wet,Raining,1010,1360,18,Fall
September,2014,Wet,"Snowing, not including drifting snow",10,13,0,Fall
September,2014,Wet,"Freezing rain, sleet, hail",4,4,0,Fall
September,2014,Wet,Visibility limitation,20,26,0,Fall
September,2014,Wet,Strong wind,2,5,0,Fall
September,2014,Wet,Other,3,3,0,Fall
September,2014,Wet,Clear and sunny,5,6,0,Fall
September,2014,"Snow (fresh, loose snow)",Clear and sunny,2,2,0,Fall
September,2014,"Slush, wet snow",Clear and sunny,2,5,0,Fall
September,2014,"Slush, wet snow","Overcast, cloudy but no precipitation",1,1,0,Fall
September,2014,"Slush, wet snow","Snowing, not including drifting snow",1,1,0,Fall
September,2014,Icy,Clear and sunny,2,6,0,Fall
September,2014,Icy,Raining,1,1,0,Fall
September,2014,Icy,Visibility limitation,1,1,0,Fall
September,2014,Sand/gravel/dirt,Clear and sunny,67,90,2,Fall
September,2014,Sand/gravel/dirt,"Overcast, cloudy but no precipitation",8,12,0,Fall
September,2014,Sand/gravel/dirt,Raining,3,7,0,Fall
September,2014,Sand/gravel/dirt,Clear and sunny,2,3,0,Fall
September,2014,Muddy,Clear and sunny,12,16,0,Fall
September,2014,Muddy,Raining,2,2,0,Fall
September,2014,Muddy,"Snowing, not including drifting snow",1,1,0,Fall
September,2014,Oil,Clear and sunny,7,9,0,Fall
September,2014,Oil,Raining,1,4,0,Fall
September,2014,Flooded,Raining,1,2,1,Fall
September,2014,Other,Clear and sunny,35,43,0,Fall
September,2014,Other,"Overcast, cloudy but no precipitation",1,1,0,Fall
September,2014,Other,Raining,5,7,0,Fall
September,2014,Other,"Snowing, not including drifting snow",19,24,2,Fall
September,2014,Other,"Freezing rain, sleet, hail",2,3,0,Fall
September,2014,Other,Visibility limitation,3,6,0,Fall
September,2014,Other,Other,5,8,1,Fall
September,2014,Wet,Clear and sunny,18,23,2,Fall
September,2014,Wet,"Overcast, cloudy but no precipitation",4,6,0,Fall
September,2014,Wet,Other,1,1,0,Fall
September,2014,Wet,Clear and sunny,55,64,1,Fall
September,2015,"Dry, normal",Clear and sunny,7956,10509,154,Fall
September,2015,"Dry, normal","Overcast, cloudy but no precipitation",597,794,11,Fall
September,2015,"Dry, normal",Raining,9,9,0,Fall
September,2015,"Dry, normal",Visibility limitation,48,63,2,Fall
September,2015,"Dry, normal",Strong wind,5,5,0,Fall
September,2015,"Dry, normal",Other,9,11,1,Fall
September,2015,"Dry, normal",Clear and sunny,60,68,2,Fall
September,2015,Wet,Clear and sunny,122,168,2,Fall
September,2015,Wet,"Overcast, cloudy but no precipitation",169,225,0,Fall
September,2015,Wet,Raining,1065,1415,10,Fall
September,2015,Wet,"Freezing rain, sleet, hail",3,4,1,Fall
September,2015,Wet,Visibility limitation,17,22,1,Fall
September,2015,Wet,Strong wind,2,3,0,Fall
September,2015,Wet,Other,2,2,0,Fall
September,2015,Wet,Clear and sunny,7,9,0,Fall
September,2015,"Snow (fresh, loose snow)",Clear and sunny,1,1,0,Fall
September,2015,"Snow (fresh, loose snow)",Raining,1,1,0,Fall
September,2015,Icy,Clear and sunny,3,4,0,Fall
September,2015,Icy,"Freezing rain, sleet, hail",1,1,0,Fall
September,2015,Icy,Clear and sunny,1,1,0,Fall
September,2015,Sand/gravel/dirt,Clear and sunny,62,83,2,Fall
September,2015,Sand/gravel/dirt,"Overcast, cloudy but no precipitation",10,13,2,Fall
September,2015,Sand/gravel/dirt,Visibility limitation,7,10,1,Fall
September,2015,Sand/gravel/dirt,Strong wind,1,1,0,Fall
September,2015,Sand/gravel/dirt,Clear and sunny,1,1,0,Fall
September,2015,Muddy,Clear and sunny,6,6,0,Fall
September,2015,Muddy,Raining,7,10,0,Fall
September,2015,Oil,Clear and sunny,3,3,0,Fall
September,2015,Oil,"Overcast, cloudy but no precipitation",1,1,0,Fall
September,2015,Flooded,Raining,2,2,0,Fall
September,2015,Flooded,Other,1,1,0,Fall
September,2015,Other,Clear and sunny,25,30,1,Fall
September,2015,Other,"Overcast, cloudy but no precipitation",2,2,0,Fall
September,2015,Other,"Freezing rain, sleet, hail",1,1,0,Fall
September,2015,Other,Visibility limitation,2,2,0,Fall
September,2015,Other,Other,1,0,1,Fall
September,2015,Wet,Clear and sunny,14,15,1,Fall
September,2015,Wet,"Overcast, cloudy but no precipitation",2,2,0,Fall
September,2015,Wet,Strong wind,1,1,0,Fall
September,2015,Wet,Other,1,2,0,Fall
September,2015,Wet,Clear and sunny,72,85,0,Fall
September,2016,"Dry, normal",Clear and sunny,8221,10983,130,Fall
September,2016,"Dry, normal","Overcast, cloudy but no precipitation",633,841,9,Fall
September,2016,"Dry, normal",Raining,14,19,0,Fall
September,2016,"Dry, normal","Freezing rain, sleet, hail",1,1,0,Fall
September,2016,"Dry, normal",Visibility limitation,36,49,1,Fall
September,2016,"Dry, normal",Strong wind,12,15,0,Fall
September,2016,"Dry, normal",Other,10,13,0,Fall
September,2016,"Dry, normal",Clear and sunny,77,98,1,Fall
September,2016,Wet,Clear and sunny,146,207,2,Fall
September,2016,Wet,"Overcast, cloudy but no precipitation",183,278,2,Fall
September,2016,Wet,Raining,935,1297,20,Fall
September,2016,Wet,"Snowing, not including drifting snow",2,2,0,Fall
September,2016,Wet,"Freezing rain, sleet, hail",2,2,0,Fall
September,2016,Wet,Visibility limitation,32,43,2,Fall
September,2016,Wet,Strong wind,1,1,0,Fall
September,2016,Wet,Other,5,11,0,Fall
September,2016,Wet,Clear and sunny,4,4,0,Fall
September,2016,"Snow (fresh, loose snow)",Clear and sunny,1,1,1,Fall
September,2016,"Snow (fresh, loose snow)","Snowing, not including drifting snow",2,2,0,Fall
September,2016,"Slush, wet snow","Snowing, not including drifting snow",1,2,0,Fall
September,2016,"Slush, wet snow","Freezing rain, sleet, hail",1,1,0,Fall
September,2016,Icy,Clear and sunny,2,3,0,Fall
September,2016,Sand/gravel/dirt,Clear and sunny,65,80,2,Fall
September,2016,Sand/gravel/dirt,"Overcast, cloudy but no precipitation",13,13,2,Fall
September,2016,Sand/gravel/dirt,Raining,6,8,2,Fall
September,2016,Sand/gravel/dirt,Visibility limitation,3,3,0,Fall
September,2016,Sand/gravel/dirt,Clear and sunny,2,7,0,Fall
September,2016,Muddy,Clear and sunny,4,7,0,Fall
September,2016,Muddy,"Overcast, cloudy but no precipitation",2,2,0,Fall
September,2016,Muddy,Raining,6,6,0,Fall
September,2016,Oil,Clear and sunny,8,12,0,Fall
September,2016,Oil,Raining,2,3,0,Fall
September,2016,Flooded,Raining,5,7,0,Fall
September,2016,Other,Clear and sunny,34,43,2,Fall
September,2016,Other,"Overcast, cloudy but no precipitation",1,2,0,Fall
September,2016,Other,Raining,2,4,0,Fall
September,2016,Other,"Freezing rain, sleet, hail",1,1,0,Fall
September,2016,Other,Visibility limitation,1,1,0,Fall
September,2016,Other,Other,3,3,0,Fall
September,2016,Wet,Clear and sunny,11,16,0,Fall
September,2016,Wet,"Overcast, cloudy but no precipitation",4,4,0,Fall
September,2016,Wet,Clear and sunny,80,93,1,Fall
September,2017,"Dry, normal",Clear and sunny,8342,11150,149,Fall
September,2017,"Dry, normal","Overcast, cloudy but no precipitation",582,763,10,Fall
September,2017,"Dry, normal",Raining,6,7,0,Fall
September,2017,"Dry, normal",Visibility limitation,77,88,3,Fall
September,2017,"Dry, normal",Strong wind,2,3,0,Fall
September,2017,"Dry, normal",Other,14,16,0,Fall
September,2017,"Dry, normal",Clear and sunny,33,44,2,Fall
September,2017,Wet,Clear and sunny,125,169,2,Fall
September,2017,Wet,"Overcast, cloudy but no precipitation",139,183,3,Fall
September,2017,Wet,Raining,751,1033,9,Fall
September,2017,Wet,"Freezing rain, sleet, hail",1,1,0,Fall
September,2017,Wet,Visibility limitation,19,19,2,Fall
September,2017,Wet,Strong wind,2,2,0,Fall
September,2017,Wet,Clear and sunny,5,5,0,Fall
September,2017,"Snow (fresh, loose snow)",Clear and sunny,1,1,0,Fall
September,2017,"Slush, wet snow",Clear and sunny,1,4,0,Fall
September,2017,Icy,Clear and sunny,1,2,0,Fall
September,2017,Icy,Raining,1,2,0,Fall
September,2017,Sand/gravel/dirt,Clear and sunny,65,77,1,Fall
September,2017,Sand/gravel/dirt,"Overcast, cloudy but no precipitation",6,9,0,Fall
September,2017,Sand/gravel/dirt,Raining,2,2,0,Fall
September,2017,Sand/gravel/dirt,Visibility limitation,1,1,0,Fall
September,2017,Sand/gravel/dirt,Clear and sunny,2,7,0,Fall
September,2017,Muddy,Clear and sunny,4,5,0,Fall
September,2017,Muddy,"Overcast, cloudy but no precipitation",2,2,0,Fall
September,2017,Muddy,Raining,2,2,0,Fall
September,2017,Oil,Clear and sunny,4,5,0,Fall
September,2017,Flooded,Raining,1,1,0,Fall
September,2017,Other,Clear and sunny,26,29,2,Fall
September,2017,Other,Raining,1,1,0,Fall
September,2017,Other,"Snowing, not including drifting snow",1,2,0,Fall
September,2017,Other,"Freezing rain, sleet, hail",1,1,0,Fall
September,2017,Other,Visibility limitation,3,3,0,Fall
September,2017,Other,Strong wind,1,4,0,Fall
September,2017,Other,Other,2,2,0,Fall
September,2017,Other,Clear and sunny,1,1,0,Fall
September,2017,Wet,Clear and sunny,11,12,0,Fall
September,2017,Wet,"Overcast, cloudy but no precipitation",4,9,0,Fall
September,2017,Wet,Visibility limitation,1,2,0,Fall
September,2017,Wet,Strong wind,1,2,0,Fall
September,2017,Wet,Clear and sunny,70,90,1,Fall
September,2018,"Dry, normal",Clear and sunny,6962,9317,124,Fall
September,2018,"Dry, normal","Overcast, cloudy but no precipitation",727,970,11,Fall
September,2018,"Dry, normal",Raining,12,13,0,Fall
September,2018,"Dry, normal","Snowing, not including drifting snow",3,4,0,Fall
September,2018,"Dry, normal",Visibility limitation,49,73,2,Fall
September,2018,"Dry, normal",Strong wind,5,7,0,Fall
September,2018,"Dry, normal",Other,6,7,0,Fall
September,2018,"Dry, normal",Clear and sunny,41,65,0,Fall
September,2018,Wet,Clear and sunny,179,238,0,Fall
September,2018,Wet,"Overcast, cloudy but no precipitation",247,332,1,Fall
September,2018,Wet,Raining,1142,1547,26,Fall
September,2018,Wet,"Snowing, not including drifting snow",40,52,0,Fall
September,2018,Wet,"Freezing rain, sleet, hail",10,12,1,Fall
September,2018,Wet,Visibility limitation,37,43,2,Fall
September,2018,Wet,Strong wind,6,10,0,Fall
September,2018,Wet,Other,3,3,0,Fall
September,2018,Wet,Clear and sunny,11,13,1,Fall
September,2018,"Snow (fresh, loose snow)","Overcast, cloudy but no precipitation",2,5,0,Fall
September,2018,"Snow (fresh, loose snow)",Raining,2,3,0,Fall
September,2018,"Snow (fresh, loose snow)","Snowing, not including drifting snow",5,6,0,Fall
September,2018,"Snow (fresh, loose snow)","Freezing rain, sleet, hail",1,3,0,Fall
September,2018,"Slush, wet snow","Snowing, not including drifting snow",1,1,0,Fall
September,2018,"Slush, wet snow","Freezing rain, sleet, hail",3,4,0,Fall
September,2018,Icy,Clear and sunny,3,7,0,Fall
September,2018,Icy,"Snowing, not including drifting snow",2,2,0,Fall
September,2018,Sand/gravel/dirt,Clear and sunny,47,56,0,Fall
September,2018,Sand/gravel/dirt,"Overcast, cloudy but no precipitation",7,7,0,Fall
September,2018,Sand/gravel/dirt,Visibility limitation,2,6,0,Fall
September,2018,Sand/gravel/dirt,Clear and sunny,1,1,0,Fall
September,2018,Muddy,Clear and sunny,2,3,0,Fall
September,2018,Muddy,"Overcast, cloudy but no precipitation",5,5,0,Fall
September,2018,Muddy,Raining,2,3,0,Fall
September,2018,Muddy,"Snowing, not including drifting snow",1,2,0,Fall
September,2018,Muddy,Clear and sunny,1,1,0,Fall
September,2018,Oil,Clear and sunny,6,7,0,Fall
September,2018,Oil,Raining,1,2,0,Fall
September,2018,Oil,Strong wind,1,1,0,Fall
September,2018,Flooded,Raining,4,6,0,Fall
September,2018,Other,Clear and sunny,24,33,0,Fall
September,2018,Other,Raining,6,9,0,Fall
September,2018,Other,"Snowing, not including drifting snow",36,42,1,Fall
September,2018,Other,"Freezing rain, sleet, hail",4,4,0,Fall
September,2018,Other,Visibility limitation,3,8,0,Fall
September,2018,Other,Strong wind,1,1,0,Fall
September,2018,Other,Other,3,3,0,Fall
September,2018,Other,Clear and sunny,1,1,0,Fall
September,2018,Wet,Clear and sunny,13,16,0,Fall
September,2018,Wet,"Overcast, cloudy but no precipitation",3,4,0,Fall
September,2018,Wet,Raining,2,2,0,Fall
September,2018,Wet,Strong wind,3,2,1,Fall
September,2018,Wet,Other,1,1,0,Fall
September,2018,Wet,Clear and sunny,63,73,2,Fall
September,2019,"Dry, normal",Clear and sunny,6560,8607,122,Fall
September,2019,"Dry, normal","Overcast, cloudy but no precipitation",692,944,8,Fall
September,2019,"Dry, normal",Raining,10,13,0,Fall
September,2019,"Dry, normal","Snowing, not including drifting snow",1,1,0,Fall
September,2019,"Dry, normal",Visibility limitation,35,58,4,Fall
September,2019,"Dry, normal",Strong wind,6,7,0,Fall
September,2019,"Dry, normal",Other,8,8,0,Fall
September,2019,"Dry, normal",Clear and sunny,44,57,0,Fall
September,2019,Wet,Clear and sunny,157,207,3,Fall
September,2019,Wet,"Overcast, cloudy but no precipitation",219,278,2,Fall
September,2019,Wet,Raining,1072,1413,21,Fall
September,2019,Wet,"Snowing, not including drifting snow",9,10,0,Fall
September,2019,Wet,"Freezing rain, sleet, hail",2,4,0,Fall
September,2019,Wet,Visibility limitation,21,26,0,Fall
September,2019,Wet,Other,5,7,0,Fall
September,2019,Wet,Clear and sunny,9,11,0,Fall
September,2019,"Snow (fresh, loose snow)","Snowing, not including drifting snow",2,2,0,Fall
September,2019,"Slush, wet snow",Clear and sunny,1,1,0,Fall
September,2019,"Slush, wet snow","Snowing, not including drifting snow",5,9,0,Fall
September,2019,"Slush, wet snow","Freezing rain, sleet, hail",2,2,0,Fall
September,2019,Icy,Clear and sunny,1,2,0,Fall
September,2019,Icy,Clear and sunny,1,4,0,Fall
September,2019,Sand/gravel/dirt,Clear and sunny,42,48,1,Fall
September,2019,Sand/gravel/dirt,"Overcast, cloudy but no precipitation",11,13,0,Fall
September,2019,Sand/gravel/dirt,Raining,1,1,0,Fall
September,2019,Sand/gravel/dirt,Clear and sunny,1,0,1,Fall
September,2019,Muddy,Clear and sunny,4,4,0,Fall
September,2019,Muddy,"Overcast, cloudy but no precipitation",3,3,0,Fall
September,2019,Muddy,Raining,3,3,0,Fall
September,2019,Muddy,Visibility limitation,1,1,0,Fall
September,2019,Muddy,Clear and sunny,1,1,0,Fall
September,2019,Oil,Clear and sunny,8,9,0,Fall
September,2019,Oil,Raining,1,2,0,Fall
September,2019,Flooded,Raining,4,6,0,Fall
September,2019,Other,Clear and sunny,23,27,1,Fall
September,2019,Other,Raining,1,1,0,Fall
September,2019,Other,"Snowing, not including drifting snow",36,49,0,Fall
September,2019,Other,Other,2,2,1,Fall
September,2019,Other,Clear and sunny,3,3,0,Fall
September,2019,Wet,Clear and sunny,12,14,0,Fall
September,2019,Wet,"Overcast, cloudy but no precipitation",2,2,0,Fall
September,2019,Wet,Raining,3,3,0,Fall
September,2019,Wet,Strong wind,1,1,0,Fall
September,2019,Wet,Clear and sunny,67,74,4,Fall
September,2020,"Dry, normal",Clear and sunny,5770,7512,147,Fall
September,2020,"Dry, normal","Overcast, cloudy but no precipitation",570,744,10,Fall
September,2020,"Dry, normal",Raining,7,9,0,Fall
September,2020,"Dry, normal","Snowing, not including drifting snow",1,1,0,Fall
September,2020,"Dry, normal",Visibility limitation,29,41,1,Fall
September,2020,"Dry, normal",Strong wind,9,10,0,Fall
September,2020,"Dry, normal",Other,6,6,0,Fall
September,2020,"Dry, normal",Clear and sunny,58,69,2,Fall
September,2020,Wet,Clear and sunny,98,121,4,Fall
September,2020,Wet,"Overcast, cloudy but no precipitation",148,185,3,Fall
September,2020,Wet,Raining,642,853,16,Fall
September,2020,Wet,"Freezing rain, sleet, hail",1,1,0,Fall
September,2020,Wet,Visibility limitation,19,28,0,Fall
September,2020,Wet,Other,3,4,0,Fall
September,2020,Wet,Clear and sunny,5,11,0,Fall
September,2020,"Snow (fresh, loose snow)","Snowing, not including drifting snow",2,2,0,Fall
September,2020,"Slush, wet snow",Raining,1,1,0,Fall
September,2020,"Slush, wet snow","Snowing, not including drifting snow",1,3,0,Fall
September,2020,"Slush, wet snow","Freezing rain, sleet, hail",2,2,0,Fall
September,2020,Icy,Clear and sunny,1,2,0,Fall
September,2020,Icy,"Overcast, cloudy but no precipitation",1,1,0,Fall
September,2020,Icy,Raining,1,1,0,Fall
September,2020,Sand/gravel/dirt,Clear and sunny,51,72,1,Fall
September,2020,Sand/gravel/dirt,"Overcast, cloudy but no precipitation",10,11,0,Fall
September,2020,Sand/gravel/dirt,Raining,3,3,0,Fall
September,2020,Sand/gravel/dirt,Visibility limitation,1,1,0,Fall
September,2020,Sand/gravel/dirt,Clear and sunny,3,2,0,Fall
September,2020,Muddy,Clear and sunny,4,5,0,Fall
September,2020,Muddy,"Overcast, cloudy but no precipitation",2,2,0,Fall
September,2020,Muddy,Raining,2,2,0,Fall
September,2020,Oil,Clear and sunny,8,9,0,Fall
September,2020,Flooded,Raining,4,6,0,Fall
September,2020,Other,Clear and sunny,25,39,3,Fall
September,2020,Other,Raining,1,1,0,Fall
September,2020,Other,"Snowing, not including drifting snow",2,2,0,Fall
September,2020,Other,Visibility limitation,1,1,0,Fall
September,2020,Other,Other,1,1,0,Fall
September,2020,Wet,Clear and sunny,13,13,1,Fall
September,2020,Wet,"Overcast, cloudy but no precipitation",1,1,0,Fall
September,2020,Wet,Raining,2,5,0,Fall
September,2020,Wet,Clear and sunny,71,82,7,Fall
September,2021,"Dry, normal",Clear and sunny,6345,8248,124,Fall
September,2021,"Dry, normal","Overcast, cloudy but no precipitation",575,788,12,Fall
September,2021,"Dry, normal",Raining,7,8,0,Fall
September,2021,"Dry, normal",Visibility limitation,30,39,3,Fall
September,2021,"Dry, normal",Strong wind,12,16,0,Fall
September,2021,"Dry, normal",Other,7,7,0,Fall
September,2021,"Dry, normal",Clear and sunny,50,67,0,Fall
September,2021,Wet,Clear and sunny,105,125,3,Fall
September,2021,Wet,"Overcast, cloudy but no precipitation",142,179,4,Fall
September,2021,Wet,Raining,768,1009,10,Fall
September,2021,Wet,"Freezing rain, sleet, hail",3,3,0,Fall
September,2021,Wet,Visibility limitation,17,19,0,Fall
September,2021,Wet,Other,3,3,0,Fall
September,2021,Wet,Clear and sunny,4,5,0,Fall
September,2021,"Snow (fresh, loose snow)","Snowing, not including drifting snow",1,1,0,Fall
September,2021,"Slush, wet snow",Clear and sunny,1,4,0,Fall
September,2021,"Slush, wet snow","Snowing, not including drifting snow",1,3,0,Fall
September,2021,"Slush, wet snow","Freezing rain, sleet, hail",1,1,0,Fall
September,2021,"Slush, wet snow",Clear and sunny,1,1,0,Fall
September,2021,Icy,Clear and sunny,1,2,0,Fall
September,2021,Icy,Raining,1,2,0,Fall
September,2021,Icy,Clear and sunny,1,2,0,Fall
September,2021,Sand/gravel/dirt,Clear and sunny,42,48,2,Fall
September,2021,Sand/gravel/dirt,"Overcast, cloudy but no precipitation",6,6,0,Fall
September,2021,Sand/gravel/dirt,Visibility limitation,2,1,1,Fall
September,2021,Sand/gravel/dirt,Other,1,2,0,Fall
September,2021,Sand/gravel/dirt,Clear and sunny,1,1,0,Fall
September,2021,Muddy,Clear and sunny,2,2,0,Fall
September,2021,Muddy,"Overcast, cloudy but no precipitation",1,1,0,Fall
September,2021,Oil,Clear and sunny,1,1,0,Fall
September,2021,Oil,"Overcast, cloudy but no precipitation",1,1,0,Fall
September,2021,Flooded,Raining,1,1,0,Fall
September,2021,Other,Clear and sunny,25,46,2,Fall
September,2021,Other,"Overcast, cloudy but no precipitation",1,1,0,Fall
September,2021,Other,Raining,2,2,0,Fall
September,2021,Other,"Snowing, not including drifting snow",1,1,0,Fall
September,2021,Other,Visibility limitation,2,2,0,Fall
September,2021,Other,Other,1,0,1,Fall
September,2021,Wet,Clear and sunny,17,20,0,Fall
September,2021,Wet,"Overcast, cloudy but no precipitation",1,3,0,Fall
September,2021,Wet,Raining,1,1,0,Fall
September,2021,Wet,Clear and sunny,60,70,2,Fall
October,2010,"Dry, normal",Clear and sunny,7451,10072,160,Fall
October,2010,"Dry, normal","Overcast, cloudy but no precipitation",854,1115,18,Fall
October,2010,"Dry, normal",Raining,13,18,0,Fall
October,2010,"Dry, normal","Snowing, not including drifting snow",3,4,0,Fall
October,2010,"Dry, normal","Freezing rain, sleet, hail",1,1,0,Fall
October,2010,"Dry, normal",Visibility limitation,41,48,0,Fall
October,2010,"Dry, normal",Strong wind,8,9,0,Fall
October,2010,"Dry, normal",Other,4,4,0,Fall
October,2010,"Dry, normal",Clear and sunny,20,23,0,Fall
October,2010,Wet,Clear and sunny,293,409,10,Fall
October,2010,Wet,"Overcast, cloudy but no precipitation",311,413,5,Fall
October,2010,Wet,Raining,1643,2253,23,Fall
October,2010,Wet,"Snowing, not including drifting snow",49,62,0,Fall
October,2010,Wet,"Freezing rain, sleet, hail",5,6,1,Fall
October,2010,Wet,Visibility limitation,49,65,2,Fall
October,2010,Wet,Strong wind,5,6,0,Fall
October,2010,Wet,Other,13,20,0,Fall
October,2010,Wet,Clear and sunny,9,11,0,Fall
October,2010,"Snow (fresh, loose snow)",Clear and sunny,9,10,0,Fall
October,2010,"Snow (fresh, loose snow)","Overcast, cloudy but no precipitation",2,2,0,Fall
October,2010,"Snow (fresh, loose snow)",Raining,1,2,0,Fall
October,2010,"Snow (fresh, loose snow)","Snowing, not including drifting snow",29,33,1,Fall
October,2010,"Snow (fresh, loose snow)",Visibility limitation,1,2,0,Fall
October,2010,"Slush, wet snow",Clear and sunny,5,6,0,Fall
October,2010,"Slush, wet snow","Overcast, cloudy but no precipitation",6,6,0,Fall
October,2010,"Slush, wet snow",Raining,2,4,0,Fall
October,2010,"Slush, wet snow","Snowing, not including drifting snow",26,39,2,Fall
October,2010,Icy,Clear and sunny,60,77,1,Fall
October,2010,Icy,"Overcast, cloudy but no precipitation",38,57,1,Fall
October,2010,Icy,Raining,8,8,0,Fall
October,2010,Icy,"Snowing, not including drifting snow",36,49,0,Fall
October,2010,Icy,"Freezing rain, sleet, hail",13,20,0,Fall
October,2010,Icy,Visibility limitation,10,16,0,Fall
October,2010,Icy,Strong wind,1,1,0,Fall
October,2010,Icy,Other,1,1,0,Fall
October,2010,Icy,Clear and sunny,18,20,0,Fall
October,2010,Sand/gravel/dirt,Clear and sunny,89,124,0,Fall
October,2010,Sand/gravel/dirt,"Overcast, cloudy but no precipitation",6,12,0,Fall
October,2010,Sand/gravel/dirt,Raining,2,6,0,Fall
October,2010,Sand/gravel/dirt,"Snowing, not including drifting snow",1,0,1,Fall
October,2010,Sand/gravel/dirt,Other,1,2,0,Fall
October,2010,Sand/gravel/dirt,Clear and sunny,2,2,0,Fall
October,2010,Muddy,Clear and sunny,5,5,0,Fall
October,2010,Muddy,Raining,9,9,0,Fall
October,2010,Muddy,"Snowing, not including drifting snow",2,3,0,Fall
October,2010,Muddy,Visibility limitation,2,2,0,Fall
October,2010,Oil,Clear and sunny,1,1,0,Fall
October,2010,Flooded,Clear and sunny,1,1,0,Fall
October,2010,Flooded,Raining,1,3,0,Fall
October,2010,Other,Clear and sunny,53,66,4,Fall
October,2010,Other,"Overcast, cloudy but no precipitation",2,2,0,Fall
October,2010,Other,Raining,2,2,0,Fall
October,2010,Other,"Snowing, not including drifting snow",20,29,0,Fall
October,2010,Other,"Freezing rain, sleet, hail",1,3,0,Fall
October,2010,Other,Visibility limitation,4,3,1,Fall
October,2010,Other,Other,2,2,0,Fall
October,2010,Other,Clear and sunny,1,1,0,Fall
October,2010,Wet,Clear and sunny,23,26,0,Fall
October,2010,Wet,"Overcast, cloudy but no precipitation",7,8,0,Fall
October,2010,Wet,Raining,3,4,0,Fall
October,2010,Wet,Other,2,2,0,Fall
October,2010,Wet,Clear and sunny,111,135,0,Fall
October,2011,"Dry, normal",Clear and sunny,6698,9022,119,Fall
October,2011,"Dry, normal","Overcast, cloudy but no precipitation",823,1103,19,Fall
October,2011,"Dry, normal",Raining,14,19,0,Fall
October,2011,"Dry, normal",Visibility limitation,41,54,0,Fall
October,2011,"Dry, normal",Strong wind,13,15,0,Fall
October,2011,"Dry, normal",Other,19,25,2,Fall
October,2011,"Dry, normal",Clear and sunny,46,53,0,Fall
October,2011,Wet,Clear and sunny,301,394,9,Fall
October,2011,Wet,"Overcast, cloudy but no precipitation",402,545,8,Fall
October,2011,Wet,Raining,2029,2672,27,Fall
October,2011,Wet,"Snowing, not including drifting snow",7,7,0,Fall
October,2011,Wet,"Freezing rain, sleet, hail",7,8,1,Fall
October,2011,Wet,Visibility limitation,34,44,0,Fall
October,2011,Wet,Strong wind,7,10,1,Fall
October,2011,Wet,Other,5,6,0,Fall
October,2011,Wet,Clear and sunny,14,15,0,Fall
October,2011,"Snow (fresh, loose snow)",Clear and sunny,2,2,0,Fall
October,2011,"Snow (fresh, loose snow)","Overcast, cloudy but no precipitation",2,2,0,Fall
October,2011,"Snow (fresh, loose snow)",Raining,4,6,3,Fall
October,2011,"Snow (fresh, loose snow)","Snowing, not including drifting snow",17,24,0,Fall
October,2011,"Snow (fresh, loose snow)",Clear and sunny,1,1,0,Fall
October,2011,"Slush, wet snow",Clear and sunny,2,4,0,Fall
October,2011,"Slush, wet snow",Raining,3,6,0,Fall
October,2011,"Slush, wet snow","Snowing, not including drifting snow",13,20,0,Fall
October,2011,"Slush, wet snow","Freezing rain, sleet, hail",5,6,0,Fall
October,2011,"Slush, wet snow",Visibility limitation,1,1,0,Fall
October,2011,Icy,Clear and sunny,33,40,0,Fall
October,2011,Icy,"Overcast, cloudy but no precipitation",24,28,0,Fall
October,2011,Icy,Raining,2,2,0,Fall
October,2011,Icy,"Snowing, not including drifting snow",7,14,0,Fall
October,2011,Icy,"Freezing rain, sleet, hail",5,5,0,Fall
October,2011,Icy,Visibility limitation,4,5,0,Fall
October,2011,Icy,Strong wind,1,1,0,Fall
October,2011,Icy,Clear and sunny,1,1,0,Fall
October,2011,Sand/gravel/dirt,Clear and sunny,84,111,2,Fall
October,2011,Sand/gravel/dirt,"Overcast, cloudy but no precipitation",8,13,0,Fall
October,2011,Sand/gravel/dirt,Raining,7,8,0,Fall
October,2011,Sand/gravel/dirt,"Snowing, not including drifting snow",1,1,0,Fall
October,2011,Sand/gravel/dirt,Visibility limitation,2,2,0,Fall
October,2011,Sand/gravel/dirt,Strong wind,4,6,0,Fall
October,2011,Sand/gravel/dirt,Clear and sunny,1,1,0,Fall
October,2011,Muddy,Clear and sunny,5,5,0,Fall
October,2011,Muddy,"Overcast, cloudy but no precipitation",2,2,0,Fall
October,2011,Muddy,Raining,6,6,0,Fall
October,2011,Muddy,"Snowing, not including drifting snow",1,3,0,Fall
October,2011,Muddy,Visibility limitation,3,3,0,Fall
October,2011,Oil,Clear and sunny,2,2,0,Fall
October,2011,Oil,"Overcast, cloudy but no precipitation",1,4,0,Fall
October,2011,Flooded,Raining,3,3,0,Fall
October,2011,Other,Clear and sunny,49,64,1,Fall
October,2011,Other,"Overcast, cloudy but no precipitation",2,2,0,Fall
October,2011,Other,Raining,3,5,0,Fall
October,2011,Other,"Snowing, not including drifting snow",5,9,0,Fall
October,2011,Other,"Freezing rain, sleet, hail",1,1,0,Fall
October,2011,Other,Visibility limitation,1,1,0,Fall
October,2011,Other,Strong wind,1,1,0,Fall
October,2011,Other,Other,4,7,0,Fall
October,2011,Other,Clear and sunny,1,1,0,Fall
October,2011,Wet,Clear and sunny,20,27,0,Fall
October,2011,Wet,"Overcast, cloudy but no precipitation",8,10,0,Fall
October,2011,Wet,Raining,2,2,0,Fall
October,2011,Wet,Visibility limitation,1,1,0,Fall
October,2011,Wet,Strong wind,1,2,0,Fall
October,2011,Wet,Other,3,3,0,Fall
October,2011,Wet,Clear and sunny,90,114,3,Fall
October,2012,"Dry, normal",Clear and sunny,5759,7549,92,Fall
October,2012,"Dry, normal","Overcast, cloudy but no precipitation",938,1166,17,Fall
October,2012,"Dry, normal",Raining,9,11,0,Fall
October,2012,"Dry, normal","Snowing, not including drifting snow",11,13,0,Fall
October,2012,"Dry, normal","Freezing rain, sleet, hail",1,1,0,Fall
October,2012,"Dry, normal",Visibility limitation,46,57,1,Fall
October,2012,"Dry, normal",Strong wind,15,16,1,Fall
October,2012,"Dry, normal",Other,9,11,0,Fall
October,2012,"Dry, normal",Clear and sunny,69,87,0,Fall
October,2012,Wet,Clear and sunny,393,541,3,Fall
October,2012,Wet,"Overcast, cloudy but no precipitation",419,543,3,Fall
October,2012,Wet,Raining,2484,3316,35,Fall
October,2012,Wet,"Snowing, not including drifting snow",71,81,3,Fall
October,2012,Wet,"Freezing rain, sleet, hail",32,39,0,Fall
October,2012,Wet,Visibility limitation,80,107,6,Fall
October,2012,Wet,Strong wind,11,13,0,Fall
October,2012,Wet,Other,15,21,0,Fall
October,2012,Wet,Clear and sunny,8,10,0,Fall
October,2012,"Snow (fresh, loose snow)",Clear and sunny,11,11,0,Fall
October,2012,"Snow (fresh, loose snow)","Overcast, cloudy but no precipitation",12,13,1,Fall
October,2012,"Snow (fresh, loose snow)",Raining,6,6,0,Fall
October,2012,"Snow (fresh, loose snow)","Snowing, not including drifting snow",52,77,2,Fall
October,2012,"Snow (fresh, loose snow)","Freezing rain, sleet, hail",1,3,0,Fall
October,2012,"Snow (fresh, loose snow)",Visibility limitation,1,1,0,Fall
October,2012,"Snow (fresh, loose snow)",Clear and sunny,1,1,0,Fall
October,2012,"Slush, wet snow",Clear and sunny,4,5,0,Fall
October,2012,"Slush, wet snow","Overcast, cloudy but no precipitation",3,6,0,Fall
October,2012,"Slush, wet snow",Raining,2,2,0,Fall
October,2012,"Slush, wet snow","Snowing, not including drifting snow",29,37,2,Fall
October,2012,"Slush, wet snow","Freezing rain, sleet, hail",11,18,1,Fall
October,2012,"Slush, wet snow",Visibility limitation,3,4,0,Fall
October,2012,"Slush, wet snow",Strong wind,1,1,0,Fall
October,2012,Icy,Clear and sunny,55,64,0,Fall
October,2012,Icy,"Overcast, cloudy but no precipitation",34,39,0,Fall
October,2012,Icy,Raining,5,5,0,Fall
October,2012,Icy,"Snowing, not including drifting snow",86,112,1,Fall
October,2012,Icy,"Freezing rain, sleet, hail",15,17,0,Fall
October,2012,Icy,Visibility limitation,7,12,0,Fall
October,2012,Icy,Strong wind,1,1,0,Fall
October,2012,Icy,Other,1,1,0,Fall
October,2012,Icy,Clear and sunny,13,14,0,Fall
October,2012,Sand/gravel/dirt,Clear and sunny,48,60,2,Fall
October,2012,Sand/gravel/dirt,"Overcast, cloudy but no precipitation",14,19,0,Fall
October,2012,Sand/gravel/dirt,Raining,3,3,0,Fall
October,2012,Sand/gravel/dirt,"Freezing rain, sleet, hail",1,1,0,Fall
October,2012,Sand/gravel/dirt,Visibility limitation,2,2,0,Fall
October,2012,Sand/gravel/dirt,Strong wind,1,1,0,Fall
October,2012,Sand/gravel/dirt,Clear and sunny,1,1,0,Fall
October,2012,Muddy,Clear and sunny,9,19,3,Fall
October,2012,Muddy,"Overcast, cloudy but no precipitation",2,2,0,Fall
October,2012,Muddy,Raining,12,18,0,Fall
October,2012,Muddy,"Freezing rain, sleet, hail",1,1,0,Fall
October,2012,Muddy,Visibility limitation,1,1,0,Fall
October,2012,Muddy,Other,1,1,0,Fall
October,2012,Muddy,Clear and sunny,1,1,0,Fall
October,2012,Oil,Clear and sunny,3,4,0,Fall
October,2012,Flooded,Clear and sunny,1,1,0,Fall
October,2012,Flooded,Raining,1,1,0,Fall
October,2012,Other,Clear and sunny,129,166,1,Fall
October,2012,Other,"Overcast, cloudy but no precipitation",6,8,0,Fall
October,2012,Other,Raining,14,23,0,Fall
October,2012,Other,"Snowing, not including drifting snow",170,231,4,Fall
October,2012,Other,"Freezing rain, sleet, hail",10,12,0,Fall
October,2012,Other,Visibility limitation,10,12,0,Fall
October,2012,Other,Strong wind,2,2,0,Fall
October,2012,Other,Other,8,11,0,Fall
October,2012,Other,Clear and sunny,11,12,0,Fall
October,2012,Wet,Clear and sunny,23,25,1,Fall
October,2012,Wet,"Overcast, cloudy but no precipitation",3,3,0,Fall
October,2012,Wet,Raining,2,2,0,Fall
October,2012,Wet,Other,1,1,0,Fall
October,2012,Wet,Clear and sunny,98,105,2,Fall
October,2013,"Dry, normal",Clear and sunny,7378,9865,119,Fall
October,2013,"Dry, normal","Overcast, cloudy but no precipitation",872,1156,14,Fall
October,2013,"Dry, normal",Raining,12,16,0,Fall
October,2013,"Dry, normal","Snowing, not including drifting snow",7,7,0,Fall
October,2013,"Dry, normal","Freezing rain, sleet, hail",1,1,0,Fall
October,2013,"Dry, normal",Visibility limitation,85,113,3,Fall
October,2013,"Dry, normal",Strong wind,11,15,1,Fall
October,2013,"Dry, normal",Other,9,12,0,Fall
October,2013,"Dry, normal",Clear and sunny,58,64,0,Fall
October,2013,Wet,Clear and sunny,319,439,9,Fall
October,2013,Wet,"Overcast, cloudy but no precipitation",236,297,5,Fall
October,2013,Wet,Raining,1472,2017,15,Fall
October,2013,Wet,"Snowing, not including drifting snow",33,41,2,Fall
October,2013,Wet,"Freezing rain, sleet, hail",9,9,2,Fall
October,2013,Wet,Visibility limitation,76,98,1,Fall
October,2013,Wet,Strong wind,2,2,0,Fall
October,2013,Wet,Other,7,11,0,Fall
October,2013,Wet,Clear and sunny,9,10,0,Fall
October,2013,"Snow (fresh, loose snow)",Clear and sunny,4,4,0,Fall
October,2013,"Snow (fresh, loose snow)","Overcast, cloudy but no precipitation",2,4,0,Fall
October,2013,"Snow (fresh, loose snow)",Raining,1,1,0,Fall
October,2013,"Snow (fresh, loose snow)","Snowing, not including drifting snow",37,48,1,Fall
October,2013,"Snow (fresh, loose snow)","Freezing rain, sleet, hail",1,1,0,Fall
October,2013,"Snow (fresh, loose snow)",Visibility limitation,2,3,0,Fall
October,2013,"Snow (fresh, loose snow)",Other,1,1,0,Fall
October,2013,"Slush, wet snow","Overcast, cloudy but no precipitation",2,2,0,Fall
October,2013,"Slush, wet snow",Raining,2,2,0,Fall
October,2013,"Slush, wet snow","Snowing, not including drifting snow",32,39,1,Fall
October,2013,"Slush, wet snow","Freezing rain, sleet, hail",3,4,0,Fall
October,2013,"Slush, wet snow",Clear and sunny,1,1,0,Fall
October,2013,Icy,Clear and sunny,74,106,1,Fall
October,2013,Icy,"Overcast, cloudy but no precipitation",14,15,1,Fall
October,2013,Icy,Raining,9,12,0,Fall
October,2013,Icy,"Snowing, not including drifting snow",29,41,0,Fall
October,2013,Icy,"Freezing rain, sleet, hail",8,10,0,Fall
October,2013,Icy,Visibility limitation,5,6,1,Fall
October,2013,Icy,Strong wind,2,3,0,Fall
October,2013,Icy,Clear and sunny,1,1,0,Fall
October,2013,Sand/gravel/dirt,Clear and sunny,73,82,7,Fall
October,2013,Sand/gravel/dirt,"Overcast, cloudy but no precipitation",13,21,1,Fall
October,2013,Sand/gravel/dirt,Raining,2,2,0,Fall
October,2013,Sand/gravel/dirt,"Snowing, not including drifting snow",1,1,0,Fall
October,2013,Sand/gravel/dirt,Clear and sunny,2,2,0,Fall
October,2013,Muddy,Clear and sunny,6,6,0,Fall
October,2013,Muddy,"Overcast, cloudy but no precipitation",4,6,0,Fall
October,2013,Muddy,Raining,4,5,0,Fall
October,2013,Oil,Clear and sunny,2,2,0,Fall
October,2013,Oil,Raining,1,1,0,Fall
October,2013,Oil,Other,1,1,0,Fall
October,2013,Other,Clear and sunny,49,67,1,Fall
October,2013,Other,"Snowing, not including drifting snow",29,34,3,Fall
October,2013,Other,"Freezing rain, sleet, hail",3,6,0,Fall
October,2013,Other,Visibility limitation,1,1,0,Fall
October,2013,Other,Other,3,3,0,Fall
October,2013,Wet,Clear and sunny,11,13,0,Fall
October,2013,Wet,"Overcast, cloudy but no precipitation",7,10,0,Fall
October,2013,Wet,Raining,1,1,0,Fall
October,2013,Wet,Clear and sunny,81,103,0,Fall
October,2014,"Dry, normal",Clear and sunny,6493,8755,117,Fall
October,2014,"Dry, normal","Overcast, cloudy but no precipitation",941,1237,14,Fall
October,2014,"Dry, normal",Raining,17,22,1,Fall
October,2014,"Dry, normal","Snowing, not including drifting snow",1,1,0,Fall
October,2014,"Dry, normal",Visibility limitation,43,51,4,Fall
October,2014,"Dry, normal",Strong wind,18,28,0,Fall
October,2014,"Dry, normal",Other,16,19,1,Fall
October,2014,"Dry, normal",Clear and sunny,64,68,1,Fall
October,2014,Wet,Clear and sunny,329,433,5,Fall
October,2014,Wet,"Overcast, cloudy but no precipitation",399,527,3,Fall
October,2014,Wet,Raining,1966,2586,27,Fall
October,2014,Wet,"Snowing, not including drifting snow",25,36,0,Fall
October,2014,Wet,"Freezing rain, sleet, hail",10,17,1,Fall
October,2014,Wet,Visibility limitation,44,60,4,Fall
October,2014,Wet,Strong wind,4,6,0,Fall
October,2014,Wet,Other,6,8,0,Fall
October,2014,Wet,Clear and sunny,14,19,0,Fall
October,2014,"Snow (fresh, loose snow)",Clear and sunny,2,3,0,Fall
October,2014,"Snow (fresh, loose snow)","Overcast, cloudy but no precipitation",2,2,0,Fall
October,2014,"Snow (fresh, loose snow)","Snowing, not including drifting snow",13,17,0,Fall
October,2014,"Snow (fresh, loose snow)",Strong wind,1,1,0,Fall
October,2014,"Slush, wet snow",Clear and sunny,2,2,0,Fall
October,2014,"Slush, wet snow","Overcast, cloudy but no precipitation",1,1,0,Fall
October,2014,"Slush, wet snow","Snowing, not including drifting snow",14,21,0,Fall
October,2014,"Slush, wet snow","Freezing rain, sleet, hail",1,2,0,Fall
October,2014,Icy,Clear and sunny,14,17,0,Fall
October,2014,Icy,"Overcast, cloudy but no precipitation",4,4,1,Fall
October,2014,Icy,"Snowing, not including drifting snow",12,14,1,Fall
October,2014,Icy,Visibility limitation,5,8,0,Fall
October,2014,Icy,Clear and sunny,1,1,0,Fall
October,2014,Sand/gravel/dirt,Clear and sunny,55,82,6,Fall
October,2014,Sand/gravel/dirt,"Overcast, cloudy but no precipitation",6,7,1,Fall
October,2014,Sand/gravel/dirt,Raining,4,5,0,Fall
October,2014,Sand/gravel/dirt,Visibility limitation,1,1,0,Fall
October,2014,Sand/gravel/dirt,Clear and sunny,2,2,0,Fall
October,2014,Muddy,Clear and sunny,4,9,1,Fall
October,2014,Muddy,"Overcast, cloudy but no precipitation",3,3,0,Fall
October,2014,Muddy,Raining,9,11,0,Fall
October,2014,Muddy,"Snowing, not including drifting snow",1,1,1,Fall
October,2014,Muddy,Strong wind,1,2,0,Fall
October,2014,Oil,Clear and sunny,2,2,0,Fall
October,2014,Oil,Raining,1,1,0,Fall
October,2014,Flooded,Raining,1,6,0,Fall
October,2014,Other,Clear and sunny,36,40,0,Fall
October,2014,Other,"Overcast, cloudy but no precipitation",3,5,0,Fall
October,2014,Other,Raining,4,6,0,Fall
October,2014,Other,"Snowing, not including drifting snow",9,12,1,Fall
October,2014,Other,Visibility limitation,5,5,0,Fall
October,2014,Other,Other,2,4,0,Fall
October,2014,Wet,Clear and sunny,14,24,2,Fall
October,2014,Wet,"Overcast, cloudy but no precipitation",5,6,0,Fall
October,2014,Wet,Raining,5,5,0,Fall
October,2014,Wet,Clear and sunny,85,97,2,Fall
October,2015,"Dry, normal",Clear and sunny,7216,9673,132,Fall
October,2015,"Dry, normal","Overcast, cloudy but no precipitation",807,1064,12,Fall
October,2015,"Dry, normal",Raining,12,15,0,Fall
October,2015,"Dry, normal","Snowing, not including drifting snow",2,2,0,Fall
October,2015,"Dry, normal",Visibility limitation,38,43,0,Fall
October,2015,"Dry, normal",Strong wind,15,16,0,Fall
October,2015,"Dry, normal",Other,6,9,0,Fall
October,2015,"Dry, normal",Clear and sunny,55,65,0,Fall
October,2015,Wet,Clear and sunny,247,355,1,Fall
October,2015,Wet,"Overcast, cloudy but no precipitation",303,434,4,Fall
October,2015,Wet,Raining,1427,1930,23,Fall
October,2015,Wet,"Snowing, not including drifting snow",14,20,0,Fall
October,2015,Wet,Visibility limitation,32,38,1,Fall
October,2015,Wet,Strong wind,6,6,0,Fall
October,2015,Wet,Other,7,7,0,Fall
October,2015,Wet,Clear and sunny,1,1,0,Fall
October,2015,"Snow (fresh, loose snow)",Clear and sunny,3,3,0,Fall
October,2015,"Snow (fresh, loose snow)","Overcast, cloudy but no precipitation",1,8,0,Fall
October,2015,"Snow (fresh, loose snow)",Raining,1,1,0,Fall
October,2015,"Snow (fresh, loose snow)","Snowing, not including drifting snow",10,11,0,Fall
October,2015,"Snow (fresh, loose snow)",Visibility limitation,1,1,0,Fall
October,2015,"Snow (fresh, loose snow)",Other,1,1,0,Fall
October,2015,"Slush, wet snow",Clear and sunny,3,5,0,Fall
October,2015,"Slush, wet snow",Raining,1,1,0,Fall
October,2015,"Slush, wet snow","Snowing, not including drifting snow",11,13,0,Fall
October,2015,"Slush, wet snow","Freezing rain, sleet, hail",1,1,0,Fall
October,2015,"Slush, wet snow",Visibility limitation,1,1,0,Fall
October,2015,Icy,Clear and sunny,23,35,1,Fall
October,2015,Icy,"Overcast, cloudy but no precipitation",19,31,0,Fall
October,2015,Icy,Raining,8,11,0,Fall
October,2015,Icy,"Snowing, not including drifting snow",13,15,0,Fall
October,2015,Icy,"Freezing rain, sleet, hail",4,6,0,Fall
October,2015,Icy,Visibility limitation,2,2,0,Fall
October,2015,Sand/gravel/dirt,Clear and sunny,42,54,7,Fall
October,2015,Sand/gravel/dirt,"Overcast, cloudy but no precipitation",7,11,0,Fall
October,2015,Sand/gravel/dirt,Visibility limitation,1,1,0,Fall
October,2015,Sand/gravel/dirt,Strong wind,1,1,0,Fall
October,2015,Sand/gravel/dirt,Clear and sunny,2,2,0,Fall
October,2015,Muddy,Clear and sunny,5,6,0,Fall
October,2015,Muddy,"Overcast, cloudy but no precipitation",2,4,0,Fall
October,2015,Muddy,Raining,3,4,0,Fall
October,2015,Muddy,Strong wind,1,1,0,Fall
October,2015,Oil,Clear and sunny,2,2,0,Fall
October,2015,Oil,"Overcast, cloudy but no precipitation",1,1,0,Fall
October,2015,Flooded,Clear and sunny,1,1,0,Fall
October,2015,Flooded,Raining,4,4,0,Fall
October,2015,Other,Clear and sunny,37,47,1,Fall
October,2015,Other,"Overcast, cloudy but no precipitation",1,2,0,Fall
October,2015,Other,"Snowing, not including drifting snow",1,6,2,Fall
October,2015,Other,"Freezing rain, sleet, hail",2,1,1,Fall
October,2015,Other,Other,3,4,0,Fall
October,2015,Other,Clear and sunny,2,2,0,Fall
October,2015,Wet,Clear and sunny,6,6,0,Fall
October,2015,Wet,"Overcast, cloudy but no precipitation",5,10,0,Fall
October,2015,Wet,Raining,4,4,0,Fall
October,2015,Wet,Visibility limitation,1,1,0,Fall
October,2015,Wet,Clear and sunny,65,77,0,Fall
October,2016,"Dry, normal",Clear and sunny,5960,8094,102,Fall
October,2016,"Dry, normal","Overcast, cloudy but no precipitation",818,1079,20,Fall
October,2016,"Dry, normal",Raining,14,20,0,Fall
October,2016,"Dry, normal","Snowing, not including drifting snow",3,3,0,Fall
October,2016,"Dry, normal","Freezing rain, sleet, hail",1,1,0,Fall
October,2016,"Dry, normal",Visibility limitation,63,81,2,Fall
October,2016,"Dry, normal",Strong wind,6,6,0,Fall
October,2016,"Dry, normal",Other,13,15,0,Fall
October,2016,"Dry, normal",Clear and sunny,62,76,2,Fall
October,2016,Wet,Clear and sunny,309,417,5,Fall
October,2016,Wet,"Overcast, cloudy but no precipitation",381,505,6,Fall
October,2016,Wet,Raining,1948,2644,28,Fall
October,2016,Wet,"Snowing, not including drifting snow",78,102,1,Fall
October,2016,Wet,"Freezing rain, sleet, hail",11,14,0,Fall
October,2016,Wet,Visibility limitation,71,85,5,Fall
October,2016,Wet,Strong wind,3,3,0,Fall
October,2016,Wet,Other,7,8,0,Fall
October,2016,Wet,Clear and sunny,15,19,0,Fall
October,2016,"Snow (fresh, loose snow)",Clear and sunny,4,5,0,Fall
October,2016,"Snow (fresh, loose snow)","Overcast, cloudy but no precipitation",3,3,0,Fall
October,2016,"Snow (fresh, loose snow)",Raining,3,8,0,Fall
October,2016,"Snow (fresh, loose snow)","Snowing, not including drifting snow",48,64,0,Fall
October,2016,"Snow (fresh, loose snow)",Visibility limitation,3,3,0,Fall
October,2016,"Snow (fresh, loose snow)",Strong wind,1,2,0,Fall
October,2016,"Slush, wet snow",Clear and sunny,4,5,0,Fall
October,2016,"Slush, wet snow","Overcast, cloudy but no precipitation",4,5,0,Fall
October,2016,"Slush, wet snow",Raining,5,6,0,Fall
October,2016,"Slush, wet snow","Snowing, not including drifting snow",63,81,1,Fall
October,2016,"Slush, wet snow","Freezing rain, sleet, hail",8,8,0,Fall
October,2016,"Slush, wet snow",Visibility limitation,3,4,0,Fall
October,2016,"Slush, wet snow",Strong wind,1,1,0,Fall
October,2016,Icy,Clear and sunny,22,25,0,Fall
October,2016,Icy,"Overcast, cloudy but no precipitation",10,13,0,Fall
October,2016,Icy,Raining,3,4,0,Fall
October,2016,Icy,"Snowing, not including drifting snow",30,37,0,Fall
October,2016,Icy,"Freezing rain, sleet, hail",3,3,0,Fall
October,2016,Icy,Visibility limitation,5,5,0,Fall
October,2016,Icy,Clear and sunny,6,8,0,Fall
October,2016,Sand/gravel/dirt,Clear and sunny,36,41,2,Fall
October,2016,Sand/gravel/dirt,"Overcast, cloudy but no precipitation",8,13,0,Fall
October,2016,Sand/gravel/dirt,Raining,1,1,0,Fall
October,2016,Sand/gravel/dirt,"Snowing, not including drifting snow",1,1,0,Fall
October,2016,Sand/gravel/dirt,Visibility limitation,2,1,1,Fall
October,2016,Sand/gravel/dirt,Other,1,1,0,Fall
October,2016,Sand/gravel/dirt,Clear and sunny,1,1,0,Fall
October,2016,Muddy,Clear and sunny,7,8,1,Fall
October,2016,Muddy,"Overcast, cloudy but no precipitation",5,8,0,Fall
October,2016,Muddy,Raining,6,6,0,Fall
October,2016,Muddy,"Snowing, not including drifting snow",1,0,1,Fall
October,2016,Muddy,Visibility limitation,1,1,0,Fall
October,2016,Oil,Clear and sunny,1,1,0,Fall
October,2016,Flooded,Raining,5,5,1,Fall
October,2016,Other,Clear and sunny,48,63,0,Fall
October,2016,Other,Raining,4,5,0,Fall
October,2016,Other,"Snowing, not including drifting snow",128,183,6,Fall
October,2016,Other,"Freezing rain, sleet, hail",3,4,0,Fall
October,2016,Other,Visibility limitation,12,16,0,Fall
October,2016,Other,Other,5,8,0,Fall
October,2016,Other,Clear and sunny,9,12,0,Fall
October,2016,Wet,Clear and sunny,11,13,2,Fall
October,2016,Wet,"Overcast, cloudy but no precipitation",12,16,1,Fall
October,2016,Wet,Raining,5,6,0,Fall
October,2016,Wet,Visibility limitation,1,2,0,Fall
October,2016,Wet,Other,1,1,0,Fall
October,2016,Wet,Clear and sunny,67,79,3,Fall
October,2017,"Dry, normal",Clear and sunny,6956,9235,127,Fall
October,2017,"Dry, normal","Overcast, cloudy but no precipitation",705,931,18,Fall
October,2017,"Dry, normal",Raining,6,6,0,Fall
October,2017,"Dry, normal","Snowing, not including drifting snow",4,6,0,Fall
October,2017,"Dry, normal","Freezing rain, sleet, hail",1,1,0,Fall
October,2017,"Dry, normal",Visibility limitation,34,51,4,Fall
October,2017,"Dry, normal",Strong wind,42,56,0,Fall
October,2017,"Dry, normal",Other,9,13,1,Fall
October,2017,"Dry, normal",Clear and sunny,48,63,1,Fall
October,2017,Wet,Clear and sunny,269,351,4,Fall
October,2017,Wet,"Overcast, cloudy but no precipitation",216,309,2,Fall
October,2017,Wet,Raining,1308,1769,17,Fall
October,2017,Wet,"Snowing, not including drifting snow",37,48,0,Fall
October,2017,Wet,"Freezing rain, sleet, hail",8,11,0,Fall
October,2017,Wet,Visibility limitation,33,39,0,Fall
October,2017,Wet,Strong wind,17,21,0,Fall
October,2017,Wet,Other,5,6,0,Fall
October,2017,Wet,Clear and sunny,5,6,0,Fall
October,2017,"Snow (fresh, loose snow)",Clear and sunny,6,8,0,Fall
October,2017,"Snow (fresh, loose snow)","Overcast, cloudy but no precipitation",3,5,0,Fall
October,2017,"Snow (fresh, loose snow)","Snowing, not including drifting snow",35,65,0,Fall
October,2017,"Snow (fresh, loose snow)",Visibility limitation,4,5,0,Fall
October,2017,"Snow (fresh, loose snow)",Strong wind,1,1,0,Fall
October,2017,"Snow (fresh, loose snow)",Other,1,1,0,Fall
October,2017,"Slush, wet snow",Clear and sunny,3,5,0,Fall
October,2017,"Slush, wet snow","Overcast, cloudy but no precipitation",6,8,0,Fall
October,2017,"Slush, wet snow","Snowing, not including drifting snow",25,34,0,Fall
October,2017,"Slush, wet snow","Freezing rain, sleet, hail",1,1,0,Fall
October,2017,"Slush, wet snow",Visibility limitation,4,6,0,Fall
October,2017,"Slush, wet snow",Strong wind,1,1,0,Fall
October,2017,Icy,Clear and sunny,33,40,0,Fall
October,2017,Icy,"Overcast, cloudy but no precipitation",30,40,2,Fall
October,2017,Icy,Raining,12,16,0,Fall
October,2017,Icy,"Snowing, not including drifting snow",37,52,3,Fall
October,2017,Icy,"Freezing rain, sleet, hail",20,24,0,Fall
October,2017,Icy,Visibility limitation,7,7,1,Fall
October,2017,Icy,Strong wind,14,21,0,Fall
October,2017,Icy,Clear and sunny,4,4,1,Fall
October,2017,Sand/gravel/dirt,Clear and sunny,42,59,2,Fall
October,2017,Sand/gravel/dirt,"Overcast, cloudy but no precipitation",5,5,0,Fall
October,2017,Sand/gravel/dirt,Raining,1,1,0,Fall
October,2017,Sand/gravel/dirt,Visibility limitation,3,3,0,Fall
October,2017,Sand/gravel/dirt,Clear and sunny,2,2,0,Fall
October,2017,Muddy,Clear and sunny,6,5,1,Fall
October,2017,Muddy,"Overcast, cloudy but no precipitation",2,2,1,Fall
October,2017,Muddy,Raining,4,6,0,Fall
October,2017,Muddy,"Snowing, not including drifting snow",1,1,0,Fall
October,2017,Muddy,Clear and sunny,2,2,0,Fall
October,2017,Oil,Clear and sunny,4,5,0,Fall
October,2017,Oil,Raining,1,1,0,Fall
October,2017,Other,Clear and sunny,40,50,1,Fall
October,2017,Other,"Overcast, cloudy but no precipitation",2,2,0,Fall
October,2017,Other,Raining,2,1,1,Fall
October,2017,Other,"Snowing, not including drifting snow",86,129,6,Fall
October,2017,Other,"Freezing rain, sleet, hail",2,2,0,Fall
October,2017,Other,Visibility limitation,3,3,0,Fall
October,2017,Other,Strong wind,5,5,0,Fall
October,2017,Other,Other,4,6,0,Fall
October,2017,Other,Clear and sunny,2,2,0,Fall
October,2017,Wet,Clear and sunny,18,24,2,Fall
October,2017,Wet,"Overcast, cloudy but no precipitation",6,7,0,Fall
October,2017,Wet,Raining,3,3,1,Fall
October,2017,Wet,"Snowing, not including drifting snow",2,2,0,Fall
October,2017,Wet,Visibility limitation,1,1,0,Fall
October,2017,Wet,Strong wind,1,4,0,Fall
October,2017,Wet,Clear and sunny,77,84,4,Fall
October,2018,"Dry, normal",Clear and sunny,6068,8172,104,Fall
October,2018,"Dry, normal","Overcast, cloudy but no precipitation",821,1063,14,Fall
October,2018,"Dry, normal",Raining,8,11,0,Fall
October,2018,"Dry, normal","Snowing, not including drifting snow",11,15,0,Fall
October,2018,"Dry, normal",Visibility limitation,30,42,0,Fall
October,2018,"Dry, normal",Strong wind,10,14,0,Fall
October,2018,"Dry, normal",Other,16,18,0,Fall
October,2018,"Dry, normal",Clear and sunny,41,60,0,Fall
October,2018,Wet,Clear and sunny,350,474,5,Fall
October,2018,Wet,"Overcast, cloudy but no precipitation",308,392,3,Fall
October,2018,Wet,Raining,1488,1955,25,Fall
October,2018,Wet,"Snowing, not including drifting snow",85,106,2,Fall
October,2018,Wet,"Freezing rain, sleet, hail",12,16,0,Fall
October,2018,Wet,Visibility limitation,77,98,4,Fall
October,2018,Wet,Strong wind,2,2,0,Fall
October,2018,Wet,Other,7,7,1,Fall
October,2018,Wet,Clear and sunny,11,11,0,Fall
October,2018,"Snow (fresh, loose snow)",Clear and sunny,4,4,0,Fall
October,2018,"Snow (fresh, loose snow)","Overcast, cloudy but no precipitation",4,5,0,Fall
October,2018,"Snow (fresh, loose snow)",Raining,3,4,0,Fall
October,2018,"Snow (fresh, loose snow)","Snowing, not including drifting snow",44,59,1,Fall
October,2018,"Snow (fresh, loose snow)","Freezing rain, sleet, hail",1,1,0,Fall
October,2018,"Snow (fresh, loose snow)",Visibility limitation,6,7,0,Fall
October,2018,"Slush, wet snow",Clear and sunny,4,8,0,Fall
October,2018,"Slush, wet snow","Overcast, cloudy but no precipitation",6,9,0,Fall
October,2018,"Slush, wet snow",Raining,13,20,0,Fall
October,2018,"Slush, wet snow","Snowing, not including drifting snow",70,108,3,Fall
October,2018,"Slush, wet snow","Freezing rain, sleet, hail",7,9,0,Fall
October,2018,"Slush, wet snow",Visibility limitation,4,3,1,Fall
October,2018,Icy,Clear and sunny,48,63,0,Fall
October,2018,Icy,"Overcast, cloudy but no precipitation",30,41,1,Fall
October,2018,Icy,Raining,6,7,0,Fall
October,2018,Icy,"Snowing, not including drifting snow",43,53,1,Fall
October,2018,Icy,"Freezing rain, sleet, hail",12,14,0,Fall
October,2018,Icy,Visibility limitation,1,1,0,Fall
October,2018,Icy,Other,2,4,0,Fall
October,2018,Icy,Clear and sunny,1,1,0,Fall
October,2018,Sand/gravel/dirt,Clear and sunny,27,31,3,Fall
October,2018,Sand/gravel/dirt,"Overcast, cloudy but no precipitation",6,5,1,Fall
October,2018,Sand/gravel/dirt,Raining,3,2,1,Fall
October,2018,Sand/gravel/dirt,Visibility limitation,1,1,0,Fall
October,2018,Sand/gravel/dirt,Clear and sunny,1,1,0,Fall
October,2018,Muddy,Clear and sunny,5,7,0,Fall
October,2018,Muddy,"Overcast, cloudy but no precipitation",2,2,0,Fall
October,2018,Muddy,Raining,5,6,0,Fall
October,2018,Oil,"Overcast, cloudy but no precipitation",1,2,0,Fall
October,2018,Oil,Raining,1,1,0,Fall
October,2018,Flooded,Raining,5,5,1,Fall
October,2018,Other,Clear and sunny,57,69,3,Fall
October,2018,Other,"Overcast, cloudy but no precipitation",2,2,0,Fall
October,2018,Other,Raining,4,7,0,Fall
October,2018,Other,"Snowing, not including drifting snow",89,102,3,Fall
October,2018,Other,"Freezing rain, sleet, hail",2,2,1,Fall
October,2018,Other,Visibility limitation,2,3,1,Fall
October,2018,Other,Other,1,1,0,Fall
October,2018,Other,Clear and sunny,3,4,0,Fall
October,2018,Wet,Clear and sunny,9,10,0,Fall
October,2018,Wet,"Overcast, cloudy but no precipitation",7,9,0,Fall
October,2018,Wet,Raining,1,1,0,Fall
October,2018,Wet,"Snowing, not including drifting snow",2,3,0,Fall
October,2018,Wet,Clear and sunny,80,99,0,Fall
October,2019,"Dry, normal",Clear and sunny,5996,8021,116,Fall
October,2019,"Dry, normal","Overcast, cloudy but no precipitation",705,899,12,Fall
October,2019,"Dry, normal",Raining,11,14,0,Fall
October,2019,"Dry, normal","Snowing, not including drifting snow",9,12,0,Fall
October,2019,"Dry, normal",Visibility limitation,40,50,0,Fall
October,2019,"Dry, normal",Strong wind,10,12,1,Fall
October,2019,"Dry, normal",Other,11,17,0,Fall
October,2019,"Dry, normal",Clear and sunny,44,62,1,Fall
October,2019,Wet,Clear and sunny,230,290,9,Fall
October,2019,Wet,"Overcast, cloudy but no precipitation",241,307,4,Fall
October,2019,Wet,Raining,1512,2006,16,Fall
October,2019,Wet,"Snowing, not including drifting snow",33,44,0,Fall
October,2019,Wet,"Freezing rain, sleet, hail",12,17,0,Fall
October,2019,Wet,Visibility limitation,61,79,0,Fall
October,2019,Wet,Strong wind,5,5,0,Fall
October,2019,Wet,Other,4,4,0,Fall
October,2019,Wet,Clear and sunny,6,6,0,Fall
October,2019,"Snow (fresh, loose snow)",Clear and sunny,6,7,0,Fall
October,2019,"Snow (fresh, loose snow)","Overcast, cloudy but no precipitation",9,11,0,Fall
October,2019,"Snow (fresh, loose snow)",Raining,2,2,0,Fall
October,2019,"Snow (fresh, loose snow)","Snowing, not including drifting snow",53,73,0,Fall
October,2019,"Snow (fresh, loose snow)","Freezing rain, sleet, hail",2,3,0,Fall
October,2019,"Snow (fresh, loose snow)",Visibility limitation,6,7,0,Fall
October,2019,"Snow (fresh, loose snow)",Strong wind,1,0,1,Fall
October,2019,"Slush, wet snow",Clear and sunny,4,6,0,Fall
October,2019,"Slush, wet snow","Overcast, cloudy but no precipitation",5,8,0,Fall
October,2019,"Slush, wet snow",Raining,2,3,0,Fall
October,2019,"Slush, wet snow","Snowing, not including drifting snow",63,90,4,Fall
October,2019,"Slush, wet snow","Freezing rain, sleet, hail",8,13,0,Fall
October,2019,"Slush, wet snow",Visibility limitation,1,4,0,Fall
October,2019,"Slush, wet snow",Strong wind,3,5,0,Fall
October,2019,"Slush, wet snow",Clear and sunny,1,1,0,Fall
October,2019,Icy,Clear and sunny,36,54,0,Fall
October,2019,Icy,"Overcast, cloudy but no precipitation",27,31,0,Fall
October,2019,Icy,Raining,1,1,0,Fall
October,2019,Icy,"Snowing, not including drifting snow",67,81,0,Fall
October,2019,Icy,"Freezing rain, sleet, hail",5,7,0,Fall
October,2019,Icy,Visibility limitation,4,4,0,Fall
October,2019,Icy,Strong wind,1,1,0,Fall
October,2019,Icy,Clear and sunny,13,17,0,Fall
October,2019,Sand/gravel/dirt,Clear and sunny,28,36,4,Fall
October,2019,Sand/gravel/dirt,"Overcast, cloudy but no precipitation",5,6,1,Fall
October,2019,Sand/gravel/dirt,Raining,1,4,0,Fall
October,2019,Sand/gravel/dirt,Clear and sunny,1,1,0,Fall
October,2019,Muddy,Clear and sunny,12,14,0,Fall
October,2019,Muddy,"Overcast, cloudy but no precipitation",5,7,0,Fall
October,2019,Muddy,Raining,2,3,0,Fall
October,2019,Muddy,Clear and sunny,1,1,0,Fall
October,2019,Oil,Clear and sunny,1,1,0,Fall
October,2019,Oil,Raining,1,2,0,Fall
October,2019,Flooded,Raining,6,6,1,Fall
October,2019,Other,Clear and sunny,44,55,0,Fall
October,2019,Other,Raining,3,3,0,Fall
October,2019,Other,"Snowing, not including drifting snow",78,116,0,Fall
October,2019,Other,"Freezing rain, sleet, hail",2,2,0,Fall
October,2019,Other,Visibility limitation,2,2,0,Fall
October,2019,Other,Strong wind,6,8,0,Fall
October,2019,Other,Other,3,3,0,Fall
October,2019,Other,Clear and sunny,3,3,1,Fall
October,2019,Wet,Clear and sunny,13,16,0,Fall
October,2019,Wet,"Overcast, cloudy but no precipitation",11,16,0,Fall
October,2019,Wet,Raining,2,4,0,Fall
October,2019,Wet,Strong wind,2,2,0,Fall
October,2019,Wet,Clear and sunny,52,51,5,Fall
October,2020,"Dry, normal",Clear and sunny,4510,5888,108,Fall
October,2020,"Dry, normal","Overcast, cloudy but no precipitation",561,699,6,Fall
October,2020,"Dry, normal",Raining,8,11,0,Fall
October,2020,"Dry, normal","Snowing, not including drifting snow",8,8,0,Fall
October,2020,"Dry, normal",Visibility limitation,19,25,1,Fall
October,2020,"Dry, normal",Strong wind,9,12,0,Fall
October,2020,"Dry, normal",Other,7,9,0,Fall
October,2020,"Dry, normal",Clear and sunny,45,55,2,Fall
October,2020,Wet,Clear and sunny,207,277,6,Fall
October,2020,Wet,"Overcast, cloudy but no precipitation",189,230,3,Fall
October,2020,Wet,Raining,987,1265,21,Fall
October,2020,Wet,"Snowing, not including drifting snow",43,47,0,Fall
October,2020,Wet,"Freezing rain, sleet, hail",9,8,1,Fall
October,2020,Wet,Visibility limitation,21,23,0,Fall
October,2020,Wet,Strong wind,1,1,0,Fall
October,2020,Wet,Other,3,3,0,Fall
October,2020,Wet,Clear and sunny,5,6,0,Fall
October,2020,"Snow (fresh, loose snow)",Clear and sunny,11,15,0,Fall
October,2020,"Snow (fresh, loose snow)","Overcast, cloudy but no precipitation",6,7,0,Fall
October,2020,"Snow (fresh, loose snow)",Raining,2,1,1,Fall
October,2020,"Snow (fresh, loose snow)","Snowing, not including drifting snow",51,64,0,Fall
October,2020,"Snow (fresh, loose snow)","Freezing rain, sleet, hail",1,1,0,Fall
October,2020,"Snow (fresh, loose snow)",Visibility limitation,2,2,0,Fall
October,2020,"Snow (fresh, loose snow)",Strong wind,1,1,0,Fall
October,2020,"Snow (fresh, loose snow)",Clear and sunny,5,5,0,Fall
October,2020,"Slush, wet snow","Overcast, cloudy but no precipitation",4,8,0,Fall
October,2020,"Slush, wet snow",Raining,4,4,0,Fall
October,2020,"Slush, wet snow","Snowing, not including drifting snow",30,36,0,Fall
October,2020,"Slush, wet snow","Freezing rain, sleet, hail",2,2,0,Fall
October,2020,"Slush, wet snow",Visibility limitation,1,1,0,Fall
October,2020,"Slush, wet snow",Other,1,0,1,Fall
October,2020,"Slush, wet snow",Clear and sunny,1,1,0,Fall
October,2020,Icy,Clear and sunny,50,64,0,Fall
October,2020,Icy,"Overcast, cloudy but no precipitation",34,36,2,Fall
October,2020,Icy,Raining,1,1,0,Fall
October,2020,Icy,"Snowing, not including drifting snow",60,76,1,Fall
October,2020,Icy,"Freezing rain, sleet, hail",9,15,0,Fall
October,2020,Icy,Visibility limitation,5,7,0,Fall
October,2020,Icy,Strong wind,4,4,0,Fall
October,2020,Icy,Clear and sunny,8,11,0,Fall
October,2020,Sand/gravel/dirt,Clear and sunny,32,38,3,Fall
October,2020,Sand/gravel/dirt,"Overcast, cloudy but no precipitation",5,4,1,Fall
October,2020,Sand/gravel/dirt,Raining,4,4,0,Fall
October,2020,Sand/gravel/dirt,Strong wind,1,1,0,Fall
October,2020,Sand/gravel/dirt,Clear and sunny,3,3,0,Fall
October,2020,Muddy,Clear and sunny,4,4,0,Fall
October,2020,Muddy,Raining,2,2,0,Fall
October,2020,Muddy,"Freezing rain, sleet, hail",1,1,0,Fall
October,2020,Oil,Clear and sunny,1,2,0,Fall
October,2020,Flooded,Raining,5,5,1,Fall
October,2020,Other,Clear and sunny,68,84,3,Fall
October,2020,Other,"Overcast, cloudy but no precipitation",1,1,0,Fall
October,2020,Other,Raining,2,2,0,Fall
October,2020,Other,"Snowing, not including drifting snow",114,141,4,Fall
October,2020,Other,Visibility limitation,3,3,0,Fall
October,2020,Other,Strong wind,1,1,0,Fall
October,2020,Other,Other,2,2,0,Fall
October,2020,Other,Clear and sunny,2,2,0,Fall
October,2020,Wet,Clear and sunny,12,17,0,Fall
October,2020,Wet,"Overcast, cloudy but no precipitation",5,9,0,Fall
October,2020,Wet,Raining,3,4,0,Fall
October,2020,Wet,"Snowing, not including drifting snow",1,1,0,Fall
October,2020,Wet,Strong wind,2,2,0,Fall
October,2020,Wet,Clear and sunny,71,77,7,Fall
October,2021,"Dry, normal",Clear and sunny,5370,6957,129,Fall
October,2021,"Dry, normal","Overcast, cloudy but no precipitation",577,709,15,Fall
October,2021,"Dry, normal",Raining,17,20,0,Fall
October,2021,"Dry, normal","Snowing, not including drifting snow",1,1,0,Fall
October,2021,"Dry, normal",Visibility limitation,61,71,2,Fall
October,2021,"Dry, normal",Strong wind,9,13,0,Fall
October,2021,"Dry, normal",Other,5,7,0,Fall
October,2021,"Dry, normal",Clear and sunny,39,45,1,Fall
October,2021,Wet,Clear and sunny,214,290,8,Fall
October,2021,Wet,"Overcast, cloudy but no precipitation",191,240,6,Fall
October,2021,Wet,Raining,1196,1601,31,Fall
October,2021,Wet,"Snowing, not including drifting snow",8,10,0,Fall
October,2021,Wet,"Freezing rain, sleet, hail",5,6,0,Fall
October,2021,Wet,Visibility limitation,34,37,2,Fall
October,2021,Wet,Strong wind,2,2,0,Fall
October,2021,Wet,Other,3,6,0,Fall
October,2021,Wet,Clear and sunny,5,5,0,Fall
October,2021,"Snow (fresh, loose snow)","Overcast, cloudy but no precipitation",2,2,0,Fall
October,2021,"Snow (fresh, loose snow)",Raining,1,1,0,Fall
October,2021,"Snow (fresh, loose snow)","Snowing, not including drifting snow",10,19,0,Fall
October,2021,"Snow (fresh, loose snow)",Visibility limitation,1,0,1,Fall
October,2021,"Snow (fresh, loose snow)",Clear and sunny,2,3,0,Fall
October,2021,"Slush, wet snow",Raining,1,1,0,Fall
October,2021,"Slush, wet snow","Snowing, not including drifting snow",3,3,0,Fall
October,2021,"Slush, wet snow",Clear and sunny,3,6,0,Fall
October,2021,Icy,Clear and sunny,9,11,0,Fall
October,2021,Icy,"Overcast, cloudy but no precipitation",6,6,0,Fall
October,2021,Icy,"Snowing, not including drifting snow",4,5,0,Fall
October,2021,Icy,Visibility limitation,1,1,0,Fall
October,2021,Icy,Clear and sunny,5,5,0,Fall
October,2021,Sand/gravel/dirt,Clear and sunny,33,42,4,Fall
October,2021,Sand/gravel/dirt,"Overcast, cloudy but no precipitation",9,14,1,Fall
October,2021,Sand/gravel/dirt,Raining,1,1,0,Fall
October,2021,Sand/gravel/dirt,Clear and sunny,2,2,0,Fall
October,2021,Muddy,Clear and sunny,1,1,0,Fall
October,2021,Muddy,Raining,3,3,0,Fall
October,2021,Muddy,Clear and sunny,2,2,0,Fall
October,2021,Oil,Clear and sunny,1,1,0,Fall
October,2021,Other,Clear and sunny,30,33,5,Fall
October,2021,Other,Raining,3,6,0,Fall
October,2021,Other,"Snowing, not including drifting snow",11,15,0,Fall
October,2021,Other,"Freezing rain, sleet, hail",1,3,0,Fall
October,2021,Other,Visibility limitation,2,2,0,Fall
October,2021,Other,Other,1,0,1,Fall
October,2021,Other,Clear and sunny,1,1,0,Fall
October,2021,Wet,Clear and sunny,11,11,1,Fall
October,2021,Wet,"Overcast, cloudy but no precipitation",2,2,1,Fall
October,2021,Wet,Raining,1,1,0,Fall
October,2021,Wet,Visibility limitation,2,2,0,Fall
October,2021,Wet,Clear and sunny,77,79,13,Fall
November,2010,"Dry, normal",Clear and sunny,5296,7194,93,Fall
November,2010,"Dry, normal","Overcast, cloudy but no precipitation",609,807,15,Fall
November,2010,"Dry, normal",Raining,9,13,0,Fall
November,2010,"Dry, normal","Snowing, not including drifting snow",6,8,0,Fall
November,2010,"Dry, normal",Visibility limitation,52,65,1,Fall
November,2010,"Dry, normal",Strong wind,9,17,0,Fall
November,2010,"Dry, normal",Other,11,16,0,Fall
November,2010,"Dry, normal",Clear and sunny,19,22,0,Fall
November,2010,Wet,Clear and sunny,393,512,5,Fall
November,2010,Wet,"Overcast, cloudy but no precipitation",356,481,5,Fall
November,2010,Wet,Raining,1695,2222,19,Fall
November,2010,Wet,"Snowing, not including drifting snow",82,104,0,Fall
November,2010,Wet,"Freezing rain, sleet, hail",11,17,0,Fall
November,2010,Wet,Visibility limitation,56,82,2,Fall
November,2010,Wet,Strong wind,8,12,0,Fall
November,2010,Wet,Other,8,12,1,Fall
November,2010,Wet,Clear and sunny,8,9,0,Fall
November,2010,"Snow (fresh, loose snow)",Clear and sunny,112,142,2,Fall
November,2010,"Snow (fresh, loose snow)","Overcast, cloudy but no precipitation",92,115,1,Fall
November,2010,"Snow (fresh, loose snow)",Raining,8,12,0,Fall
November,2010,"Snow (fresh, loose snow)","Snowing, not including drifting snow",410,556,15,Fall
November,2010,"Snow (fresh, loose snow)",Visibility limitation,25,33,0,Fall
November,2010,"Snow (fresh, loose snow)",Strong wind,2,4,0,Fall
November,2010,"Snow (fresh, loose snow)",Other,1,1,0,Fall
November,2010,"Snow (fresh, loose snow)",Clear and sunny,3,3,0,Fall
November,2010,"Slush, wet snow",Clear and sunny,26,36,3,Fall
November,2010,"Slush, wet snow","Overcast, cloudy but no precipitation",35,50,2,Fall
November,2010,"Slush, wet snow",Raining,30,38,0,Fall
November,2010,"Slush, wet snow","Snowing, not including drifting snow",97,132,1,Fall
November,2010,"Slush, wet snow","Freezing rain, sleet, hail",18,21,0,Fall
November,2010,"Slush, wet snow",Visibility limitation,8,16,0,Fall
November,2010,"Slush, wet snow",Strong wind,1,1,0,Fall
November,2010,Icy,Clear and sunny,391,505,8,Fall
November,2010,Icy,"Overcast, cloudy but no precipitation",193,261,4,Fall
November,2010,Icy,Raining,40,48,0,Fall
November,2010,Icy,"Snowing, not including drifting snow",247,348,5,Fall
November,2010,Icy,"Freezing rain, sleet, hail",124,157,3,Fall
November,2010,Icy,Visibility limitation,39,51,2,Fall
November,2010,Icy,Strong wind,14,17,0,Fall
November,2010,Icy,Other,2,5,0,Fall
November,2010,Icy,Clear and sunny,42,47,0,Fall
November,2010,Sand/gravel/dirt,Clear and sunny,30,38,1,Fall
November,2010,Sand/gravel/dirt,"Overcast, cloudy but no precipitation",5,7,0,Fall
November,2010,Sand/gravel/dirt,"Snowing, not including drifting snow",2,4,0,Fall
November,2010,Sand/gravel/dirt,"Freezing rain, sleet, hail",1,1,0,Fall
November,2010,Sand/gravel/dirt,Visibility limitation,1,2,0,Fall
November,2010,Muddy,Clear and sunny,7,6,1,Fall
November,2010,Muddy,"Overcast, cloudy but no precipitation",3,5,0,Fall
November,2010,Muddy,Raining,2,2,0,Fall
November,2010,Oil,Clear and sunny,1,1,0,Fall
November,2010,Flooded,Clear and sunny,1,2,0,Fall
November,2010,Flooded,Raining,1,1,0,Fall
November,2010,Flooded,Strong wind,1,1,0,Fall
November,2010,Other,Clear and sunny,357,450,2,Fall
November,2010,Other,"Overcast, cloudy but no precipitation",1,1,0,Fall
November,2010,Other,Raining,13,23,1,Fall
November,2010,Other,"Snowing, not including drifting snow",259,337,1,Fall
November,2010,Other,"Freezing rain, sleet, hail",5,8,0,Fall
November,2010,Other,Visibility limitation,12,20,4,Fall
November,2010,Other,Strong wind,9,10,1,Fall
November,2010,Other,Other,14,25,0,Fall
November,2010,Other,Clear and sunny,13,20,1,Fall
November,2010,Wet,Clear and sunny,25,31,0,Fall
November,2010,Wet,"Overcast, cloudy but no precipitation",2,5,0,Fall
November,2010,Wet,Raining,2,2,0,Fall
November,2010,Wet,"Snowing, not including drifting snow",2,3,0,Fall
November,2010,Wet,Visibility limitation,1,1,0,Fall
November,2010,Wet,Strong wind,1,4,0,Fall
November,2010,Wet,Other,1,1,0,Fall
November,2010,Wet,Clear and sunny,81,102,3,Fall
November,2011,"Dry, normal",Clear and sunny,5797,7808,94,Fall
November,2011,"Dry, normal","Overcast, cloudy but no precipitation",773,1015,20,Fall
November,2011,"Dry, normal",Raining,6,7,0,Fall
November,2011,"Dry, normal","Snowing, not including drifting snow",8,8,0,Fall
November,2011,"Dry, normal",Visibility limitation,26,45,0,Fall
November,2011,"Dry, normal",Strong wind,17,23,1,Fall
November,2011,"Dry, normal",Other,15,19,0,Fall
November,2011,"Dry, normal",Clear and sunny,32,41,0,Fall
November,2011,Wet,Clear and sunny,519,668,6,Fall
November,2011,Wet,"Overcast, cloudy but no precipitation",439,581,3,Fall
November,2011,Wet,Raining,1293,1692,12,Fall
November,2011,Wet,"Snowing, not including drifting snow",89,113,0,Fall
November,2011,Wet,"Freezing rain, sleet, hail",13,18,0,Fall
November,2011,Wet,Visibility limitation,34,45,3,Fall
November,2011,Wet,Strong wind,6,7,0,Fall
November,2011,Wet,Other,6,8,0,Fall
November,2011,Wet,Clear and sunny,10,10,0,Fall
November,2011,"Snow (fresh, loose snow)",Clear and sunny,80,107,0,Fall
November,2011,"Snow (fresh, loose snow)","Overcast, cloudy but no precipitation",44,61,0,Fall
November,2011,"Snow (fresh, loose snow)",Raining,1,1,0,Fall
November,2011,"Snow (fresh, loose snow)","Snowing, not including drifting snow",316,432,3,Fall
November,2011,"Snow (fresh, loose snow)",Visibility limitation,27,36,0,Fall
November,2011,"Snow (fresh, loose snow)",Strong wind,1,2,0,Fall
November,2011,"Snow (fresh, loose snow)",Other,1,1,0,Fall
November,2011,"Snow (fresh, loose snow)",Clear and sunny,3,4,0,Fall
November,2011,"Slush, wet snow",Clear and sunny,38,46,1,Fall
November,2011,"Slush, wet snow","Overcast, cloudy but no precipitation",41,69,0,Fall
November,2011,"Slush, wet snow",Raining,16,21,0,Fall
November,2011,"Slush, wet snow","Snowing, not including drifting snow",88,123,1,Fall
November,2011,"Slush, wet snow","Freezing rain, sleet, hail",4,7,0,Fall
November,2011,"Slush, wet snow",Visibility limitation,4,4,0,Fall
November,2011,"Slush, wet snow",Strong wind,1,2,0,Fall
November,2011,"Slush, wet snow",Clear and sunny,1,1,0,Fall
November,2011,Icy,Clear and sunny,445,583,5,Fall
November,2011,Icy,"Overcast, cloudy but no precipitation",169,205,3,Fall
November,2011,Icy,Raining,17,24,0,Fall
November,2011,Icy,"Snowing, not including drifting snow",222,299,6,Fall
November,2011,Icy,"Freezing rain, sleet, hail",31,47,0,Fall
November,2011,Icy,Visibility limitation,37,45,0,Fall
November,2011,Icy,Strong wind,3,3,0,Fall
November,2011,Icy,Other,1,1,0,Fall
November,2011,Icy,Clear and sunny,41,50,0,Fall
November,2011,Sand/gravel/dirt,Clear and sunny,43,70,0,Fall
November,2011,Sand/gravel/dirt,"Overcast, cloudy but no precipitation",7,7,1,Fall
November,2011,Sand/gravel/dirt,"Snowing, not including drifting snow",2,3,0,Fall
November,2011,Sand/gravel/dirt,Visibility limitation,1,1,0,Fall
November,2011,Muddy,Clear and sunny,5,5,1,Fall
November,2011,Muddy,"Overcast, cloudy but no precipitation",5,6,0,Fall
November,2011,Muddy,Raining,2,2,0,Fall
November,2011,Muddy,"Snowing, not including drifting snow",1,1,0,Fall
November,2011,Muddy,Clear and sunny,1,0,1,Fall
November,2011,Other,Clear and sunny,247,304,3,Fall
November,2011,Other,"Overcast, cloudy but no precipitation",6,6,0,Fall
November,2011,Other,Raining,15,17,0,Fall
November,2011,Other,"Snowing, not including drifting snow",174,230,6,Fall
November,2011,Other,"Freezing rain, sleet, hail",5,7,0,Fall
November,2011,Other,Visibility limitation,4,4,1,Fall
November,2011,Other,Strong wind,1,1,0,Fall
November,2011,Other,Other,10,14,0,Fall
November,2011,Other,Clear and sunny,9,9,0,Fall
November,2011,Wet,Clear and sunny,23,31,0,Fall
November,2011,Wet,"Overcast, cloudy but no precipitation",8,12,0,Fall
November,2011,Wet,Raining,2,2,0,Fall
November,2011,Wet,"Snowing, not including drifting snow",3,3,0,Fall
November,2011,Wet,"Freezing rain, sleet, hail",1,1,0,Fall
November,2011,Wet,Visibility limitation,2,2,0,Fall
November,2011,Wet,Strong wind,1,2,0,Fall
November,2011,Wet,Other,2,3,0,Fall
November,2011,Wet,Clear and sunny,76,87,1,Fall
November,2012,"Dry, normal",Clear and sunny,5338,7132,78,Fall
November,2012,"Dry, normal","Overcast, cloudy but no precipitation",677,937,13,Fall
November,2012,"Dry, normal",Raining,7,9,0,Fall
November,2012,"Dry, normal","Snowing, not including drifting snow",9,14,0,Fall
November,2012,"Dry, normal","Freezing rain, sleet, hail",1,1,0,Fall
November,2012,"Dry, normal",Visibility limitation,69,83,3,Fall
November,2012,"Dry, normal",Strong wind,11,16,0,Fall
November,2012,"Dry, normal",Other,6,12,0,Fall
November,2012,"Dry, normal",Clear and sunny,19,19,1,Fall
November,2012,Wet,Clear and sunny,457,602,8,Fall
November,2012,Wet,"Overcast, cloudy but no precipitation",364,459,4,Fall
November,2012,Wet,Raining,988,1294,22,Fall
November,2012,Wet,"Snowing, not including drifting snow",101,130,1,Fall
November,2012,Wet,"Freezing rain, sleet, hail",18,24,0,Fall
November,2012,Wet,Visibility limitation,84,118,2,Fall
November,2012,Wet,Strong wind,5,5,0,Fall
November,2012,Wet,Other,4,8,0,Fall
November,2012,Wet,Clear and sunny,8,12,0,Fall
November,2012,"Snow (fresh, loose snow)",Clear and sunny,121,158,0,Fall
November,2012,"Snow (fresh, loose snow)","Overcast, cloudy but no precipitation",70,90,0,Fall
November,2012,"Snow (fresh, loose snow)",Raining,4,5,0,Fall
November,2012,"Snow (fresh, loose snow)","Snowing, not including drifting snow",229,302,3,Fall
November,2012,"Snow (fresh, loose snow)",Visibility limitation,11,17,2,Fall
November,2012,"Snow (fresh, loose snow)",Clear and sunny,2,2,0,Fall
November,2012,"Slush, wet snow",Clear and sunny,25,31,0,Fall
November,2012,"Slush, wet snow","Overcast, cloudy but no precipitation",22,28,0,Fall
November,2012,"Slush, wet snow",Raining,5,7,0,Fall
November,2012,"Slush, wet snow","Snowing, not including drifting snow",65,77,0,Fall
November,2012,"Slush, wet snow","Freezing rain, sleet, hail",6,8,0,Fall
November,2012,"Slush, wet snow",Visibility limitation,4,7,0,Fall
November,2012,"Slush, wet snow",Strong wind,1,1,0,Fall
November,2012,"Slush, wet snow",Clear and sunny,1,1,0,Fall
November,2012,Icy,Clear and sunny,472,593,7,Fall
November,2012,Icy,"Overcast, cloudy but no precipitation",204,262,2,Fall
November,2012,Icy,Raining,27,36,1,Fall
November,2012,Icy,"Snowing, not including drifting snow",284,389,2,Fall
November,2012,Icy,"Freezing rain, sleet, hail",68,93,1,Fall
November,2012,Icy,Visibility limitation,57,81,1,Fall
November,2012,Icy,Strong wind,6,8,0,Fall
November,2012,Icy,Other,4,4,0,Fall
November,2012,Icy,Clear and sunny,93,105,0,Fall
November,2012,Sand/gravel/dirt,Clear and sunny,24,26,0,Fall
November,2012,Sand/gravel/dirt,"Overcast, cloudy but no precipitation",10,10,1,Fall
November,2012,Sand/gravel/dirt,Raining,1,1,0,Fall
November,2012,Sand/gravel/dirt,"Snowing, not including drifting snow",1,1,0,Fall
November,2012,Sand/gravel/dirt,"Freezing rain, sleet, hail",1,2,0,Fall
November,2012,Sand/gravel/dirt,Visibility limitation,3,5,0,Fall
November,2012,Muddy,Clear and sunny,1,1,0,Fall
November,2012,Muddy,"Overcast, cloudy but no precipitation",3,3,0,Fall
November,2012,Muddy,Raining,3,4,0,Fall
November,2012,Muddy,Visibility limitation,1,1,0,Fall
November,2012,Oil,Clear and sunny,1,2,0,Fall
November,2012,Oil,"Snowing, not including drifting snow",1,1,0,Fall
November,2012,Other,Clear and sunny,414,525,3,Fall
November,2012,Other,"Overcast, cloudy but no precipitation",3,3,0,Fall
November,2012,Other,Raining,8,10,0,Fall
November,2012,Other,"Snowing, not including drifting snow",333,418,4,Fall
November,2012,Other,"Freezing rain, sleet, hail",7,12,0,Fall
November,2012,Other,Visibility limitation,20,25,1,Fall
November,2012,Other,Strong wind,1,1,0,Fall
November,2012,Other,Other,15,18,1,Fall
November,2012,Other,Clear and sunny,8,11,0,Fall
November,2012,Wet,Clear and sunny,19,25,0,Fall
November,2012,Wet,"Overcast, cloudy but no precipitation",5,7,0,Fall
November,2012,Wet,Raining,2,2,0,Fall
November,2012,Wet,"Snowing, not including drifting snow",1,1,0,Fall
November,2012,Wet,Other,1,1,0,Fall
November,2012,Wet,Clear and sunny,68,85,0,Fall
November,2013,"Dry, normal",Clear and sunny,4406,5928,68,Fall
November,2013,"Dry, normal","Overcast, cloudy but no precipitation",758,1026,17,Fall
November,2013,"Dry, normal",Raining,9,12,0,Fall
November,2013,"Dry, normal","Snowing, not including drifting snow",11,17,0,Fall
November,2013,"Dry, normal",Visibility limitation,18,24,2,Fall
November,2013,"Dry, normal",Strong wind,56,68,2,Fall
November,2013,"Dry, normal",Other,2,4,0,Fall
November,2013,"Dry, normal",Clear and sunny,33,45,1,Fall
November,2013,Wet,Clear and sunny,543,730,11,Fall
November,2013,Wet,"Overcast, cloudy but no precipitation",347,480,9,Fall
November,2013,Wet,Raining,1211,1695,14,Fall
November,2013,Wet,"Snowing, not including drifting snow",146,191,4,Fall
November,2013,Wet,"Freezing rain, sleet, hail",23,29,0,Fall
November,2013,Wet,Visibility limitation,41,54,1,Fall
November,2013,Wet,Strong wind,10,15,0,Fall
November,2013,Wet,Other,4,4,0,Fall
November,2013,Wet,Clear and sunny,7,8,0,Fall
November,2013,"Snow (fresh, loose snow)",Clear and sunny,145,188,0,Fall
November,2013,"Snow (fresh, loose snow)","Overcast, cloudy but no precipitation",80,98,1,Fall
November,2013,"Snow (fresh, loose snow)",Raining,6,7,0,Fall
November,2013,"Snow (fresh, loose snow)","Snowing, not including drifting snow",375,483,3,Fall
November,2013,"Snow (fresh, loose snow)","Freezing rain, sleet, hail",1,1,0,Fall
November,2013,"Snow (fresh, loose snow)",Visibility limitation,34,54,1,Fall
November,2013,"Snow (fresh, loose snow)",Strong wind,4,4,0,Fall
November,2013,"Snow (fresh, loose snow)",Other,2,3,0,Fall
November,2013,"Snow (fresh, loose snow)",Clear and sunny,2,3,0,Fall
November,2013,"Slush, wet snow",Clear and sunny,45,58,3,Fall
November,2013,"Slush, wet snow","Overcast, cloudy but no precipitation",20,22,0,Fall
November,2013,"Slush, wet snow",Raining,25,29,0,Fall
November,2013,"Slush, wet snow","Snowing, not including drifting snow",139,174,2,Fall
November,2013,"Slush, wet snow","Freezing rain, sleet, hail",12,16,0,Fall
November,2013,"Slush, wet snow",Visibility limitation,10,11,0,Fall
November,2013,"Slush, wet snow",Strong wind,2,2,0,Fall
November,2013,"Slush, wet snow",Other,2,2,0,Fall
November,2013,"Slush, wet snow",Clear and sunny,2,2,0,Fall
November,2013,Icy,Clear and sunny,574,734,6,Fall
November,2013,Icy,"Overcast, cloudy but no precipitation",179,225,5,Fall
November,2013,Icy,Raining,25,31,1,Fall
November,2013,Icy,"Snowing, not including drifting snow",435,615,10,Fall
November,2013,Icy,"Freezing rain, sleet, hail",30,36,1,Fall
November,2013,Icy,Visibility limitation,69,106,1,Fall
November,2013,Icy,Strong wind,18,25,0,Fall
November,2013,Icy,Other,1,2,0,Fall
November,2013,Icy,Clear and sunny,59,73,0,Fall
November,2013,Sand/gravel/dirt,Clear and sunny,17,22,1,Fall
November,2013,Sand/gravel/dirt,"Overcast, cloudy but no precipitation",2,2,0,Fall
November,2013,Sand/gravel/dirt,Raining,1,2,0,Fall
November,2013,Sand/gravel/dirt,"Snowing, not including drifting snow",1,1,0,Fall
November,2013,Sand/gravel/dirt,Visibility limitation,2,4,1,Fall
November,2013,Muddy,Clear and sunny,3,3,0,Fall
November,2013,Muddy,Raining,3,7,0,Fall
November,2013,Muddy,Visibility limitation,1,1,0,Fall
November,2013,Muddy,Clear and sunny,2,3,0,Fall
November,2013,Oil,Clear and sunny,1,1,0,Fall
November,2013,Flooded,Raining,2,2,0,Fall
November,2013,Other,Clear and sunny,438,537,4,Fall
November,2013,Other,"Overcast, cloudy but no precipitation",2,2,0,Fall
November,2013,Other,Raining,25,34,0,Fall
November,2013,Other,"Snowing, not including drifting snow",306,391,8,Fall
November,2013,Other,"Freezing rain, sleet, hail",8,9,0,Fall
November,2013,Other,Visibility limitation,8,11,1,Fall
November,2013,Other,Strong wind,2,4,0,Fall
November,2013,Other,Other,9,10,0,Fall
November,2013,Other,Clear and sunny,14,14,0,Fall
November,2013,Wet,Clear and sunny,19,21,0,Fall
November,2013,Wet,"Overcast, cloudy but no precipitation",6,8,0,Fall
November,2013,Wet,Raining,4,5,0,Fall
November,2013,Wet,"Snowing, not including drifting snow",3,3,0,Fall
November,2013,Wet,Clear and sunny,67,83,0,Fall
November,2014,"Dry, normal",Clear and sunny,4135,5550,76,Fall
November,2014,"Dry, normal","Overcast, cloudy but no precipitation",678,890,12,Fall
November,2014,"Dry, normal",Raining,18,29,0,Fall
November,2014,"Dry, normal","Snowing, not including drifting snow",23,35,0,Fall
November,2014,"Dry, normal","Freezing rain, sleet, hail",1,1,0,Fall
November,2014,"Dry, normal",Visibility limitation,9,8,1,Fall
November,2014,"Dry, normal",Strong wind,31,45,1,Fall
November,2014,"Dry, normal",Other,7,9,0,Fall
November,2014,"Dry, normal",Clear and sunny,41,44,0,Fall
November,2014,Wet,Clear and sunny,540,753,11,Fall
November,2014,Wet,"Overcast, cloudy but no precipitation",324,446,1,Fall
November,2014,Wet,Raining,1135,1512,10,Fall
November,2014,Wet,"Snowing, not including drifting snow",248,339,0,Fall
November,2014,Wet,"Freezing rain, sleet, hail",14,17,1,Fall
November,2014,Wet,Visibility limitation,43,56,0,Fall
November,2014,Wet,Strong wind,16,20,1,Fall
November,2014,Wet,Other,9,12,0,Fall
November,2014,Wet,Clear and sunny,11,14,1,Fall
November,2014,"Snow (fresh, loose snow)",Clear and sunny,131,151,0,Fall
November,2014,"Snow (fresh, loose snow)","Overcast, cloudy but no precipitation",60,76,0,Fall
November,2014,"Snow (fresh, loose snow)",Raining,3,3,0,Fall
November,2014,"Snow (fresh, loose snow)","Snowing, not including drifting snow",545,713,5,Fall
November,2014,"Snow (fresh, loose snow)","Freezing rain, sleet, hail",1,2,0,Fall
November,2014,"Snow (fresh, loose snow)",Visibility limitation,58,87,0,Fall
November,2014,"Snow (fresh, loose snow)",Strong wind,6,9,0,Fall
November,2014,"Snow (fresh, loose snow)",Clear and sunny,5,9,0,Fall
November,2014,"Slush, wet snow",Clear and sunny,31,42,4,Fall
November,2014,"Slush, wet snow","Overcast, cloudy but no precipitation",32,44,0,Fall
November,2014,"Slush, wet snow",Raining,14,16,0,Fall
November,2014,"Slush, wet snow","Snowing, not including drifting snow",184,224,2,Fall
November,2014,"Slush, wet snow","Freezing rain, sleet, hail",14,19,0,Fall
November,2014,"Slush, wet snow",Visibility limitation,9,15,0,Fall
November,2014,"Slush, wet snow",Strong wind,2,2,0,Fall
November,2014,Icy,Clear and sunny,509,648,3,Fall
November,2014,Icy,"Overcast, cloudy but no precipitation",181,243,2,Fall
November,2014,Icy,Raining,29,49,0,Fall
November,2014,Icy,"Snowing, not including drifting snow",497,662,4,Fall
November,2014,Icy,"Freezing rain, sleet, hail",58,90,1,Fall
November,2014,Icy,Visibility limitation,63,80,0,Fall
November,2014,Icy,Strong wind,20,21,1,Fall
November,2014,Icy,Other,1,2,0,Fall
November,2014,Icy,Clear and sunny,45,58,0,Fall
November,2014,Sand/gravel/dirt,Clear and sunny,26,35,1,Fall
November,2014,Sand/gravel/dirt,"Overcast, cloudy but no precipitation",7,7,0,Fall
November,2014,Sand/gravel/dirt,Raining,2,2,0,Fall
November,2014,Muddy,Clear and sunny,3,6,0,Fall
November,2014,Muddy,Raining,2,1,1,Fall
November,2014,Muddy,"Snowing, not including drifting snow",1,1,0,Fall
November,2014,Muddy,Visibility limitation,1,1,0,Fall
November,2014,Oil,"Snowing, not including drifting snow",1,1,0,Fall
November,2014,Flooded,"Overcast, cloudy but no precipitation",1,1,1,Fall
November,2014,Flooded,Raining,4,4,0,Fall
November,2014,Other,Clear and sunny,448,560,9,Fall
November,2014,Other,"Overcast, cloudy but no precipitation",2,2,0,Fall
November,2014,Other,Raining,10,18,1,Fall
November,2014,Other,"Snowing, not including drifting snow",336,451,6,Fall
November,2014,Other,"Freezing rain, sleet, hail",2,3,0,Fall
November,2014,Other,Visibility limitation,11,13,0,Fall
November,2014,Other,Other,9,10,0,Fall
November,2014,Other,Clear and sunny,17,21,0,Fall
November,2014,Wet,Clear and sunny,20,23,0,Fall
November,2014,Wet,"Overcast, cloudy but no precipitation",10,13,0,Fall
November,2014,Wet,Raining,1,1,0,Fall
November,2014,Wet,"Snowing, not including drifting snow",4,5,0,Fall
November,2014,Wet,Strong wind,1,1,0,Fall
November,2014,Wet,Clear and sunny,57,66,1,Fall
November,2015,"Dry, normal",Clear and sunny,5640,7542,77,Fall
November,2015,"Dry, normal","Overcast, cloudy but no precipitation",632,840,26,Fall
November,2015,"Dry, normal",Raining,12,16,0,Fall
November,2015,"Dry, normal","Snowing, not including drifting snow",6,9,0,Fall
November,2015,"Dry, normal","Freezing rain, sleet, hail",1,2,0,Fall
November,2015,"Dry, normal",Visibility limitation,42,54,0,Fall
November,2015,"Dry, normal",Strong wind,14,19,0,Fall
November,2015,"Dry, normal",Other,4,5,0,Fall
November,2015,"Dry, normal",Clear and sunny,36,44,0,Fall
November,2015,Wet,Clear and sunny,443,592,3,Fall
November,2015,Wet,"Overcast, cloudy but no precipitation",308,412,4,Fall
November,2015,Wet,Raining,1581,2093,18,Fall
November,2015,Wet,"Snowing, not including drifting snow",72,98,1,Fall
November,2015,Wet,"Freezing rain, sleet, hail",14,19,0,Fall
November,2015,Wet,Visibility limitation,61,74,0,Fall
November,2015,Wet,Strong wind,8,12,0,Fall
November,2015,Wet,Other,9,9,1,Fall
November,2015,Wet,Clear and sunny,11,16,0,Fall
November,2015,"Snow (fresh, loose snow)",Clear and sunny,47,58,0,Fall
November,2015,"Snow (fresh, loose snow)","Overcast, cloudy but no precipitation",22,23,0,Fall
November,2015,"Snow (fresh, loose snow)",Raining,2,2,0,Fall
November,2015,"Snow (fresh, loose snow)","Snowing, not including drifting snow",151,203,3,Fall
November,2015,"Snow (fresh, loose snow)",Visibility limitation,9,16,0,Fall
November,2015,"Snow (fresh, loose snow)",Strong wind,2,2,0,Fall
November,2015,"Snow (fresh, loose snow)",Clear and sunny,1,2,0,Fall
November,2015,"Slush, wet snow",Clear and sunny,21,37,1,Fall
November,2015,"Slush, wet snow","Overcast, cloudy but no precipitation",21,29,0,Fall
November,2015,"Slush, wet snow",Raining,5,6,0,Fall
November,2015,"Slush, wet snow","Snowing, not including drifting snow",69,86,3,Fall
November,2015,"Slush, wet snow","Freezing rain, sleet, hail",5,9,0,Fall
November,2015,"Slush, wet snow",Visibility limitation,6,6,0,Fall
November,2015,"Slush, wet snow",Clear and sunny,1,2,0,Fall
November,2015,Icy,Clear and sunny,261,333,4,Fall
November,2015,Icy,"Overcast, cloudy but no precipitation",102,134,5,Fall
November,2015,Icy,Raining,13,18,0,Fall
November,2015,Icy,"Snowing, not including drifting snow",155,210,2,Fall
November,2015,Icy,"Freezing rain, sleet, hail",21,23,0,Fall
November,2015,Icy,Visibility limitation,28,38,1,Fall
November,2015,Icy,Strong wind,5,5,0,Fall
November,2015,Icy,Clear and sunny,32,40,1,Fall
November,2015,Sand/gravel/dirt,Clear and sunny,20,22,1,Fall
November,2015,Sand/gravel/dirt,"Overcast, cloudy but no precipitation",4,3,1,Fall
November,2015,Sand/gravel/dirt,Raining,1,2,0,Fall
November,2015,Sand/gravel/dirt,"Snowing, not including drifting snow",1,2,0,Fall
November,2015,Muddy,Clear and sunny,2,6,0,Fall
November,2015,Muddy,Raining,2,3,0,Fall
November,2015,Muddy,Visibility limitation,1,1,0,Fall
November,2015,Oil,Clear and sunny,3,3,0,Fall
November,2015,Oil,Raining,1,1,0,Fall
November,2015,Flooded,"Overcast, cloudy but no precipitation",1,1,0,Fall
November,2015,Other,Clear and sunny,214,284,1,Fall
November,2015,Other,Raining,2,2,0,Fall
November,2015,Other,"Snowing, not including drifting snow",124,165,5,Fall
November,2015,Other,"Freezing rain, sleet, hail",4,6,0,Fall
November,2015,Other,Visibility limitation,11,15,1,Fall
November,2015,Other,Strong wind,3,3,0,Fall
November,2015,Other,Other,2,2,0,Fall
November,2015,Other,Clear and sunny,4,4,0,Fall
November,2015,Wet,Clear and sunny,14,19,0,Fall
November,2015,Wet,"Overcast, cloudy but no precipitation",6,9,0,Fall
November,2015,Wet,Raining,1,1,0,Fall
November,2015,Wet,"Snowing, not including drifting snow",4,4,0,Fall
November,2015,Wet,"Freezing rain, sleet, hail",1,1,0,Fall
November,2015,Wet,Visibility limitation,1,1,0,Fall
November,2015,Wet,Clear and sunny,52,53,1,Fall
November,2016,"Dry, normal",Clear and sunny,5476,7309,83,Fall
November,2016,"Dry, normal","Overcast, cloudy but no precipitation",765,1045,22,Fall
November,2016,"Dry, normal",Raining,16,17,0,Fall
November,2016,"Dry, normal","Snowing, not including drifting snow",10,12,0,Fall
November,2016,"Dry, normal",Visibility limitation,74,88,1,Fall
November,2016,"Dry, normal",Strong wind,14,19,0,Fall
November,2016,"Dry, normal",Other,9,11,1,Fall
November,2016,"Dry, normal",Clear and sunny,58,72,3,Fall
November,2016,Wet,Clear and sunny,445,565,5,Fall
November,2016,Wet,"Overcast, cloudy but no precipitation",471,619,12,Fall
November,2016,Wet,Raining,1345,1719,16,Fall
November,2016,Wet,"Snowing, not including drifting snow",142,178,2,Fall
November,2016,Wet,"Freezing rain, sleet, hail",20,27,0,Fall
November,2016,Wet,Visibility limitation,129,161,5,Fall
November,2016,Wet,Strong wind,6,6,1,Fall
November,2016,Wet,Other,7,9,0,Fall
November,2016,Wet,Clear and sunny,11,13,0,Fall
November,2016,"Snow (fresh, loose snow)",Clear and sunny,34,43,0,Fall
November,2016,"Snow (fresh, loose snow)","Overcast, cloudy but no precipitation",23,24,1,Fall
November,2016,"Snow (fresh, loose snow)",Raining,4,6,0,Fall
November,2016,"Snow (fresh, loose snow)","Snowing, not including drifting snow",244,315,4,Fall
November,2016,"Snow (fresh, loose snow)","Freezing rain, sleet, hail",3,2,1,Fall
November,2016,"Snow (fresh, loose snow)",Visibility limitation,38,55,0,Fall
November,2016,"Snow (fresh, loose snow)",Other,2,1,1,Fall
November,2016,"Slush, wet snow",Clear and sunny,26,34,1,Fall
November,2016,"Slush, wet snow","Overcast, cloudy but no precipitation",33,43,0,Fall
November,2016,"Slush, wet snow",Raining,9,10,0,Fall
November,2016,"Slush, wet snow","Snowing, not including drifting snow",132,167,7,Fall
November,2016,"Slush, wet snow","Freezing rain, sleet, hail",14,20,0,Fall
November,2016,"Slush, wet snow",Visibility limitation,12,14,0,Fall
November,2016,"Slush, wet snow",Strong wind,1,1,0,Fall
November,2016,"Slush, wet snow",Other,1,1,0,Fall
November,2016,Icy,Clear and sunny,151,174,4,Fall
November,2016,Icy,"Overcast, cloudy but no precipitation",96,127,3,Fall
November,2016,Icy,Raining,12,15,0,Fall
November,2016,Icy,"Snowing, not including drifting snow",153,209,2,Fall
November,2016,Icy,"Freezing rain, sleet, hail",71,93,4,Fall
November,2016,Icy,Visibility limitation,42,60,1,Fall
November,2016,Icy,Strong wind,11,16,0,Fall
November,2016,Icy,Other,1,1,0,Fall
November,2016,Icy,Clear and sunny,11,13,0,Fall
November,2016,Sand/gravel/dirt,Clear and sunny,32,34,1,Fall
November,2016,Sand/gravel/dirt,"Overcast, cloudy but no precipitation",6,5,1,Fall
November,2016,Sand/gravel/dirt,Visibility limitation,3,5,0,Fall
November,2016,Muddy,Clear and sunny,9,9,0,Fall
November,2016,Muddy,"Overcast, cloudy but no precipitation",7,8,0,Fall
November,2016,Muddy,Raining,4,5,0,Fall
November,2016,Oil,Clear and sunny,3,3,0,Fall
November,2016,Flooded,Raining,3,3,0,Fall
November,2016,Other,Clear and sunny,88,119,1,Fall
November,2016,Other,"Overcast, cloudy but no precipitation",1,1,0,Fall
November,2016,Other,Raining,3,5,0,Fall
November,2016,Other,"Snowing, not including drifting snow",85,109,2,Fall
November,2016,Other,"Freezing rain, sleet, hail",3,4,0,Fall
November,2016,Other,Visibility limitation,22,27,1,Fall
November,2016,Other,Other,5,5,1,Fall
November,2016,Other,Clear and sunny,8,12,0,Fall
November,2016,Wet,Clear and sunny,10,12,0,Fall
November,2016,Wet,"Overcast, cloudy but no precipitation",3,6,0,Fall
November,2016,Wet,Raining,1,2,0,Fall
November,2016,Wet,"Snowing, not including drifting snow",3,3,0,Fall
November,2016,Wet,Visibility limitation,3,5,0,Fall
November,2016,Wet,Strong wind,1,1,0,Fall
November,2016,Wet,Clear and sunny,75,96,2,Fall
November,2017,"Dry, normal",Clear and sunny,4373,5787,64,Fall
November,2017,"Dry, normal","Overcast, cloudy but no precipitation",699,939,10,Fall
November,2017,"Dry, normal",Raining,12,15,0,Fall
November,2017,"Dry, normal","Snowing, not including drifting snow",15,21,1,Fall
November,2017,"Dry, normal",Visibility limitation,14,30,0,Fall
November,2017,"Dry, normal",Strong wind,14,15,0,Fall
November,2017,"Dry, normal",Other,6,7,1,Fall
November,2017,"Dry, normal",Clear and sunny,31,33,1,Fall
November,2017,Wet,Clear and sunny,579,772,12,Fall
November,2017,Wet,"Overcast, cloudy but no precipitation",373,466,7,Fall
November,2017,Wet,Raining,1569,2106,16,Fall
November,2017,Wet,"Snowing, not including drifting snow",91,126,2,Fall
November,2017,Wet,"Freezing rain, sleet, hail",8,10,0,Fall
November,2017,Wet,Visibility limitation,35,49,0,Fall
November,2017,Wet,Strong wind,5,10,0,Fall
November,2017,Wet,Other,5,7,0,Fall
November,2017,Wet,Clear and sunny,11,18,0,Fall
November,2017,"Snow (fresh, loose snow)",Clear and sunny,99,122,2,Fall
November,2017,"Snow (fresh, loose snow)","Overcast, cloudy but no precipitation",46,61,1,Fall
November,2017,"Snow (fresh, loose snow)",Raining,2,2,0,Fall
November,2017,"Snow (fresh, loose snow)","Snowing, not including drifting snow",311,401,5,Fall
November,2017,"Snow (fresh, loose snow)","Freezing rain, sleet, hail",1,1,0,Fall
November,2017,"Snow (fresh, loose snow)",Visibility limitation,35,48,0,Fall
November,2017,"Snow (fresh, loose snow)",Strong wind,2,4,0,Fall
November,2017,"Snow (fresh, loose snow)",Clear and sunny,4,5,0,Fall
November,2017,"Slush, wet snow",Clear and sunny,29,37,1,Fall
November,2017,"Slush, wet snow","Overcast, cloudy but no precipitation",32,41,1,Fall
November,2017,"Slush, wet snow",Raining,14,19,0,Fall
November,2017,"Slush, wet snow","Snowing, not including drifting snow",122,159,4,Fall
November,2017,"Slush, wet snow","Freezing rain, sleet, hail",8,11,1,Fall
November,2017,"Slush, wet snow",Visibility limitation,4,6,0,Fall
November,2017,"Slush, wet snow",Strong wind,1,1,0,Fall
November,2017,"Slush, wet snow",Clear and sunny,2,2,0,Fall
November,2017,Icy,Clear and sunny,393,502,7,Fall
November,2017,Icy,"Overcast, cloudy but no precipitation",210,257,2,Fall
November,2017,Icy,Raining,40,55,1,Fall
November,2017,Icy,"Snowing, not including drifting snow",277,370,3,Fall
November,2017,Icy,"Freezing rain, sleet, hail",50,62,0,Fall
November,2017,Icy,Visibility limitation,33,43,0,Fall
November,2017,Icy,Strong wind,13,21,0,Fall
November,2017,Icy,Other,6,7,0,Fall
November,2017,Icy,Clear and sunny,26,29,0,Fall
November,2017,Sand/gravel/dirt,Clear and sunny,16,19,0,Fall
November,2017,Sand/gravel/dirt,"Overcast, cloudy but no precipitation",5,5,0,Fall
November,2017,Sand/gravel/dirt,Visibility limitation,1,1,0,Fall
November,2017,Sand/gravel/dirt,Other,1,1,0,Fall
November,2017,Muddy,Clear and sunny,1,1,0,Fall
November,2017,Muddy,Raining,1,1,0,Fall
November,2017,Oil,Clear and sunny,1,3,0,Fall
November,2017,Other,Clear and sunny,401,511,7,Fall
November,2017,Other,"Overcast, cloudy but no precipitation",2,2,0,Fall
November,2017,Other,Raining,8,13,0,Fall
November,2017,Other,"Snowing, not including drifting snow",340,431,1,Fall
November,2017,Other,"Freezing rain, sleet, hail",10,17,0,Fall
November,2017,Other,Visibility limitation,18,23,0,Fall
November,2017,Other,Strong wind,4,6,0,Fall
November,2017,Other,Other,8,8,0,Fall
November,2017,Other,Clear and sunny,15,13,2,Fall
November,2017,Wet,Clear and sunny,31,40,0,Fall
November,2017,Wet,"Overcast, cloudy but no precipitation",9,9,0,Fall
November,2017,Wet,Raining,2,3,0,Fall
November,2017,Wet,"Snowing, not including drifting snow",4,4,0,Fall
November,2017,Wet,Visibility limitation,1,5,0,Fall
November,2017,Wet,Clear and sunny,71,79,1,Fall
November,2018,"Dry, normal",Clear and sunny,3678,4942,69,Fall
November,2018,"Dry, normal","Overcast, cloudy but no precipitation",567,743,7,Fall
November,2018,"Dry, normal",Raining,11,14,0,Fall
November,2018,"Dry, normal","Snowing, not including drifting snow",17,23,0,Fall
November,2018,"Dry, normal",Visibility limitation,33,43,0,Fall
November,2018,"Dry, normal",Strong wind,15,15,0,Fall
November,2018,"Dry, normal",Other,9,9,0,Fall
November,2018,"Dry, normal",Clear and sunny,29,36,0,Fall
November,2018,Wet,Clear and sunny,706,943,8,Fall
November,2018,Wet,"Overcast, cloudy but no precipitation",418,545,4,Fall
November,2018,Wet,Raining,1552,1993,18,Fall
November,2018,Wet,"Snowing, not including drifting snow",220,286,5,Fall
November,2018,Wet,"Freezing rain, sleet, hail",20,24,0,Fall
November,2018,Wet,Visibility limitation,85,112,3,Fall
November,2018,Wet,Strong wind,7,11,0,Fall
November,2018,Wet,Other,8,9,0,Fall
November,2018,Wet,Clear and sunny,18,21,0,Fall
November,2018,"Snow (fresh, loose snow)",Clear and sunny,139,156,0,Fall
November,2018,"Snow (fresh, loose snow)","Overcast, cloudy but no precipitation",81,97,0,Fall
November,2018,"Snow (fresh, loose snow)",Raining,6,9,0,Fall
November,2018,"Snow (fresh, loose snow)","Snowing, not including drifting snow",642,825,11,Fall
November,2018,"Snow (fresh, loose snow)","Freezing rain, sleet, hail",1,1,0,Fall
November,2018,"Snow (fresh, loose snow)",Visibility limitation,65,83,3,Fall
November,2018,"Snow (fresh, loose snow)",Strong wind,4,6,0,Fall
November,2018,"Snow (fresh, loose snow)",Clear and sunny,11,14,0,Fall
November,2018,"Slush, wet snow",Clear and sunny,41,53,2,Fall
November,2018,"Slush, wet snow","Overcast, cloudy but no precipitation",42,50,1,Fall
November,2018,"Slush, wet snow",Raining,16,22,1,Fall
November,2018,"Slush, wet snow","Snowing, not including drifting snow",238,306,3,Fall
November,2018,"Slush, wet snow","Freezing rain, sleet, hail",9,13,0,Fall
November,2018,"Slush, wet snow",Visibility limitation,13,20,0,Fall
November,2018,"Slush, wet snow",Strong wind,1,1,0,Fall
November,2018,"Slush, wet snow",Other,1,1,0,Fall
November,2018,"Slush, wet snow",Clear and sunny,1,1,0,Fall
November,2018,Icy,Clear and sunny,299,377,4,Fall
November,2018,Icy,"Overcast, cloudy but no precipitation",124,163,2,Fall
November,2018,Icy,Raining,30,36,0,Fall
November,2018,Icy,"Snowing, not including drifting snow",338,446,3,Fall
November,2018,Icy,"Freezing rain, sleet, hail",52,71,3,Fall
November,2018,Icy,Visibility limitation,74,95,2,Fall
November,2018,Icy,Strong wind,11,12,0,Fall
November,2018,Icy,Other,2,3,0,Fall
November,2018,Icy,Clear and sunny,25,37,0,Fall
November,2018,Sand/gravel/dirt,Clear and sunny,8,8,2,Fall
November,2018,Sand/gravel/dirt,"Overcast, cloudy but no precipitation",8,9,1,Fall
November,2018,Muddy,Clear and sunny,2,3,0,Fall
November,2018,Muddy,"Overcast, cloudy but no precipitation",2,3,0,Fall
November,2018,Muddy,Visibility limitation,1,1,0,Fall
November,2018,Muddy,Clear and sunny,1,1,0,Fall
November,2018,Oil,"Overcast, cloudy but no precipitation",1,1,0,Fall
November,2018,Flooded,Raining,4,4,0,Fall
November,2018,Other,Clear and sunny,267,346,6,Fall
November,2018,Other,"Overcast, cloudy but no precipitation",1,1,0,Fall
November,2018,Other,Raining,36,60,0,Fall
November,2018,Other,"Snowing, not including drifting snow",250,311,2,Fall
November,2018,Other,"Freezing rain, sleet, hail",9,12,0,Fall
November,2018,Other,Visibility limitation,8,10,1,Fall
November,2018,Other,Strong wind,1,1,0,Fall
November,2018,Other,Other,15,23,1,Fall
November,2018,Other,Clear and sunny,7,11,1,Fall
November,2018,Wet,Clear and sunny,19,23,0,Fall
November,2018,Wet,"Overcast, cloudy but no precipitation",11,13,1,Fall
November,2018,Wet,Raining,2,3,0,Fall
November,2018,Wet,"Snowing, not including drifting snow",6,13,0,Fall
November,2018,Wet,"Freezing rain, sleet, hail",1,2,0,Fall
November,2018,Wet,Visibility limitation,2,2,0,Fall
November,2018,Wet,Clear and sunny,90,105,2,Fall
November,2019,"Dry, normal",Clear and sunny,3994,5383,61,Fall
November,2019,"Dry, normal","Overcast, cloudy but no precipitation",581,780,13,Fall
November,2019,"Dry, normal",Raining,11,11,0,Fall
November,2019,"Dry, normal","Snowing, not including drifting snow",14,18,0,Fall
November,2019,"Dry, normal",Visibility limitation,12,14,2,Fall
November,2019,"Dry, normal",Strong wind,29,32,1,Fall
November,2019,"Dry, normal",Other,4,5,1,Fall
November,2019,"Dry, normal",Clear and sunny,34,43,1,Fall
November,2019,Wet,Clear and sunny,633,825,14,Fall
November,2019,Wet,"Overcast, cloudy but no precipitation",311,409,11,Fall
November,2019,Wet,Raining,743,957,12,Fall
November,2019,Wet,"Snowing, not including drifting snow",196,253,3,Fall
November,2019,Wet,"Freezing rain, sleet, hail",14,15,0,Fall
November,2019,Wet,Visibility limitation,48,58,3,Fall
November,2019,Wet,Strong wind,13,16,0,Fall
November,2019,Wet,Other,10,13,0,Fall
November,2019,Wet,Clear and sunny,16,18,1,Fall
November,2019,"Snow (fresh, loose snow)",Clear and sunny,115,141,2,Fall
November,2019,"Snow (fresh, loose snow)","Overcast, cloudy but no precipitation",59,70,0,Fall
November,2019,"Snow (fresh, loose snow)",Raining,2,2,0,Fall
November,2019,"Snow (fresh, loose snow)","Snowing, not including drifting snow",465,602,5,Fall
November,2019,"Snow (fresh, loose snow)",Visibility limitation,40,47,1,Fall
November,2019,"Snow (fresh, loose snow)",Strong wind,1,1,0,Fall
November,2019,"Snow (fresh, loose snow)",Clear and sunny,5,6,0,Fall
November,2019,"Slush, wet snow",Clear and sunny,52,71,1,Fall
November,2019,"Slush, wet snow","Overcast, cloudy but no precipitation",39,48,3,Fall
November,2019,"Slush, wet snow",Raining,5,7,0,Fall
November,2019,"Slush, wet snow","Snowing, not including drifting snow",136,170,1,Fall
November,2019,"Slush, wet snow","Freezing rain, sleet, hail",14,18,0,Fall
November,2019,"Slush, wet snow",Visibility limitation,12,17,0,Fall
November,2019,"Slush, wet snow",Strong wind,1,1,0,Fall
November,2019,"Slush, wet snow",Other,1,1,0,Fall
November,2019,"Slush, wet snow",Clear and sunny,1,2,0,Fall
November,2019,Icy,Clear and sunny,378,485,4,Fall
November,2019,Icy,"Overcast, cloudy but no precipitation",187,230,5,Fall
November,2019,Icy,Raining,28,29,1,Fall
November,2019,Icy,"Snowing, not including drifting snow",270,358,8,Fall
November,2019,Icy,"Freezing rain, sleet, hail",63,83,0,Fall
November,2019,Icy,Visibility limitation,37,56,0,Fall
November,2019,Icy,Strong wind,10,11,0,Fall
November,2019,Icy,Other,1,1,0,Fall
November,2019,Icy,Clear and sunny,24,32,0,Fall
November,2019,Sand/gravel/dirt,Clear and sunny,8,15,0,Fall
November,2019,Sand/gravel/dirt,"Overcast, cloudy but no precipitation",3,2,1,Fall
November,2019,Sand/gravel/dirt,Raining,3,4,0,Fall
November,2019,Sand/gravel/dirt,"Snowing, not including drifting snow",1,1,0,Fall
November,2019,Muddy,Clear and sunny,3,3,0,Fall
November,2019,Muddy,Raining,1,1,0,Fall
November,2019,Flooded,Raining,4,4,0,Fall
November,2019,Other,Clear and sunny,274,334,10,Fall
November,2019,Other,"Overcast, cloudy but no precipitation",2,2,0,Fall
November,2019,Other,Raining,25,33,1,Fall
November,2019,Other,"Snowing, not including drifting snow",228,296,2,Fall
November,2019,Other,"Freezing rain, sleet, hail",7,7,1,Fall
November,2019,Other,Visibility limitation,18,45,0,Fall
November,2019,Other,Strong wind,3,4,0,Fall
November,2019,Other,Other,7,8,0,Fall
November,2019,Other,Clear and sunny,12,14,0,Fall
November,2019,Wet,Clear and sunny,19,22,0,Fall
November,2019,Wet,"Overcast, cloudy but no precipitation",7,8,0,Fall
November,2019,Wet,Raining,1,2,0,Fall
November,2019,Wet,"Snowing, not including drifting snow",1,1,0,Fall
November,2019,Wet,"Freezing rain, sleet, hail",1,2,0,Fall
November,2019,Wet,Strong wind,1,1,0,Fall
November,2019,Wet,Clear and sunny,49,54,6,Fall
November,2020,"Dry, normal",Clear and sunny,3650,4751,85,Fall
November,2020,"Dry, normal","Overcast, cloudy but no precipitation",480,604,15,Fall
November,2020,"Dry, normal",Raining,7,7,0,Fall
November,2020,"Dry, normal","Snowing, not including drifting snow",3,4,0,Fall
November,2020,"Dry, normal",Visibility limitation,13,20,0,Fall
November,2020,"Dry, normal",Strong wind,14,16,0,Fall
November,2020,"Dry, normal",Other,4,6,1,Fall
November,2020,"Dry, normal",Clear and sunny,26,26,0,Fall
November,2020,Wet,Clear and sunny,297,397,8,Fall
November,2020,Wet,"Overcast, cloudy but no precipitation",220,290,11,Fall
November,2020,Wet,Raining,594,766,10,Fall
November,2020,Wet,"Snowing, not including drifting snow",72,101,2,Fall
November,2020,Wet,"Freezing rain, sleet, hail",9,9,0,Fall
November,2020,Wet,Visibility limitation,45,61,1,Fall
November,2020,Wet,Strong wind,7,10,0,Fall
November,2020,Wet,Other,1,1,0,Fall
November,2020,Wet,Clear and sunny,5,6,1,Fall
November,2020,"Snow (fresh, loose snow)",Clear and sunny,40,48,1,Fall
November,2020,"Snow (fresh, loose snow)","Overcast, cloudy but no precipitation",30,38,0,Fall
November,2020,"Snow (fresh, loose snow)",Raining,5,7,0,Fall
November,2020,"Snow (fresh, loose snow)","Snowing, not including drifting snow",260,344,2,Fall
November,2020,"Snow (fresh, loose snow)","Freezing rain, sleet, hail",1,1,0,Fall
November,2020,"Snow (fresh, loose snow)",Visibility limitation,6,6,1,Fall
November,2020,"Snow (fresh, loose snow)",Strong wind,2,7,0,Fall
November,2020,"Snow (fresh, loose snow)",Clear and sunny,7,5,0,Fall
November,2020,"Slush, wet snow",Clear and sunny,22,30,1,Fall
November,2020,"Slush, wet snow","Overcast, cloudy but no precipitation",21,27,2,Fall
November,2020,"Slush, wet snow",Raining,10,10,1,Fall
November,2020,"Slush, wet snow","Snowing, not including drifting snow",102,129,1,Fall
November,2020,"Slush, wet snow","Freezing rain, sleet, hail",11,15,0,Fall
November,2020,"Slush, wet snow",Strong wind,1,1,0,Fall
November,2020,Icy,Clear and sunny,162,194,3,Fall
November,2020,Icy,"Overcast, cloudy but no precipitation",90,116,2,Fall
November,2020,Icy,Raining,15,15,0,Fall
November,2020,Icy,"Snowing, not including drifting snow",138,176,1,Fall
November,2020,Icy,"Freezing rain, sleet, hail",22,24,0,Fall
November,2020,Icy,Visibility limitation,20,29,0,Fall
November,2020,Icy,Strong wind,9,13,0,Fall
November,2020,Icy,Other,3,3,0,Fall
November,2020,Icy,Clear and sunny,20,28,0,Fall
November,2020,Sand/gravel/dirt,Clear and sunny,12,16,0,Fall
November,2020,Sand/gravel/dirt,"Overcast, cloudy but no precipitation",5,5,1,Fall
November,2020,Sand/gravel/dirt,Visibility limitation,1,1,0,Fall
November,2020,Muddy,Clear and sunny,4,7,0,Fall
November,2020,Muddy,"Overcast, cloudy but no precipitation",6,7,1,Fall
November,2020,Muddy,Raining,1,1,0,Fall
November,2020,Muddy,"Snowing, not including drifting snow",1,1,0,Fall
November,2020,Flooded,Raining,4,4,0,Fall
November,2020,Other,Clear and sunny,216,292,2,Fall
November,2020,Other,"Overcast, cloudy but no precipitation",1,1,0,Fall
November,2020,Other,Raining,2,3,0,Fall
November,2020,Other,"Snowing, not including drifting snow",163,206,5,Fall
November,2020,Other,"Freezing rain, sleet, hail",3,3,1,Fall
November,2020,Other,Visibility limitation,5,5,0,Fall
November,2020,Other,Strong wind,7,10,0,Fall
November,2020,Other,Other,4,5,0,Fall
November,2020,Other,Clear and sunny,8,11,0,Fall
November,2020,Wet,Clear and sunny,18,20,0,Fall
November,2020,Wet,"Overcast, cloudy but no precipitation",6,6,0,Fall
November,2020,Wet,Raining,1,2,0,Fall
November,2020,Wet,"Snowing, not including drifting snow",2,2,0,Fall
November,2020,Wet,Clear and sunny,34,38,2,Fall
November,2021,"Dry, normal",Clear and sunny,4435,5621,88,Fall
November,2021,"Dry, normal","Overcast, cloudy but no precipitation",458,581,12,Fall
November,2021,"Dry, normal",Raining,7,8,0,Fall
November,2021,"Dry, normal","Snowing, not including drifting snow",8,8,0,Fall
November,2021,"Dry, normal",Visibility limitation,13,14,1,Fall
November,2021,"Dry, normal",Strong wind,14,17,1,Fall
November,2021,"Dry, normal",Other,5,7,0,Fall
November,2021,"Dry, normal",Clear and sunny,36,44,0,Fall
November,2021,Wet,Clear and sunny,362,482,7,Fall
November,2021,Wet,"Overcast, cloudy but no precipitation",220,285,7,Fall
November,2021,Wet,Raining,791,1014,13,Fall
November,2021,Wet,"Snowing, not including drifting snow",108,134,2,Fall
November,2021,Wet,"Freezing rain, sleet, hail",10,13,0,Fall
November,2021,Wet,Visibility limitation,30,40,0,Fall
November,2021,Wet,Strong wind,3,3,0,Fall
November,2021,Wet,Other,4,7,0,Fall
November,2021,Wet,Clear and sunny,10,11,1,Fall
November,2021,"Snow (fresh, loose snow)",Clear and sunny,30,35,0,Fall
November,2021,"Snow (fresh, loose snow)","Overcast, cloudy but no precipitation",22,28,0,Fall
November,2021,"Snow (fresh, loose snow)",Raining,2,2,0,Fall
November,2021,"Snow (fresh, loose snow)","Snowing, not including drifting snow",233,312,2,Fall
November,2021,"Snow (fresh, loose snow)","Freezing rain, sleet, hail",3,5,0,Fall
November,2021,"Snow (fresh, loose snow)",Visibility limitation,8,9,0,Fall
November,2021,"Snow (fresh, loose snow)",Strong wind,3,4,0,Fall
November,2021,"Snow (fresh, loose snow)",Other,1,1,0,Fall
November,2021,"Snow (fresh, loose snow)",Clear and sunny,9,12,1,Fall
November,2021,"Slush, wet snow",Clear and sunny,23,30,1,Fall
November,2021,"Slush, wet snow","Overcast, cloudy but no precipitation",17,19,0,Fall
November,2021,"Slush, wet snow",Raining,10,11,0,Fall
November,2021,"Slush, wet snow","Snowing, not including drifting snow",122,147,6,Fall
November,2021,"Slush, wet snow","Freezing rain, sleet, hail",11,14,0,Fall
November,2021,"Slush, wet snow",Visibility limitation,3,4,0,Fall
November,2021,"Slush, wet snow",Strong wind,1,0,1,Fall
November,2021,Icy,Clear and sunny,222,281,5,Fall
November,2021,Icy,"Overcast, cloudy but no precipitation",84,100,2,Fall
November,2021,Icy,Raining,12,12,0,Fall
November,2021,Icy,"Snowing, not including drifting snow",158,198,0,Fall
November,2021,Icy,"Freezing rain, sleet, hail",48,63,0,Fall
November,2021,Icy,Visibility limitation,29,39,0,Fall
November,2021,Icy,Strong wind,13,14,0,Fall
November,2021,Icy,Other,5,5,0,Fall
November,2021,Icy,Clear and sunny,23,33,0,Fall
November,2021,Sand/gravel/dirt,Clear and sunny,15,17,0,Fall
November,2021,Sand/gravel/dirt,"Overcast, cloudy but no precipitation",3,3,0,Fall
November,2021,Sand/gravel/dirt,Visibility limitation,1,1,0,Fall
November,2021,Muddy,Clear and sunny,3,5,0,Fall
November,2021,Muddy,"Overcast, cloudy but no precipitation",1,0,1,Fall
November,2021,Muddy,Raining,1,1,0,Fall
November,2021,Other,Clear and sunny,142,193,8,Fall
November,2021,Other,Raining,17,22,1,Fall
November,2021,Other,"Snowing, not including drifting snow",105,137,2,Fall
November,2021,Other,"Freezing rain, sleet, hail",4,6,0,Fall
November,2021,Other,Visibility limitation,3,3,0,Fall
November,2021,Other,Strong wind,4,4,0,Fall
November,2021,Other,Other,5,6,0,Fall
November,2021,Other,Clear and sunny,3,3,0,Fall
November,2021,Wet,Clear and sunny,13,14,0,Fall
November,2021,Wet,"Overcast, cloudy but no precipitation",4,4,0,Fall
November,2021,Wet,"Snowing, not including drifting snow",1,1,0,Fall
November,2021,Wet,Other,1,1,0,Fall
November,2021,Wet,Clear and sunny,54,67,4,Fall
December,2010,"Dry, normal",Clear and sunny,3009,4305,44,Winter
December,2010,"Dry, normal","Overcast, cloudy but no precipitation",408,547,4,Winter
December,2010,"Dry, normal",Raining,6,7,0,Winter
December,2010,"Dry, normal","Snowing, not including drifting snow",8,11,0,Winter
December,2010,"Dry, normal","Freezing rain, sleet, hail",1,2,0,Winter
December,2010,"Dry, normal",Visibility limitation,18,19,0,Winter
December,2010,"Dry, normal",Strong wind,9,12,0,Winter
December,2010,"Dry, normal",Other,4,4,0,Winter
December,2010,"Dry, normal",Clear and sunny,6,8,0,Winter
December,2010,Wet,Clear and sunny,1101,1535,15,Winter
December,2010,Wet,"Overcast, cloudy but no precipitation",545,746,11,Winter
December,2010,Wet,Raining,728,926,11,Winter
December,2010,Wet,"Snowing, not including drifting snow",298,411,3,Winter
December,2010,Wet,"Freezing rain, sleet, hail",18,21,1,Winter
December,2010,Wet,Visibility limitation,37,56,0,Winter
December,2010,Wet,Strong wind,9,9,1,Winter
December,2010,Wet,Other,13,16,0,Winter
December,2010,Wet,Clear and sunny,10,12,0,Winter
December,2010,"Snow (fresh, loose snow)",Clear and sunny,340,419,1,Winter
December,2010,"Snow (fresh, loose snow)","Overcast, cloudy but no precipitation",197,273,4,Winter
December,2010,"Snow (fresh, loose snow)",Raining,8,13,0,Winter
December,2010,"Snow (fresh, loose snow)","Snowing, not including drifting snow",825,1084,10,Winter
December,2010,"Snow (fresh, loose snow)","Freezing rain, sleet, hail",4,7,0,Winter
December,2010,"Snow (fresh, loose snow)",Visibility limitation,152,213,2,Winter
December,2010,"Snow (fresh, loose snow)",Strong wind,7,12,0,Winter
December,2010,"Snow (fresh, loose snow)",Other,2,5,0,Winter
December,2010,"Snow (fresh, loose snow)",Clear and sunny,8,12,0,Winter
December,2010,"Slush, wet snow",Clear and sunny,120,162,1,Winter
December,2010,"Slush, wet snow","Overcast, cloudy but no precipitation",82,112,0,Winter
December,2010,"Slush, wet snow",Raining,42,56,1,Winter
December,2010,"Slush, wet snow","Snowing, not including drifting snow",232,337,4,Winter
December,2010,"Slush, wet snow","Freezing rain, sleet, hail",15,23,0,Winter
December,2010,"Slush, wet snow",Visibility limitation,14,24,0,Winter
December,2010,"Slush, wet snow",Other,6,9,0,Winter
December,2010,"Slush, wet snow",Clear and sunny,4,4,0,Winter
December,2010,Icy,Clear and sunny,648,901,9,Winter
December,2010,Icy,"Overcast, cloudy but no precipitation",289,384,6,Winter
December,2010,Icy,Raining,45,56,2,Winter
December,2010,Icy,"Snowing, not including drifting snow",490,695,7,Winter
December,2010,Icy,"Freezing rain, sleet, hail",93,122,4,Winter
December,2010,Icy,Visibility limitation,137,189,7,Winter
December,2010,Icy,Strong wind,25,38,1,Winter
December,2010,Icy,Other,4,3,1,Winter
December,2010,Icy,Clear and sunny,13,18,0,Winter
December,2010,Sand/gravel/dirt,Clear and sunny,8,11,0,Winter
December,2010,Sand/gravel/dirt,"Overcast, cloudy but no precipitation",2,3,1,Winter
December,2010,Sand/gravel/dirt,"Snowing, not including drifting snow",1,2,0,Winter
December,2010,Sand/gravel/dirt,Visibility limitation,1,1,0,Winter
December,2010,Sand/gravel/dirt,Strong wind,1,1,0,Winter
December,2010,Muddy,Clear and sunny,2,2,0,Winter
December,2010,Muddy,"Overcast, cloudy but no precipitation",1,2,0,Winter
December,2010,Muddy,"Snowing, not including drifting snow",1,2,0,Winter
December,2010,Muddy,"Freezing rain, sleet, hail",1,2,0,Winter
December,2010,Muddy,Visibility limitation,1,3,0,Winter
December,2010,Other,Clear and sunny,601,780,16,Winter
December,2010,Other,"Overcast, cloudy but no precipitation",2,2,0,Winter
December,2010,Other,Raining,6,6,0,Winter
December,2010,Other,"Snowing, not including drifting snow",294,384,5,Winter
December,2010,Other,"Freezing rain, sleet, hail",6,6,0,Winter
December,2010,Other,Visibility limitation,12,23,0,Winter
December,2010,Other,Strong wind,5,7,0,Winter
December,2010,Other,Other,14,20,0,Winter
December,2010,Other,Clear and sunny,15,18,0,Winter
December,2010,Wet,Clear and sunny,24,34,0,Winter
December,2010,Wet,"Overcast, cloudy but no precipitation",7,8,0,Winter
December,2010,Wet,Raining,1,1,0,Winter
December,2010,Wet,"Snowing, not including drifting snow",5,5,0,Winter
December,2010,Wet,"Freezing rain, sleet, hail",1,2,0,Winter
December,2010,Wet,Visibility limitation,1,1,0,Winter
December,2010,Wet,Strong wind,2,2,0,Winter
December,2010,Wet,Other,2,3,0,Winter
December,2010,Wet,Clear and sunny,79,89,0,Winter
December,2011,"Dry, normal",Clear and sunny,4061,5527,53,Winter
December,2011,"Dry, normal","Overcast, cloudy but no precipitation",497,683,4,Winter
December,2011,"Dry, normal",Raining,8,16,0,Winter
December,2011,"Dry, normal","Snowing, not including drifting snow",17,23,0,Winter
December,2011,"Dry, normal","Freezing rain, sleet, hail",2,2,0,Winter
December,2011,"Dry, normal",Visibility limitation,5,8,0,Winter
December,2011,"Dry, normal",Strong wind,7,7,0,Winter
December,2011,"Dry, normal",Other,9,9,0,Winter
December,2011,"Dry, normal",Clear and sunny,40,51,0,Winter
December,2011,Wet,Clear and sunny,884,1210,7,Winter
December,2011,Wet,"Overcast, cloudy but no precipitation",520,702,10,Winter
December,2011,Wet,Raining,1327,1773,11,Winter
December,2011,Wet,"Snowing, not including drifting snow",212,291,4,Winter
December,2011,Wet,"Freezing rain, sleet, hail",20,29,1,Winter
December,2011,Wet,Visibility limitation,68,94,1,Winter
December,2011,Wet,Strong wind,7,10,1,Winter
December,2011,Wet,Other,19,22,0,Winter
December,2011,Wet,Clear and sunny,14,16,0,Winter
December,2011,"Snow (fresh, loose snow)",Clear and sunny,165,209,2,Winter
December,2011,"Snow (fresh, loose snow)","Overcast, cloudy but no precipitation",86,108,3,Winter
December,2011,"Snow (fresh, loose snow)",Raining,5,9,0,Winter
December,2011,"Snow (fresh, loose snow)","Snowing, not including drifting snow",514,726,4,Winter
December,2011,"Snow (fresh, loose snow)",Visibility limitation,49,72,2,Winter
December,2011,"Snow (fresh, loose snow)",Strong wind,4,5,0,Winter
December,2011,"Snow (fresh, loose snow)",Other,2,3,0,Winter
December,2011,"Snow (fresh, loose snow)",Clear and sunny,8,12,0,Winter
December,2011,"Slush, wet snow",Clear and sunny,84,105,2,Winter
December,2011,"Slush, wet snow","Overcast, cloudy but no precipitation",67,87,1,Winter
December,2011,"Slush, wet snow",Raining,43,69,1,Winter
December,2011,"Slush, wet snow","Snowing, not including drifting snow",211,278,7,Winter
December,2011,"Slush, wet snow","Freezing rain, sleet, hail",9,10,0,Winter
December,2011,"Slush, wet snow",Visibility limitation,12,15,0,Winter
December,2011,"Slush, wet snow",Clear and sunny,1,2,0,Winter
December,2011,Icy,Clear and sunny,742,969,19,Winter
December,2011,Icy,"Overcast, cloudy but no precipitation",280,364,6,Winter
December,2011,Icy,Raining,60,65,2,Winter
December,2011,Icy,"Snowing, not including drifting snow",341,489,9,Winter
December,2011,Icy,"Freezing rain, sleet, hail",181,236,3,Winter
December,2011,Icy,Visibility limitation,53,77,1,Winter
December,2011,Icy,Strong wind,16,18,0,Winter
December,2011,Icy,Other,2,2,0,Winter
December,2011,Icy,Clear and sunny,39,48,0,Winter
December,2011,Sand/gravel/dirt,Clear and sunny,17,26,1,Winter
December,2011,Sand/gravel/dirt,"Overcast, cloudy but no precipitation",7,9,1,Winter
December,2011,Sand/gravel/dirt,"Freezing rain, sleet, hail",1,1,0,Winter
December,2011,Sand/gravel/dirt,Clear and sunny,1,1,0,Winter
December,2011,Muddy,Clear and sunny,3,5,0,Winter
December,2011,Muddy,"Overcast, cloudy but no precipitation",2,2,0,Winter
December,2011,Muddy,Clear and sunny,1,1,0,Winter
December,2011,Oil,Clear and sunny,1,1,0,Winter
December,2011,Other,Clear and sunny,341,452,7,Winter
December,2011,Other,"Overcast, cloudy but no precipitation",3,4,0,Winter
December,2011,Other,Raining,14,21,0,Winter
December,2011,Other,"Snowing, not including drifting snow",133,191,2,Winter
December,2011,Other,"Freezing rain, sleet, hail",10,12,0,Winter
December,2011,Other,Visibility limitation,5,9,1,Winter
December,2011,Other,Strong wind,7,10,0,Winter
December,2011,Other,Other,7,8,0,Winter
December,2011,Other,Clear and sunny,8,9,0,Winter
December,2011,Wet,Clear and sunny,30,37,0,Winter
December,2011,Wet,"Overcast, cloudy but no precipitation",9,13,0,Winter
December,2011,Wet,Raining,3,3,0,Winter
December,2011,Wet,"Snowing, not including drifting snow",3,3,0,Winter
December,2011,Wet,"Freezing rain, sleet, hail",1,1,0,Winter
December,2011,Wet,Other,3,3,0,Winter
December,2011,Wet,Clear and sunny,68,77,3,Winter
December,2012,"Dry, normal",Clear and sunny,2892,3919,50,Winter
December,2012,"Dry, normal","Overcast, cloudy but no precipitation",397,530,7,Winter
December,2012,"Dry, normal",Raining,6,6,0,Winter
December,2012,"Dry, normal","Snowing, not including drifting snow",7,8,0,Winter
December,2012,"Dry, normal",Visibility limitation,9,10,1,Winter
December,2012,"Dry, normal",Strong wind,7,7,0,Winter
December,2012,"Dry, normal",Other,2,2,0,Winter
December,2012,"Dry, normal",Clear and sunny,16,16,1,Winter
December,2012,Wet,Clear and sunny,905,1242,14,Winter
December,2012,Wet,"Overcast, cloudy but no precipitation",508,672,16,Winter
December,2012,Wet,Raining,1118,1511,13,Winter
December,2012,Wet,"Snowing, not including drifting snow",155,198,2,Winter
December,2012,Wet,"Freezing rain, sleet, hail",41,52,0,Winter
December,2012,Wet,Visibility limitation,51,68,0,Winter
December,2012,Wet,Strong wind,6,10,0,Winter
December,2012,Wet,Other,15,15,1,Winter
December,2012,Wet,Clear and sunny,12,15,1,Winter
December,2012,"Snow (fresh, loose snow)",Clear and sunny,239,319,3,Winter
December,2012,"Snow (fresh, loose snow)","Overcast, cloudy but no precipitation",136,163,0,Winter
December,2012,"Snow (fresh, loose snow)",Raining,14,17,0,Winter
December,2012,"Snow (fresh, loose snow)","Snowing, not including drifting snow",761,1035,9,Winter
December,2012,"Snow (fresh, loose snow)","Freezing rain, sleet, hail",11,16,1,Winter
December,2012,"Snow (fresh, loose snow)",Visibility limitation,148,202,2,Winter
December,2012,"Snow (fresh, loose snow)",Strong wind,7,11,0,Winter
December,2012,"Snow (fresh, loose snow)",Clear and sunny,9,16,0,Winter
December,2012,"Slush, wet snow",Clear and sunny,105,132,4,Winter
December,2012,"Slush, wet snow","Overcast, cloudy but no precipitation",77,104,1,Winter
December,2012,"Slush, wet snow",Raining,66,94,0,Winter
December,2012,"Slush, wet snow","Snowing, not including drifting snow",266,379,3,Winter
December,2012,"Slush, wet snow","Freezing rain, sleet, hail",37,47,0,Winter
December,2012,"Slush, wet snow",Visibility limitation,17,28,0,Winter
December,2012,"Slush, wet snow",Strong wind,2,2,0,Winter
December,2012,"Slush, wet snow",Clear and sunny,3,4,0,Winter
December,2012,Icy,Clear and sunny,758,945,6,Winter
December,2012,Icy,"Overcast, cloudy but no precipitation",368,472,5,Winter
December,2012,Icy,Raining,58,80,4,Winter
December,2012,Icy,"Snowing, not including drifting snow",440,591,6,Winter
December,2012,Icy,"Freezing rain, sleet, hail",127,167,2,Winter
December,2012,Icy,Visibility limitation,98,145,2,Winter
December,2012,Icy,Strong wind,15,17,5,Winter
December,2012,Icy,Other,2,2,0,Winter
December,2012,Icy,Clear and sunny,115,140,0,Winter
December,2012,Sand/gravel/dirt,Clear and sunny,12,13,1,Winter
December,2012,Sand/gravel/dirt,"Overcast, cloudy but no precipitation",1,2,1,Winter
December,2012,Sand/gravel/dirt,Visibility limitation,1,1,0,Winter
December,2012,Muddy,Clear and sunny,3,3,0,Winter
December,2012,Muddy,"Overcast, cloudy but no precipitation",1,1,0,Winter
December,2012,Muddy,Raining,3,5,0,Winter
December,2012,Oil,Clear and sunny,2,4,0,Winter
December,2012,Flooded,"Overcast, cloudy but no precipitation",1,2,0,Winter
December,2012,Flooded,Raining,1,1,0,Winter
December,2012,Other,Clear and sunny,663,863,10,Winter
December,2012,Other,"Overcast, cloudy but no precipitation",2,3,0,Winter
December,2012,Other,"Snowing, not including drifting snow",270,361,2,Winter
December,2012,Other,"Freezing rain, sleet, hail",7,15,0,Winter
December,2012,Other,Visibility limitation,14,22,0,Winter
December,2012,Other,Strong wind,6,6,0,Winter
December,2012,Other,Other,11,14,0,Winter
December,2012,Other,Clear and sunny,14,16,0,Winter
December,2012,Wet,Clear and sunny,24,26,1,Winter
December,2012,Wet,"Overcast, cloudy but no precipitation",8,11,0,Winter
December,2012,Wet,Raining,3,3,0,Winter
December,2012,Wet,"Snowing, not including drifting snow",6,8,0,Winter
December,2012,Wet,Visibility limitation,1,1,0,Winter
December,2012,Wet,Other,1,1,0,Winter
December,2012,Wet,Clear and sunny,65,75,0,Winter
December,2013,"Dry, normal",Clear and sunny,2154,2944,27,Winter
December,2013,"Dry, normal","Overcast, cloudy but no precipitation",261,364,1,Winter
December,2013,"Dry, normal",Raining,5,6,0,Winter
December,2013,"Dry, normal","Snowing, not including drifting snow",5,5,0,Winter
December,2013,"Dry, normal","Freezing rain, sleet, hail",1,1,0,Winter
December,2013,"Dry, normal",Visibility limitation,12,17,1,Winter
December,2013,"Dry, normal",Strong wind,8,8,2,Winter
December,2013,"Dry, normal",Other,4,6,0,Winter
December,2013,"Dry, normal",Clear and sunny,6,6,0,Winter
December,2013,Wet,Clear and sunny,907,1273,9,Winter
December,2013,Wet,"Overcast, cloudy but no precipitation",454,649,7,Winter
December,2013,Wet,Raining,355,449,8,Winter
December,2013,Wet,"Snowing, not including drifting snow",161,236,1,Winter
December,2013,Wet,"Freezing rain, sleet, hail",28,35,1,Winter
December,2013,Wet,Visibility limitation,39,57,1,Winter
December,2013,Wet,Strong wind,2,5,0,Winter
December,2013,Wet,Other,1,1,0,Winter
December,2013,Wet,Clear and sunny,6,12,0,Winter
December,2013,"Snow (fresh, loose snow)",Clear and sunny,476,610,6,Winter
December,2013,"Snow (fresh, loose snow)","Overcast, cloudy but no precipitation",207,259,3,Winter
December,2013,"Snow (fresh, loose snow)",Raining,13,15,0,Winter
December,2013,"Snow (fresh, loose snow)","Snowing, not including drifting snow",1107,1439,14,Winter
December,2013,"Snow (fresh, loose snow)","Freezing rain, sleet, hail",12,15,0,Winter
December,2013,"Snow (fresh, loose snow)",Visibility limitation,156,210,1,Winter
December,2013,"Snow (fresh, loose snow)",Strong wind,8,10,0,Winter
December,2013,"Snow (fresh, loose snow)",Clear and sunny,14,18,0,Winter
December,2013,"Slush, wet snow",Clear and sunny,200,263,0,Winter
December,2013,"Slush, wet snow","Overcast, cloudy but no precipitation",97,139,0,Winter
December,2013,"Slush, wet snow",Raining,30,44,1,Winter
December,2013,"Slush, wet snow","Snowing, not including drifting snow",227,305,0,Winter
December,2013,"Slush, wet snow","Freezing rain, sleet, hail",49,69,0,Winter
December,2013,"Slush, wet snow",Visibility limitation,12,15,0,Winter
December,2013,"Slush, wet snow",Clear and sunny,3,4,0,Winter
December,2013,Icy,Clear and sunny,1436,1926,11,Winter
December,2013,Icy,"Overcast, cloudy but no precipitation",392,531,5,Winter
December,2013,Icy,Raining,29,52,5,Winter
December,2013,Icy,"Snowing, not including drifting snow",582,820,5,Winter
December,2013,Icy,"Freezing rain, sleet, hail",135,193,1,Winter
December,2013,Icy,Visibility limitation,112,157,2,Winter
December,2013,Icy,Strong wind,34,43,1,Winter
December,2013,Icy,Other,5,6,0,Winter
December,2013,Icy,Clear and sunny,71,90,0,Winter
December,2013,Sand/gravel/dirt,Clear and sunny,8,9,0,Winter
December,2013,Sand/gravel/dirt,"Overcast, cloudy but no precipitation",2,3,1,Winter
December,2013,Sand/gravel/dirt,Clear and sunny,1,1,0,Winter
December,2013,Muddy,Clear and sunny,2,2,0,Winter
December,2013,Muddy,"Overcast, cloudy but no precipitation",3,6,0,Winter
December,2013,Muddy,Visibility limitation,1,1,0,Winter
December,2013,Other,Clear and sunny,646,838,5,Winter
December,2013,Other,"Overcast, cloudy but no precipitation",4,5,0,Winter
December,2013,Other,Raining,13,16,0,Winter
December,2013,Other,"Snowing, not including drifting snow",414,561,9,Winter
December,2013,Other,"Freezing rain, sleet, hail",11,21,1,Winter
December,2013,Other,Visibility limitation,8,10,0,Winter
December,2013,Other,Strong wind,10,13,0,Winter
December,2013,Other,Other,20,25,0,Winter
December,2013,Other,Clear and sunny,21,25,0,Winter
December,2013,Wet,Clear and sunny,15,22,0,Winter
December,2013,Wet,"Overcast, cloudy but no precipitation",2,2,0,Winter
December,2013,Wet,"Snowing, not including drifting snow",6,8,0,Winter
December,2013,Wet,Other,1,1,0,Winter
December,2013,Wet,Clear and sunny,69,86,2,Winter
December,2014,"Dry, normal",Clear and sunny,3357,4638,56,Winter
December,2014,"Dry, normal","Overcast, cloudy but no precipitation",348,486,10,Winter
December,2014,"Dry, normal",Raining,7,10,0,Winter
December,2014,"Dry, normal","Snowing, not including drifting snow",8,8,0,Winter
December,2014,"Dry, normal",Visibility limitation,28,48,5,Winter
December,2014,"Dry, normal",Strong wind,3,3,0,Winter
December,2014,"Dry, normal",Other,5,9,0,Winter
December,2014,"Dry, normal",Clear and sunny,11,13,0,Winter
December,2014,Wet,Clear and sunny,901,1193,7,Winter
December,2014,Wet,"Overcast, cloudy but no precipitation",500,668,8,Winter
December,2014,Wet,Raining,915,1202,8,Winter
December,2014,Wet,"Snowing, not including drifting snow",136,171,1,Winter
December,2014,Wet,"Freezing rain, sleet, hail",15,19,0,Winter
December,2014,Wet,Visibility limitation,122,178,5,Winter
December,2014,Wet,Strong wind,6,10,0,Winter
December,2014,Wet,Other,9,10,0,Winter
December,2014,Wet,Clear and sunny,7,10,0,Winter
December,2014,"Snow (fresh, loose snow)",Clear and sunny,213,258,1,Winter
December,2014,"Snow (fresh, loose snow)","Overcast, cloudy but no precipitation",91,122,2,Winter
December,2014,"Snow (fresh, loose snow)",Raining,8,14,0,Winter
December,2014,"Snow (fresh, loose snow)","Snowing, not including drifting snow",443,589,5,Winter
December,2014,"Snow (fresh, loose snow)","Freezing rain, sleet, hail",3,4,0,Winter
December,2014,"Snow (fresh, loose snow)",Visibility limitation,70,92,0,Winter
December,2014,"Snow (fresh, loose snow)",Strong wind,6,6,0,Winter
December,2014,"Snow (fresh, loose snow)",Clear and sunny,8,11,0,Winter
December,2014,"Slush, wet snow",Clear and sunny,100,135,1,Winter
December,2014,"Slush, wet snow","Overcast, cloudy but no precipitation",85,116,0,Winter
December,2014,"Slush, wet snow",Raining,36,45,0,Winter
December,2014,"Slush, wet snow","Snowing, not including drifting snow",149,191,1,Winter
December,2014,"Slush, wet snow","Freezing rain, sleet, hail",10,13,0,Winter
December,2014,"Slush, wet snow",Visibility limitation,22,24,1,Winter
December,2014,"Slush, wet snow",Strong wind,2,3,0,Winter
December,2014,"Slush, wet snow",Clear and sunny,1,1,0,Winter
December,2014,Icy,Clear and sunny,756,986,9,Winter
December,2014,Icy,"Overcast, cloudy but no precipitation",279,367,10,Winter
December,2014,Icy,Raining,53,71,3,Winter
December,2014,Icy,"Snowing, not including drifting snow",223,298,3,Winter
December,2014,Icy,"Freezing rain, sleet, hail",109,145,3,Winter
December,2014,Icy,Visibility limitation,81,106,1,Winter
December,2014,Icy,Strong wind,15,17,0,Winter
December,2014,Icy,Other,3,3,0,Winter
December,2014,Icy,Clear and sunny,56,65,0,Winter
December,2014,Sand/gravel/dirt,Clear and sunny,17,20,0,Winter
December,2014,Sand/gravel/dirt,"Overcast, cloudy but no precipitation",6,7,1,Winter
December,2014,Sand/gravel/dirt,Visibility limitation,3,3,0,Winter
December,2014,Muddy,Clear and sunny,2,2,0,Winter
December,2014,Muddy,"Overcast, cloudy but no precipitation",1,2,0,Winter
December,2014,Flooded,Raining,3,3,0,Winter
December,2014,Other,Clear and sunny,576,756,9,Winter
December,2014,Other,"Overcast, cloudy but no precipitation",2,3,0,Winter
December,2014,Other,Raining,13,16,3,Winter
December,2014,Other,"Snowing, not including drifting snow",100,146,1,Winter
December,2014,Other,"Freezing rain, sleet, hail",6,5,1,Winter
December,2014,Other,Visibility limitation,21,30,1,Winter
December,2014,Other,Other,5,5,0,Winter
December,2014,Other,Clear and sunny,9,16,0,Winter
December,2014,Wet,Clear and sunny,27,31,0,Winter
December,2014,Wet,"Overcast, cloudy but no precipitation",6,8,0,Winter
December,2014,Wet,"Snowing, not including drifting snow",3,9,0,Winter
December,2014,Wet,Visibility limitation,1,2,0,Winter
December,2014,Wet,Clear and sunny,61,77,0,Winter
December,2015,"Dry, normal",Clear and sunny,3658,4997,71,Winter
December,2015,"Dry, normal","Overcast, cloudy but no precipitation",509,653,9,Winter
December,2015,"Dry, normal",Raining,7,10,0,Winter
December,2015,"Dry, normal","Snowing, not including drifting snow",4,7,0,Winter
December,2015,"Dry, normal",Visibility limitation,48,67,2,Winter
December,2015,"Dry, normal",Strong wind,10,14,0,Winter
December,2015,"Dry, normal",Other,5,10,0,Winter
December,2015,"Dry, normal",Clear and sunny,27,35,0,Winter
December,2015,Wet,Clear and sunny,779,1036,13,Winter
December,2015,Wet,"Overcast, cloudy but no precipitation",562,752,6,Winter
December,2015,Wet,Raining,1486,1943,18,Winter
December,2015,Wet,"Snowing, not including drifting snow",92,127,2,Winter
December,2015,Wet,"Freezing rain, sleet, hail",17,21,0,Winter
December,2015,Wet,Visibility limitation,123,173,1,Winter
December,2015,Wet,Strong wind,2,2,0,Winter
December,2015,Wet,Other,12,14,0,Winter
December,2015,Wet,Clear and sunny,14,15,0,Winter
December,2015,"Snow (fresh, loose snow)",Clear and sunny,167,215,0,Winter
December,2015,"Snow (fresh, loose snow)","Overcast, cloudy but no precipitation",131,181,3,Winter
December,2015,"Snow (fresh, loose snow)",Raining,8,10,1,Winter
December,2015,"Snow (fresh, loose snow)","Snowing, not including drifting snow",473,613,4,Winter
December,2015,"Snow (fresh, loose snow)","Freezing rain, sleet, hail",6,7,0,Winter
December,2015,"Snow (fresh, loose snow)",Visibility limitation,59,82,0,Winter
December,2015,"Snow (fresh, loose snow)",Strong wind,2,2,0,Winter
December,2015,"Snow (fresh, loose snow)",Clear and sunny,10,15,0,Winter
December,2015,"Slush, wet snow",Clear and sunny,57,78,1,Winter
December,2015,"Slush, wet snow","Overcast, cloudy but no precipitation",47,83,0,Winter
December,2015,"Slush, wet snow",Raining,40,62,0,Winter
December,2015,"Slush, wet snow","Snowing, not including drifting snow",129,178,4,Winter
December,2015,"Slush, wet snow","Freezing rain, sleet, hail",17,21,0,Winter
December,2015,"Slush, wet snow",Visibility limitation,13,14,0,Winter
December,2015,"Slush, wet snow",Strong wind,1,1,0,Winter
December,2015,Icy,Clear and sunny,398,536,9,Winter
December,2015,Icy,"Overcast, cloudy but no precipitation",240,330,6,Winter
December,2015,Icy,Raining,45,51,3,Winter
December,2015,Icy,"Snowing, not including drifting snow",228,304,2,Winter
December,2015,Icy,"Freezing rain, sleet, hail",113,145,1,Winter
December,2015,Icy,Visibility limitation,41,48,1,Winter
December,2015,Icy,Strong wind,6,8,0,Winter
December,2015,Icy,Other,2,2,0,Winter
December,2015,Icy,Clear and sunny,34,41,1,Winter
December,2015,Sand/gravel/dirt,Clear and sunny,10,11,0,Winter
December,2015,Sand/gravel/dirt,Raining,5,5,0,Winter
December,2015,Sand/gravel/dirt,"Snowing, not including drifting snow",1,1,0,Winter
December,2015,Sand/gravel/dirt,Clear and sunny,1,1,0,Winter
December,2015,Muddy,Clear and sunny,4,7,0,Winter
December,2015,Muddy,"Overcast, cloudy but no precipitation",1,1,0,Winter
December,2015,Other,Clear and sunny,393,519,4,Winter
December,2015,Other,"Overcast, cloudy but no precipitation",2,5,0,Winter
December,2015,Other,Raining,4,6,0,Winter
December,2015,Other,"Snowing, not including drifting snow",220,307,2,Winter
December,2015,Other,"Freezing rain, sleet, hail",6,6,0,Winter
December,2015,Other,Visibility limitation,29,38,0,Winter
December,2015,Other,Strong wind,3,3,0,Winter
December,2015,Other,Other,6,8,0,Winter
December,2015,Other,Clear and sunny,16,21,0,Winter
December,2015,Wet,Clear and sunny,24,30,1,Winter
December,2015,Wet,"Overcast, cloudy but no precipitation",3,3,0,Winter
December,2015,Wet,Raining,1,1,0,Winter
December,2015,Wet,"Snowing, not including drifting snow",3,3,0,Winter
December,2015,Wet,Clear and sunny,69,77,1,Winter
December,2016,"Dry, normal",Clear and sunny,2619,3537,47,Winter
December,2016,"Dry, normal","Overcast, cloudy but no precipitation",287,394,6,Winter
December,2016,"Dry, normal",Raining,2,2,0,Winter
December,2016,"Dry, normal","Snowing, not including drifting snow",15,22,0,Winter
December,2016,"Dry, normal",Visibility limitation,12,15,0,Winter
December,2016,"Dry, normal",Strong wind,13,22,0,Winter
December,2016,"Dry, normal",Other,4,5,0,Winter
December,2016,"Dry, normal",Clear and sunny,29,31,0,Winter
December,2016,Wet,Clear and sunny,1010,1410,17,Winter
December,2016,Wet,"Overcast, cloudy but no precipitation",456,612,2,Winter
December,2016,Wet,Raining,473,613,7,Winter
December,2016,Wet,"Snowing, not including drifting snow",219,300,3,Winter
December,2016,Wet,"Freezing rain, sleet, hail",13,17,0,Winter
December,2016,Wet,Visibility limitation,19,27,2,Winter
December,2016,Wet,Strong wind,2,3,0,Winter
December,2016,Wet,Other,2,5,0,Winter
December,2016,Wet,Clear and sunny,5,7,0,Winter
December,2016,"Snow (fresh, loose snow)",Clear and sunny,409,535,3,Winter
December,2016,"Snow (fresh, loose snow)","Overcast, cloudy but no precipitation",186,253,3,Winter
December,2016,"Snow (fresh, loose snow)",Raining,7,7,0,Winter
December,2016,"Snow (fresh, loose snow)","Snowing, not including drifting snow",1070,1404,5,Winter
December,2016,"Snow (fresh, loose snow)","Freezing rain, sleet, hail",5,5,0,Winter
December,2016,"Snow (fresh, loose snow)",Visibility limitation,184,248,1,Winter
December,2016,"Snow (fresh, loose snow)",Strong wind,13,16,0,Winter
December,2016,"Snow (fresh, loose snow)",Other,1,1,0,Winter
December,2016,"Snow (fresh, loose snow)",Clear and sunny,16,21,0,Winter
December,2016,"Slush, wet snow",Clear and sunny,195,247,4,Winter
December,2016,"Slush, wet snow","Overcast, cloudy but no precipitation",94,120,0,Winter
December,2016,"Slush, wet snow",Raining,36,45,1,Winter
December,2016,"Slush, wet snow","Snowing, not including drifting snow",236,297,1,Winter
December,2016,"Slush, wet snow","Freezing rain, sleet, hail",16,20,0,Winter
December,2016,"Slush, wet snow",Visibility limitation,15,17,0,Winter
December,2016,"Slush, wet snow",Strong wind,2,2,0,Winter
December,2016,"Slush, wet snow",Other,2,3,0,Winter
December,2016,"Slush, wet snow",Clear and sunny,4,6,0,Winter
December,2016,Icy,Clear and sunny,906,1210,10,Winter
December,2016,Icy,"Overcast, cloudy but no precipitation",347,463,3,Winter
December,2016,Icy,Raining,35,42,3,Winter
December,2016,Icy,"Snowing, not including drifting snow",523,731,2,Winter
December,2016,Icy,"Freezing rain, sleet, hail",164,225,0,Winter
December,2016,Icy,Visibility limitation,113,144,3,Winter
December,2016,Icy,Strong wind,28,41,1,Winter
December,2016,Icy,Other,5,5,0,Winter
December,2016,Icy,Clear and sunny,35,42,1,Winter
December,2016,Sand/gravel/dirt,Clear and sunny,3,3,0,Winter
December,2016,Sand/gravel/dirt,"Overcast, cloudy but no precipitation",2,6,1,Winter
December,2016,Sand/gravel/dirt,Visibility limitation,1,1,0,Winter
December,2016,Sand/gravel/dirt,Other,1,1,0,Winter
December,2016,Muddy,"Overcast, cloudy but no precipitation",1,1,0,Winter
December,2016,Other,Clear and sunny,478,638,7,Winter
December,2016,Other,"Overcast, cloudy but no precipitation",4,4,0,Winter
December,2016,Other,Raining,3,3,0,Winter
December,2016,Other,"Snowing, not including drifting snow",254,349,8,Winter
December,2016,Other,"Freezing rain, sleet, hail",3,3,0,Winter
December,2016,Other,Visibility limitation,5,7,1,Winter
December,2016,Other,Strong wind,13,16,1,Winter
December,2016,Other,Other,4,4,0,Winter
December,2016,Other,Clear and sunny,15,27,0,Winter
December,2016,Wet,Clear and sunny,27,34,1,Winter
December,2016,Wet,"Overcast, cloudy but no precipitation",6,8,0,Winter
December,2016,Wet,Raining,2,2,0,Winter
December,2016,Wet,"Snowing, not including drifting snow",8,12,0,Winter
December,2016,Wet,Visibility limitation,3,5,0,Winter
December,2016,Wet,Clear and sunny,69,77,2,Winter
December,2017,"Dry, normal",Clear and sunny,3443,4627,68,Winter
December,2017,"Dry, normal","Overcast, cloudy but no precipitation",427,586,9,Winter
December,2017,"Dry, normal",Raining,6,6,0,Winter
December,2017,"Dry, normal","Snowing, not including drifting snow",8,14,0,Winter
December,2017,"Dry, normal",Visibility limitation,41,60,0,Winter
December,2017,"Dry, normal",Strong wind,9,11,1,Winter
December,2017,"Dry, normal",Other,7,7,0,Winter
December,2017,"Dry, normal",Clear and sunny,20,23,0,Winter
December,2017,Wet,Clear and sunny,941,1293,17,Winter
December,2017,Wet,"Overcast, cloudy but no precipitation",308,395,6,Winter
December,2017,Wet,Raining,438,572,8,Winter
December,2017,Wet,"Snowing, not including drifting snow",168,243,4,Winter
December,2017,Wet,"Freezing rain, sleet, hail",7,8,0,Winter
December,2017,Wet,Visibility limitation,62,88,2,Winter
December,2017,Wet,Strong wind,8,9,0,Winter
December,2017,Wet,Other,2,2,0,Winter
December,2017,Wet,Clear and sunny,10,13,0,Winter
December,2017,"Snow (fresh, loose snow)",Clear and sunny,381,473,2,Winter
December,2017,"Snow (fresh, loose snow)","Overcast, cloudy but no precipitation",179,199,2,Winter
December,2017,"Snow (fresh, loose snow)",Raining,7,8,0,Winter
December,2017,"Snow (fresh, loose snow)","Snowing, not including drifting snow",958,1269,14,Winter
December,2017,"Snow (fresh, loose snow)","Freezing rain, sleet, hail",1,1,0,Winter
December,2017,"Snow (fresh, loose snow)",Visibility limitation,163,220,1,Winter
December,2017,"Snow (fresh, loose snow)",Strong wind,11,15,0,Winter
December,2017,"Snow (fresh, loose snow)",Other,3,5,0,Winter
December,2017,"Snow (fresh, loose snow)",Clear and sunny,11,19,0,Winter
December,2017,"Slush, wet snow",Clear and sunny,185,249,0,Winter
December,2017,"Slush, wet snow","Overcast, cloudy but no precipitation",74,105,0,Winter
December,2017,"Slush, wet snow",Raining,23,29,1,Winter
December,2017,"Slush, wet snow","Snowing, not including drifting snow",175,235,0,Winter
December,2017,"Slush, wet snow","Freezing rain, sleet, hail",9,11,0,Winter
December,2017,"Slush, wet snow",Visibility limitation,10,12,0,Winter
December,2017,"Slush, wet snow",Strong wind,1,1,0,Winter
December,2017,"Slush, wet snow",Other,2,3,0,Winter
December,2017,"Slush, wet snow",Clear and sunny,1,1,0,Winter
December,2017,Icy,Clear and sunny,944,1274,8,Winter
December,2017,Icy,"Overcast, cloudy but no precipitation",297,401,5,Winter
December,2017,Icy,Raining,15,20,3,Winter
December,2017,Icy,"Snowing, not including drifting snow",432,586,3,Winter
December,2017,Icy,"Freezing rain, sleet, hail",36,42,1,Winter
December,2017,Icy,Visibility limitation,102,146,4,Winter
December,2017,Icy,Strong wind,22,36,0,Winter
December,2017,Icy,Other,7,8,0,Winter
December,2017,Icy,Clear and sunny,32,36,0,Winter
December,2017,Sand/gravel/dirt,Clear and sunny,11,14,0,Winter
December,2017,Sand/gravel/dirt,"Overcast, cloudy but no precipitation",6,9,1,Winter
December,2017,Sand/gravel/dirt,"Snowing, not including drifting snow",1,1,0,Winter
December,2017,Muddy,Clear and sunny,1,1,0,Winter
December,2017,Muddy,Raining,1,1,0,Winter
December,2017,Oil,Clear and sunny,3,4,0,Winter
December,2017,Other,Clear and sunny,350,449,3,Winter
December,2017,Other,"Overcast, cloudy but no precipitation",7,7,0,Winter
December,2017,Other,Raining,6,7,0,Winter
December,2017,Other,"Snowing, not including drifting snow",192,245,8,Winter
December,2017,Other,"Freezing rain, sleet, hail",4,5,1,Winter
December,2017,Other,Visibility limitation,8,9,0,Winter
December,2017,Other,Strong wind,8,9,0,Winter
December,2017,Other,Other,8,11,0,Winter
December,2017,Other,Clear and sunny,5,5,0,Winter
December,2017,Wet,Clear and sunny,25,30,0,Winter
December,2017,Wet,"Overcast, cloudy but no precipitation",10,10,1,Winter
December,2017,Wet,Raining,3,4,0,Winter
December,2017,Wet,"Snowing, not including drifting snow",5,6,0,Winter
December,2017,Wet,Visibility limitation,1,1,0,Winter
December,2017,Wet,Strong wind,1,1,0,Winter
December,2017,Wet,Clear and sunny,69,88,1,Winter
December,2018,"Dry, normal",Clear and sunny,3481,4781,59,Winter
December,2018,"Dry, normal","Overcast, cloudy but no precipitation",389,531,10,Winter
December,2018,"Dry, normal",Raining,1,1,0,Winter
December,2018,"Dry, normal","Snowing, not including drifting snow",7,7,1,Winter
December,2018,"Dry, normal","Freezing rain, sleet, hail",1,1,0,Winter
December,2018,"Dry, normal",Visibility limitation,9,11,0,Winter
December,2018,"Dry, normal",Strong wind,15,20,0,Winter
December,2018,"Dry, normal",Other,8,8,2,Winter
December,2018,"Dry, normal",Clear and sunny,23,26,2,Winter
December,2018,Wet,Clear and sunny,857,1163,7,Winter
December,2018,Wet,"Overcast, cloudy but no precipitation",425,562,7,Winter
December,2018,Wet,Raining,787,1096,6,Winter
December,2018,Wet,"Snowing, not including drifting snow",162,199,1,Winter
December,2018,Wet,"Freezing rain, sleet, hail",21,29,0,Winter
December,2018,Wet,Visibility limitation,50,68,1,Winter
December,2018,Wet,Strong wind,6,5,1,Winter
December,2018,Wet,Other,5,5,0,Winter
December,2018,Wet,Clear and sunny,5,5,0,Winter
December,2018,"Snow (fresh, loose snow)",Clear and sunny,189,234,2,Winter
December,2018,"Snow (fresh, loose snow)","Overcast, cloudy but no precipitation",89,111,0,Winter
December,2018,"Snow (fresh, loose snow)",Raining,7,8,0,Winter
December,2018,"Snow (fresh, loose snow)","Snowing, not including drifting snow",377,514,7,Winter
December,2018,"Snow (fresh, loose snow)","Freezing rain, sleet, hail",4,4,0,Winter
December,2018,"Snow (fresh, loose snow)",Visibility limitation,35,48,0,Winter
December,2018,"Snow (fresh, loose snow)",Strong wind,4,5,0,Winter
December,2018,"Snow (fresh, loose snow)",Other,1,1,0,Winter
December,2018,"Snow (fresh, loose snow)",Clear and sunny,9,12,0,Winter
December,2018,"Slush, wet snow",Clear and sunny,95,134,1,Winter
December,2018,"Slush, wet snow","Overcast, cloudy but no precipitation",41,55,0,Winter
December,2018,"Slush, wet snow",Raining,26,33,0,Winter
December,2018,"Slush, wet snow","Snowing, not including drifting snow",114,148,2,Winter
December,2018,"Slush, wet snow","Freezing rain, sleet, hail",21,29,0,Winter
December,2018,"Slush, wet snow",Visibility limitation,2,4,0,Winter
December,2018,"Slush, wet snow",Strong wind,1,1,0,Winter
December,2018,"Slush, wet snow",Other,2,4,0,Winter
December,2018,"Slush, wet snow",Clear and sunny,3,6,0,Winter
December,2018,Icy,Clear and sunny,581,763,7,Winter
December,2018,Icy,"Overcast, cloudy but no precipitation",222,301,2,Winter
December,2018,Icy,Raining,64,80,3,Winter
December,2018,Icy,"Snowing, not including drifting snow",228,298,2,Winter
December,2018,Icy,"Freezing rain, sleet, hail",96,125,0,Winter
December,2018,Icy,Visibility limitation,49,64,0,Winter
December,2018,Icy,Strong wind,10,19,0,Winter
December,2018,Icy,Other,3,3,0,Winter
December,2018,Icy,Clear and sunny,22,29,0,Winter
December,2018,Sand/gravel/dirt,Clear and sunny,6,8,0,Winter
December,2018,Sand/gravel/dirt,"Overcast, cloudy but no precipitation",3,3,0,Winter
December,2018,Sand/gravel/dirt,Visibility limitation,2,2,0,Winter
December,2018,Sand/gravel/dirt,Other,1,1,0,Winter
December,2018,Muddy,Raining,1,1,0,Winter
December,2018,Other,Clear and sunny,314,417,6,Winter
December,2018,Other,"Overcast, cloudy but no precipitation",5,5,0,Winter
December,2018,Other,Raining,10,13,0,Winter
December,2018,Other,"Snowing, not including drifting snow",203,306,3,Winter
December,2018,Other,"Freezing rain, sleet, hail",7,11,1,Winter
December,2018,Other,Visibility limitation,6,6,0,Winter
December,2018,Other,Strong wind,9,13,1,Winter
December,2018,Other,Other,6,10,0,Winter
December,2018,Other,Clear and sunny,10,15,0,Winter
December,2018,Wet,Clear and sunny,22,33,0,Winter
December,2018,Wet,"Overcast, cloudy but no precipitation",10,10,0,Winter
December,2018,Wet,Raining,1,1,0,Winter
December,2018,Wet,"Snowing, not including drifting snow",3,3,0,Winter
December,2018,Wet,"Freezing rain, sleet, hail",2,2,0,Winter
December,2018,Wet,Clear and sunny,70,82,2,Winter
December,2019,"Dry, normal",Clear and sunny,3042,4146,42,Winter
December,2019,"Dry, normal","Overcast, cloudy but no precipitation",368,506,3,Winter
December,2019,"Dry, normal",Raining,9,12,0,Winter
December,2019,"Dry, normal","Snowing, not including drifting snow",8,9,0,Winter
December,2019,"Dry, normal",Visibility limitation,13,17,0,Winter
December,2019,"Dry, normal",Strong wind,8,9,0,Winter
December,2019,"Dry, normal",Other,3,3,0,Winter
December,2019,"Dry, normal",Clear and sunny,16,24,0,Winter
December,2019,Wet,Clear and sunny,930,1233,15,Winter
December,2019,Wet,"Overcast, cloudy but no precipitation",329,415,6,Winter
December,2019,Wet,Raining,685,912,7,Winter
December,2019,Wet,"Snowing, not including drifting snow",160,210,2,Winter
December,2019,Wet,"Freezing rain, sleet, hail",12,14,0,Winter
December,2019,Wet,Visibility limitation,29,48,2,Winter
December,2019,Wet,Strong wind,3,5,0,Winter
December,2019,Wet,Other,4,5,1,Winter
December,2019,Wet,Clear and sunny,18,20,1,Winter
December,2019,"Snow (fresh, loose snow)",Clear and sunny,194,237,1,Winter
December,2019,"Snow (fresh, loose snow)","Overcast, cloudy but no precipitation",93,114,2,Winter
December,2019,"Snow (fresh, loose snow)",Raining,3,3,0,Winter
December,2019,"Snow (fresh, loose snow)","Snowing, not including drifting snow",517,697,5,Winter
December,2019,"Snow (fresh, loose snow)","Freezing rain, sleet, hail",5,9,0,Winter
December,2019,"Snow (fresh, loose snow)",Visibility limitation,57,74,1,Winter
December,2019,"Snow (fresh, loose snow)",Strong wind,7,8,0,Winter
December,2019,"Snow (fresh, loose snow)",Clear and sunny,8,11,0,Winter
December,2019,"Slush, wet snow",Clear and sunny,90,123,3,Winter
December,2019,"Slush, wet snow","Overcast, cloudy but no precipitation",56,78,0,Winter
December,2019,"Slush, wet snow",Raining,26,35,0,Winter
December,2019,"Slush, wet snow","Snowing, not including drifting snow",174,238,2,Winter
December,2019,"Slush, wet snow","Freezing rain, sleet, hail",31,48,1,Winter
December,2019,"Slush, wet snow",Visibility limitation,6,12,0,Winter
December,2019,"Slush, wet snow",Strong wind,2,2,0,Winter
December,2019,"Slush, wet snow",Other,2,3,0,Winter
December,2019,Icy,Clear and sunny,581,724,10,Winter
December,2019,Icy,"Overcast, cloudy but no precipitation",190,249,5,Winter
December,2019,Icy,Raining,48,61,4,Winter
December,2019,Icy,"Snowing, not including drifting snow",330,479,5,Winter
December,2019,Icy,"Freezing rain, sleet, hail",150,202,4,Winter
December,2019,Icy,Visibility limitation,46,69,0,Winter
December,2019,Icy,Strong wind,9,12,0,Winter
December,2019,Icy,Other,4,6,0,Winter
December,2019,Icy,Clear and sunny,35,43,2,Winter
December,2019,Sand/gravel/dirt,Clear and sunny,6,6,1,Winter
December,2019,Sand/gravel/dirt,Other,1,1,0,Winter
December,2019,Muddy,Clear and sunny,1,1,0,Winter
December,2019,Other,Clear and sunny,356,468,8,Winter
December,2019,Other,"Overcast, cloudy but no precipitation",2,3,0,Winter
December,2019,Other,Raining,2,3,0,Winter
December,2019,Other,"Snowing, not including drifting snow",211,275,6,Winter
December,2019,Other,"Freezing rain, sleet, hail",2,3,0,Winter
December,2019,Other,Visibility limitation,16,21,2,Winter
December,2019,Other,Strong wind,6,8,0,Winter
December,2019,Other,Other,15,15,0,Winter
December,2019,Other,Clear and sunny,9,9,0,Winter
December,2019,Wet,Clear and sunny,22,24,0,Winter
December,2019,Wet,"Overcast, cloudy but no precipitation",3,5,0,Winter
December,2019,Wet,Raining,1,1,0,Winter
December,2019,Wet,"Snowing, not including drifting snow",6,6,0,Winter
December,2019,Wet,Strong wind,1,1,0,Winter
December,2019,Wet,Clear and sunny,64,78,3,Winter
December,2020,"Dry, normal",Clear and sunny,2135,2793,34,Winter
December,2020,"Dry, normal","Overcast, cloudy but no precipitation",308,402,5,Winter
December,2020,"Dry, normal",Raining,9,12,0,Winter
December,2020,"Dry, normal","Snowing, not including drifting snow",4,4,0,Winter
December,2020,"Dry, normal","Freezing rain, sleet, hail",1,1,0,Winter
December,2020,"Dry, normal",Visibility limitation,11,13,1,Winter
December,2020,"Dry, normal",Strong wind,7,11,0,Winter
December,2020,"Dry, normal",Other,2,3,0,Winter
December,2020,"Dry, normal",Clear and sunny,13,13,1,Winter
December,2020,Wet,Clear and sunny,441,589,9,Winter
December,2020,Wet,"Overcast, cloudy but no precipitation",319,400,8,Winter
December,2020,Wet,Raining,691,934,10,Winter
December,2020,Wet,"Snowing, not including drifting snow",133,178,2,Winter
December,2020,Wet,"Freezing rain, sleet, hail",8,9,0,Winter
December,2020,Wet,Visibility limitation,27,39,1,Winter
December,2020,Wet,Strong wind,3,3,0,Winter
December,2020,Wet,Other,4,4,0,Winter
December,2020,Wet,Clear and sunny,11,11,1,Winter
December,2020,"Snow (fresh, loose snow)",Clear and sunny,131,146,4,Winter
December,2020,"Snow (fresh, loose snow)","Overcast, cloudy but no precipitation",71,92,2,Winter
December,2020,"Snow (fresh, loose snow)",Raining,2,3,0,Winter
December,2020,"Snow (fresh, loose snow)","Snowing, not including drifting snow",467,580,8,Winter
December,2020,"Snow (fresh, loose snow)","Freezing rain, sleet, hail",5,10,0,Winter
December,2020,"Snow (fresh, loose snow)",Visibility limitation,15,21,0,Winter
December,2020,"Snow (fresh, loose snow)",Strong wind,5,6,0,Winter
December,2020,"Snow (fresh, loose snow)",Other,1,2,0,Winter
December,2020,"Snow (fresh, loose snow)",Clear and sunny,16,23,0,Winter
December,2020,"Slush, wet snow",Clear and sunny,74,99,0,Winter
December,2020,"Slush, wet snow","Overcast, cloudy but no precipitation",54,79,1,Winter
December,2020,"Slush, wet snow",Raining,16,19,0,Winter
December,2020,"Slush, wet snow","Snowing, not including drifting snow",136,171,0,Winter
December,2020,"Slush, wet snow","Freezing rain, sleet, hail",13,18,0,Winter
December,2020,"Slush, wet snow",Visibility limitation,2,2,0,Winter
December,2020,"Slush, wet snow",Strong wind,1,1,0,Winter
December,2020,"Slush, wet snow",Other,2,5,0,Winter
December,2020,Icy,Clear and sunny,327,426,10,Winter
December,2020,Icy,"Overcast, cloudy but no precipitation",128,168,6,Winter
December,2020,Icy,Raining,19,23,4,Winter
December,2020,Icy,"Snowing, not including drifting snow",232,310,3,Winter
December,2020,Icy,"Freezing rain, sleet, hail",37,53,0,Winter
December,2020,Icy,Visibility limitation,24,30,0,Winter
December,2020,Icy,Strong wind,8,8,0,Winter
December,2020,Icy,Other,2,2,0,Winter
December,2020,Icy,Clear and sunny,28,33,0,Winter
December,2020,Sand/gravel/dirt,Clear and sunny,9,11,1,Winter
December,2020,Sand/gravel/dirt,"Overcast, cloudy but no precipitation",1,1,0,Winter
December,2020,Sand/gravel/dirt,Other,1,1,0,Winter
December,2020,Muddy,Clear and sunny,1,1,0,Winter
December,2020,Muddy,"Overcast, cloudy but no precipitation",1,1,0,Winter
December,2020,Muddy,"Snowing, not including drifting snow",1,0,1,Winter
December,2020,Other,Clear and sunny,168,208,2,Winter
December,2020,Other,"Overcast, cloudy but no precipitation",1,1,0,Winter
December,2020,Other,Raining,7,7,0,Winter
December,2020,Other,"Snowing, not including drifting snow",103,126,4,Winter
December,2020,Other,Visibility limitation,3,3,0,Winter
December,2020,Other,Strong wind,7,8,1,Winter
December,2020,Other,Other,3,3,0,Winter
December,2020,Other,Clear and sunny,5,5,0,Winter
December,2020,Wet,Clear and sunny,11,13,0,Winter
December,2020,Wet,"Overcast, cloudy but no precipitation",4,6,0,Winter
December,2020,Wet,Raining,1,1,0,Winter
December,2020,Wet,"Snowing, not including drifting snow",5,5,0,Winter
December,2020,Wet,Clear and sunny,47,55,0,Winter
December,2021,"Dry, normal",Clear and sunny,2336,3110,46,Winter
December,2021,"Dry, normal","Overcast, cloudy but no precipitation",299,424,3,Winter
December,2021,"Dry, normal",Raining,9,11,1,Winter
December,2021,"Dry, normal","Snowing, not including drifting snow",6,7,0,Winter
December,2021,"Dry, normal",Visibility limitation,11,12,0,Winter
December,2021,"Dry, normal",Strong wind,38,41,2,Winter
December,2021,"Dry, normal",Other,5,7,0,Winter
December,2021,"Dry, normal",Clear and sunny,16,24,0,Winter
December,2021,Wet,Clear and sunny,593,794,6,Winter
December,2021,Wet,"Overcast, cloudy but no precipitation",333,413,7,Winter
December,2021,Wet,Raining,618,807,9,Winter
December,2021,Wet,"Snowing, not including drifting snow",116,141,4,Winter
December,2021,Wet,"Freezing rain, sleet, hail",12,12,1,Winter
December,2021,Wet,Visibility limitation,26,33,1,Winter
December,2021,Wet,Strong wind,15,20,1,Winter
December,2021,Wet,Other,3,5,0,Winter
December,2021,Wet,Clear and sunny,8,8,1,Winter
December,2021,"Snow (fresh, loose snow)",Clear and sunny,212,271,0,Winter
December,2021,"Snow (fresh, loose snow)","Overcast, cloudy but no precipitation",86,106,1,Winter
December,2021,"Snow (fresh, loose snow)",Raining,6,8,0,Winter
December,2021,"Snow (fresh, loose snow)","Snowing, not including drifting snow",471,637,7,Winter
December,2021,"Snow (fresh, loose snow)","Freezing rain, sleet, hail",3,3,0,Winter
December,2021,"Snow (fresh, loose snow)",Visibility limitation,20,27,2,Winter
December,2021,"Snow (fresh, loose snow)",Strong wind,4,5,0,Winter
December,2021,"Snow (fresh, loose snow)",Other,2,2,0,Winter
December,2021,"Snow (fresh, loose snow)",Clear and sunny,12,20,0,Winter
December,2021,"Slush, wet snow",Clear and sunny,81,102,0,Winter
December,2021,"Slush, wet snow","Overcast, cloudy but no precipitation",44,63,0,Winter
December,2021,"Slush, wet snow",Raining,44,53,3,Winter
December,2021,"Slush, wet snow","Snowing, not including drifting snow",108,148,1,Winter
December,2021,"Slush, wet snow","Freezing rain, sleet, hail",21,26,0,Winter
December,2021,"Slush, wet snow",Visibility limitation,5,5,0,Winter
December,2021,"Slush, wet snow",Strong wind,1,1,0,Winter
December,2021,Icy,Clear and sunny,545,702,8,Winter
December,2021,Icy,"Overcast, cloudy but no precipitation",162,206,4,Winter
December,2021,Icy,Raining,34,43,4,Winter
December,2021,Icy,"Snowing, not including drifting snow",218,321,4,Winter
December,2021,Icy,"Freezing rain, sleet, hail",61,81,3,Winter
December,2021,Icy,Visibility limitation,20,24,0,Winter
December,2021,Icy,Strong wind,19,25,1,Winter
December,2021,Icy,Other,3,2,1,Winter
December,2021,Icy,Clear and sunny,58,73,1,Winter
December,2021,Sand/gravel/dirt,Clear and sunny,9,9,0,Winter
December,2021,Sand/gravel/dirt,"Overcast, cloudy but no precipitation",4,8,1,Winter
December,2021,Sand/gravel/dirt,"Snowing, not including drifting snow",2,3,0,Winter
December,2021,Other,Clear and sunny,511,669,5,Winter
December,2021,Other,"Overcast, cloudy but no precipitation",3,3,0,Winter
December,2021,Other,Raining,13,15,0,Winter
December,2021,Other,"Snowing, not including drifting snow",366,497,6,Winter
December,2021,Other,"Freezing rain, sleet, hail",4,4,0,Winter
December,2021,Other,Visibility limitation,2,2,0,Winter
December,2021,Other,Strong wind,6,7,0,Winter
December,2021,Other,Other,8,8,0,Winter
December,2021,Other,Clear and sunny,21,25,0,Winter
December,2021,Wet,Clear and sunny,16,21,0,Winter
December,2021,Wet,"Overcast, cloudy but no precipitation",7,9,0,Winter
December,2021,Wet,Raining,1,1,0,Winter
December,2021,Wet,"Snowing, not including drifting snow",7,8,1,Winter
December,2021,Wet,Visibility limitation,1,1,0,Winter
December,2021,Wet,Clear and sunny,56,66,6,Winter
January,2010,"Dry, normal",Clear and sunny,4,4,0,Winter
January,2010,Wet,Raining,1,1,0,Winter
January,2010,Other,"Snowing, not including drifting snow",1,1,0,Winter
January,2010,Wet,Clear and sunny,4,6,0,Winter
January,2011,"Dry, normal",Clear and sunny,3,5,0,Winter
January,2011,Icy,Clear and sunny,1,1,0,Winter
January,2011,Sand/gravel/dirt,Clear and sunny,1,2,0,Winter
January,2011,Muddy,Clear and sunny,1,1,0,Winter
January,2011,Other,Clear and sunny,3,4,0,Winter
January,2011,Other,"Snowing, not including drifting snow",1,2,0,Winter
January,2011,Wet,Clear and sunny,1,2,0,Winter
January,2012,"Dry, normal",Clear and sunny,5,5,0,Winter
January,2012,Wet,Clear and sunny,1,1,0,Winter
January,2012,Icy,Clear and sunny,1,1,0,Winter
January,2012,Other,Clear and sunny,2,2,0,Winter
January,2012,Other,"Snowing, not including drifting snow",1,1,0,Winter
January,2012,Wet,Clear and sunny,2,2,2,Winter
January,2013,"Dry, normal",Clear and sunny,2,2,0,Winter
January,2013,Icy,"Overcast, cloudy but no precipitation",1,1,0,Winter
January,2013,Wet,Clear and sunny,1,2,0,Winter
January,2014,"Dry, normal",Clear and sunny,1,1,0,Winter
January,2014,"Slush, wet snow","Overcast, cloudy but no precipitation",1,0,1,Winter
January,2014,Icy,Clear and sunny,1,1,0,Winter
January,2014,Wet,Clear and sunny,1,2,0,Winter
January,2015,"Dry, normal",Clear and sunny,3,3,0,Winter
January,2015,Wet,Visibility limitation,1,3,0,Winter
January,2015,Icy,Clear and sunny,1,1,0,Winter
January,2015,Wet,Clear and sunny,1,1,0,Winter
January,2016,"Snow (fresh, loose snow)",Clear and sunny,1,1,0,Winter
January,2016,Other,Clear and sunny,1,1,0,Winter
January,2016,Wet,Clear and sunny,1,2,0,Winter
January,2017,"Dry, normal",Clear and sunny,1,2,0,Winter
January,2017,Wet,Clear and sunny,1,2,0,Winter
January,2018,Icy,Clear and sunny,1,3,0,Winter
January,2019,Icy,Other,1,0,1,Winter
January,2020,Icy,Other,1,0,1,Winter
January,2021,Icy,Other,1,0,1,Winter
January,2021,Wet,Clear and sunny,1,2,0,Winter
